/* generato da bake3d.py da p_sonc.bcres — asset originali */
#include "model3d.h"

const u8 sonic_tex0_px[] = {
  0xee,0xee,0xee,0xee,0xca,0xca,0xca,0xca,0x00,0x00,0x70,0x70,0x54,0x54,0x54,0x54,
  0xcb,0xcb,0x96,0x96,0x03,0x03,0x03,0x03,0x65,0x65,0x08,0x08,0x3f,0x3f,0x08,0x08,
  0x0b,0x0b,0x0b,0x0b,0x08,0x08,0x08,0x08,0x08,0x08,0x08,0x08,0x08,0x08,0x08,0x08,
  0x4c,0x93,0x93,0x93,0x93,0xf0,0xf0,0x93,0xf0,0xc2,0xc2,0xcc,0xef,0xff,0xff,0xfd,
  0xf2,0xfb,0xf2,0xfb,0xc6,0x94,0xc6,0xc6,0xc6,0x94,0xc6,0xc6,0xc6,0x94,0xc6,0xc6,
  0xc6,0x94,0xc6,0xc6,0xc6,0xc6,0x0c,0x0c,0x08,0xa6,0x08,0x08,0x2a,0x2a,0x90,0x90,
  0x08,0x08,0x08,0x08,0x08,0x08,0x08,0x08,0x08,0x08,0x08,0x08,0x62,0x62,0x04,0x0a,
  0x04,0x04,0x04,0x62,0x68,0x68,0x68,0x68,0x8a,0x8a,0x99,0x99,0x0b,0x0b,0x01,0x01,
  0xee,0xee,0xee,0xee,0xca,0xca,0xca,0xca,0x00,0x00,0x70,0x70,0x54,0x54,0x54,0x54,
  0xcb,0xcb,0x96,0x96,0x03,0x03,0x03,0x03,0x65,0x65,0x08,0x08,0x3f,0x3f,0x08,0x08,
  0x0b,0x0b,0x0b,0x0b,0x08,0x08,0x08,0x08,0x08,0x08,0x08,0x08,0x08,0x08,0x08,0x08,
  0x4c,0x93,0x93,0x93,0x93,0xf0,0xf0,0x93,0xf0,0xc2,0xc2,0xcc,0xfd,0xef,0xff,0xfd,
  0xf2,0xfb,0xf2,0xfb,0xc6,0x94,0xc6,0xc6,0xc6,0x94,0xc6,0xc6,0xc6,0x94,0xc6,0xc6,
  0xc6,0x94,0xc6,0xc6,0xc6,0xc6,0x0c,0x0c,0x08,0xa6,0x08,0x08,0x32,0x32,0x2a,0x2a,
  0x08,0x08,0x08,0x08,0x08,0x08,0x08,0x08,0x08,0x08,0x08,0x08,0x0a,0x62,0x04,0x0a,
  0x04,0x04,0x04,0x62,0x68,0x68,0x68,0x68,0x8a,0x8a,0x99,0x99,0x0b,0x0b,0x01,0x01,
  0xe4,0x99,0xe4,0xe4,0x5a,0x5a,0x5a,0x5a,0x00,0x00,0x70,0x70,0xc3,0x91,0x91,0x91,
  0xcb,0xcb,0x96,0x96,0x03,0x03,0x03,0x03,0xc2,0x65,0x08,0x08,0x3f,0x3f,0x08,0x08,
  0x0a,0x0a,0x62,0x62,0x0a,0x0a,0x04,0x04,0x0a,0x0a,0x04,0x04,0x08,0x08,0x08,0x08,
  0x93,0x9b,0x9b,0xa6,0xc2,0xc2,0xc2,0xc2,0xc2,0x9b,0x9b,0xc2,0xc6,0xc6,0xc6,0x8b,
  0xf2,0xfb,0xf2,0xfb,0x0c,0x0c,0x0c,0x0c,0x0c,0x0c,0x0c,0x0c,0x0c,0x0c,0x0c,0x0c,
  0x0c,0x0c,0x0c,0x0c,0xc6,0xc6,0x0c,0x0c,0x08,0xa6,0x08,0x08,0x32,0x32,0x2a,0x2a,
  0x79,0x6e,0x6e,0x6e,0x6e,0x6e,0x6e,0x6e,0x36,0x08,0x08,0x08,0x08,0x08,0x08,0x08,
  0x6e,0x6e,0x6e,0x6e,0x08,0x08,0x08,0x08,0x8a,0x8a,0x99,0x99,0x0b,0x0b,0x01,0x01,
  0xe4,0xe4,0xe4,0xe4,0x5a,0x5a,0x5a,0x5a,0x00,0x00,0x70,0x70,0xc3,0xe0,0x91,0x91,
  0x13,0x13,0xe5,0x75,0xfe,0x97,0x03,0x03,0x08,0xc2,0x08,0x08,0x3f,0x3f,0x08,0x08,
  0x0a,0x0a,0x62,0x0a,0x0a,0x0a,0x04,0x04,0x0a,0x0a,0x04,0x04,0x08,0x08,0x08,0x08,
  0x93,0x9b,0x9b,0xa6,0xc2,0xc2,0xc2,0xc2,0xc2,0x9b,0x9b,0xc2,0xc6,0xc6,0xc6,0x8b,
  0xf2,0xfb,0xf2,0xfb,0x0c,0x0c,0x0c,0x0c,0x0c,0x0c,0x0c,0x0c,0x0c,0x0c,0x0c,0x0c,
  0x0c,0x0c,0x0c,0x0c,0xc6,0xc6,0x0c,0x0c,0x08,0xa6,0x08,0x08,0x32,0x32,0x2a,0x2a,
  0x79,0x6e,0x6e,0x6e,0x6e,0x6e,0x6e,0x6e,0x36,0x08,0x08,0x08,0x08,0x08,0x08,0x08,
  0x6e,0x6e,0x6e,0x6e,0x08,0x08,0x08,0x08,0x8a,0x8a,0x99,0x99,0x0b,0x0b,0x01,0x01,
  0x74,0x29,0x34,0x1b,0xca,0xca,0xd4,0xd4,0x58,0x58,0x00,0x00,0x13,0x13,0xcb,0xcb,
  0x63,0x63,0x6a,0x6a,0x45,0x45,0x08,0x08,0x08,0x08,0x08,0x08,0x3f,0x3f,0x08,0x08,
  0xca,0xca,0xca,0xca,0x8e,0x8e,0x30,0x8e,0x08,0x08,0x01,0x01,0x36,0x08,0x08,0x08,
  0x08,0x08,0x08,0x08,0x08,0x08,0x08,0x08,0x08,0x08,0x08,0x08,0x11,0x11,0x11,0xdf,
  0xc6,0x94,0xfb,0x94,0x08,0x08,0x08,0x08,0x08,0x08,0x08,0x08,0x08,0x08,0x08,0x08,
  0x08,0x08,0x08,0x08,0x08,0x08,0x08,0x08,0x08,0xa6,0x62,0x04,0x08,0x08,0x04,0x0a,
  0x23,0x23,0x69,0x69,0x52,0x52,0x52,0x52,0x52,0x52,0x3c,0x3c,0x52,0x52,0x52,0x52,
  0xa8,0xa8,0xa8,0xa8,0x23,0x23,0x23,0x23,0x6e,0x6e,0x04,0x04,0x1b,0x1b,0x1b,0x1b,
  0x74,0x29,0x34,0x1b,0xca,0xca,0xd4,0xd4,0x00,0x58,0x58,0x00,0x13,0x13,0xcb,0xcb,
  0x63,0x63,0x6a,0x6a,0x45,0x45,0x08,0x08,0x08,0x08,0x08,0x08,0x3f,0x3f,0x08,0x08,
  0xca,0xca,0xca,0xca,0x8e,0x8e,0x30,0x30,0x08,0x08,0x01,0x01,0x08,0x08,0x08,0x08,
  0x08,0x08,0x08,0x08,0x08,0x08,0x08,0x08,0x08,0x08,0x08,0x08,0x11,0x11,0x11,0xdf,
  0xc6,0x94,0xfb,0x94,0x08,0x08,0x08,0x08,0x08,0x08,0x08,0x08,0x08,0x08,0x08,0x08,
  0x08,0x08,0x08,0x08,0x08,0x08,0x08,0x08,0x08,0xa6,0x62,0x04,0x08,0x08,0x04,0x0a,
  0x23,0x23,0x69,0x69,0x52,0x52,0x52,0x52,0x52,0x52,0x3c,0x3c,0x52,0x52,0x52,0x52,
  0xa8,0xa8,0xa8,0xa8,0x23,0x23,0x23,0x23,0x6e,0x6e,0x04,0x04,0x1b,0x1b,0x1b,0x1b,
  0x74,0x29,0x34,0x1b,0xca,0xca,0xd4,0xd4,0x91,0x91,0x91,0x91,0x7d,0x7d,0x1b,0x1b,
  0x63,0x63,0x6a,0x6a,0x45,0x45,0x08,0x08,0x08,0x08,0x08,0x08,0x40,0x40,0x08,0x08,
  0x1c,0xc3,0xc3,0xc3,0x21,0x21,0x21,0x21,0x08,0x08,0x01,0x01,0x36,0x08,0x08,0x08,
  0x08,0x08,0x08,0x08,0x08,0x08,0x08,0x08,0x08,0x08,0x08,0x08,0x49,0x49,0x25,0x49,
  0xc6,0x94,0xfb,0x94,0x08,0x08,0x08,0x08,0x08,0x08,0x08,0x08,0x08,0x08,0x08,0x08,
  0x08,0x08,0x08,0x08,0x08,0x08,0x08,0x08,0x08,0xa6,0x62,0x04,0x08,0x08,0x0a,0x0a,
  0x23,0x23,0x69,0x69,0x52,0x52,0x52,0x52,0x52,0x52,0x3c,0x3c,0x52,0x52,0x52,0x52,
  0x1a,0x1a,0x1a,0x1a,0x69,0x69,0x69,0x69,0x6e,0x6e,0x04,0x04,0x96,0x96,0x96,0x96,
  0x74,0x29,0x34,0x1b,0xca,0xca,0xd4,0xd4,0x91,0x91,0x91,0x91,0x7d,0x7d,0x1b,0x1b,
  0x63,0x63,0x6a,0x6a,0x45,0x45,0x08,0x08,0x08,0x08,0x08,0x08,0x40,0x3f,0x08,0x08,
  0x1c,0xc3,0xc3,0xc3,0x21,0x21,0x21,0x21,0x08,0x08,0x01,0x01,0x36,0x08,0x08,0x08,
  0x08,0x08,0x08,0x08,0x08,0x08,0x08,0x08,0x08,0x08,0x08,0x08,0x25,0x49,0x25,0x49,
  0xc6,0x94,0xfb,0x94,0x08,0x08,0x08,0x08,0x08,0x08,0x08,0x08,0x08,0x08,0x08,0x08,
  0x08,0x08,0x08,0x08,0x08,0x08,0x08,0x08,0x08,0xa6,0x62,0x04,0x08,0x08,0x0a,0x0a,
  0x23,0x23,0x69,0x69,0x52,0x52,0x52,0x52,0x52,0x52,0x3c,0x3c,0x52,0x52,0x52,0x52,
  0x1a,0x1a,0x1a,0x1a,0x69,0x69,0x69,0x69,0x6e,0x6e,0x04,0x04,0x96,0x96,0x96,0x96,
  0x74,0x29,0x34,0x1b,0x00,0x00,0xc3,0xc3,0xca,0xca,0xd4,0xd4,0xf5,0xf5,0x8a,0x8a,
  0x8e,0x8e,0x21,0x21,0xb3,0xb3,0xb3,0xb3,0x4e,0x4e,0x4e,0x4e,0x30,0x8e,0x30,0x8e,
  0xca,0xca,0xca,0xca,0x8e,0x8e,0x44,0x9c,0x2d,0x2d,0x08,0x08,0x2d,0x77,0x2d,0x77,
  0x2c,0xad,0xad,0xad,0x08,0x08,0x08,0x08,0x08,0x08,0x08,0x08,0xad,0xad,0xad,0xb5,
  0xc6,0x94,0xfb,0x94,0x08,0x08,0x08,0x08,0x08,0x08,0x08,0x08,0x08,0x08,0x08,0x08,
  0x08,0x08,0x08,0x08,0x08,0x08,0x08,0x08,0x7a,0x04,0x08,0x08,0x71,0x2b,0x04,0x0a,
  0x52,0x52,0x52,0x52,0x52,0x52,0xbe,0xbe,0x83,0x83,0x83,0x83,0x83,0x83,0x83,0x83,
  0x83,0x83,0xf2,0xf2,0xfa,0xfa,0xf2,0xf2,0x1a,0x1a,0xbe,0xbe,0x6e,0x6e,0x01,0x01,
  0x74,0x29,0x34,0x1b,0x00,0x00,0xc3,0xc3,0xca,0xca,0xd4,0xd4,0xf5,0xf5,0x8a,0x8a,
  0x8e,0x8e,0xb1,0x21,0xb3,0xb3,0xb3,0xb3,0x4e,0x4e,0x4e,0x4e,0x8e,0x8e,0x8e,0x8e,
  0xca,0xca,0xca,0xca,0x5c,0x8e,0xbb,0x9c,0x2d,0x2d,0x08,0x08,0x2d,0x77,0x2d,0x77,
  0x2c,0xad,0xad,0xad,0x08,0x08,0x08,0x08,0x08,0x08,0x08,0x08,0xad,0xad,0xad,0xb5,
  0xc6,0x94,0xfb,0x94,0x08,0x08,0x08,0x08,0x08,0x08,0x08,0x08,0x08,0x08,0x08,0x08,
  0x08,0x08,0x08,0x08,0x08,0x08,0x08,0x08,0x7a,0x04,0x08,0x08,0x71,0x2b,0x04,0x0a,
  0x52,0x52,0x52,0x52,0x52,0x52,0xbe,0xbe,0x83,0x83,0x83,0x83,0x83,0x83,0x83,0x83,
  0x83,0x83,0xf2,0xf2,0xfa,0xfa,0xf2,0xf2,0x1a,0x1a,0x7e,0xbe,0x6e,0x6e,0x01,0x01,
  0x74,0x29,0x34,0x1b,0x00,0x00,0xc3,0xc3,0xca,0xca,0xd4,0xd4,0xf5,0xf5,0x8a,0x8a,
  0x8e,0x8e,0xb1,0xb1,0x61,0x44,0x61,0x61,0xb6,0xb6,0xb6,0xb6,0x9c,0x9c,0x9c,0x9c,
  0x91,0x91,0x91,0xc3,0x5c,0x8e,0xbb,0x9c,0x2d,0x0b,0x08,0x08,0x2d,0x0b,0x2d,0x0b,
  0x08,0x36,0x36,0x4c,0x6e,0x6e,0x5b,0x6e,0x6e,0x6e,0x5b,0x6e,0x36,0x36,0x36,0x4c,
  0xc6,0x94,0xfb,0x94,0x08,0x08,0x08,0x08,0x08,0x08,0x08,0x08,0x08,0x08,0x08,0x08,
  0x08,0x08,0x08,0x08,0x08,0x08,0x08,0x08,0x7a,0x04,0x08,0x08,0x2b,0x2b,0x0a,0x0a,
  0x52,0x52,0x52,0x52,0x52,0x52,0xbe,0xbe,0x3c,0x3c,0x3c,0x3c,0xf2,0xf2,0xf2,0xf2,
  0x83,0x83,0xf2,0xf2,0xfa,0xfa,0xf2,0xf2,0x1a,0x1a,0x7e,0xbe,0x6e,0x6e,0x01,0x01,
  0x74,0x29,0x34,0x1b,0x00,0x00,0xc3,0xc3,0xca,0xca,0xd4,0xd4,0xf5,0xf5,0x8a,0x8a,
  0x8e,0x8e,0x95,0xb1,0x44,0x44,0x61,0x61,0xb6,0xb6,0xb6,0xb6,0x9c,0x9c,0x9c,0x9c,
  0x91,0xc3,0x91,0xc3,0x8e,0x8e,0x44,0x9c,0x2d,0x0b,0x08,0x08,0x0b,0x2d,0x0b,0x2d,
  0x08,0x36,0x36,0x4c,0x5b,0x6e,0x5b,0x6e,0x5b,0x6e,0x5b,0x6e,0x36,0x2c,0x36,0x4c,
  0xc6,0x94,0x94,0x94,0x08,0x08,0x08,0x08,0x08,0x08,0x08,0x08,0x08,0x08,0x08,0x08,
  0x08,0x08,0x08,0x08,0x08,0x08,0x08,0x08,0x7a,0x04,0x08,0x08,0x2b,0x2b,0x0a,0x0a,
  0x52,0x52,0x52,0x52,0x52,0x52,0xbe,0xbe,0x3c,0x3c,0x3c,0x3c,0xf2,0xf2,0xf2,0xf2,
  0x83,0x83,0xf2,0xf2,0xfa,0xfa,0xc6,0xf2,0xa8,0x1a,0x7e,0x7e,0x6e,0x6e,0x01,0x01,
  0xc1,0xc1,0xe6,0xc1,0x24,0x24,0x24,0x24,0xca,0xca,0xe0,0xe0,0xca,0xca,0xd4,0xd4,
  0x8e,0x8e,0x8e,0x8e,0x22,0x22,0x22,0x22,0x00,0x58,0x00,0x58,0x29,0x74,0x74,0x74,
  0x29,0x29,0x34,0x34,0x24,0x24,0x24,0x24,0x04,0x04,0x08,0x08,0x08,0x08,0x08,0x08,
  0x08,0x08,0x08,0x08,0x55,0x55,0x55,0x55,0x55,0x55,0x55,0x55,0x55,0x55,0x55,0x55,
  0x06,0x3a,0x9d,0x5b,0x08,0x08,0x08,0x08,0x08,0x08,0x08,0x08,0xf2,0xf2,0x3a,0x3a,
  0x08,0x08,0x08,0x08,0x08,0x08,0x08,0x08,0x7a,0x04,0x08,0x36,0x3b,0x39,0x39,0x39,
  0x52,0x52,0x52,0x52,0x83,0x83,0x3c,0x3c,0x83,0x83,0x7e,0x7e,0xfa,0xfa,0xfa,0xfa,
  0xfa,0xfa,0xfa,0xfa,0xb9,0xb9,0x9d,0x9d,0x83,0x83,0xf2,0xf2,0x08,0x08,0x6e,0x6e,
  0xc1,0xc1,0xe6,0xc1,0x24,0x24,0x24,0x24,0xca,0xca,0xe0,0xe0,0xca,0xca,0xd4,0xd4,
  0x8e,0x8e,0x30,0x8e,0x22,0x22,0x22,0x22,0x00,0x58,0x00,0x00,0x74,0x29,0x74,0x74,
  0x29,0x29,0x34,0x34,0x24,0x24,0x24,0x24,0x04,0x04,0x08,0x08,0x08,0x08,0x08,0x08,
  0x08,0x08,0x08,0x08,0x55,0x55,0x55,0x55,0x07,0x55,0x07,0x07,0x55,0x55,0x55,0x55,
  0x06,0x3a,0x9d,0x5b,0x08,0x08,0x08,0x08,0x08,0x08,0x08,0x08,0xf2,0xf2,0x3a,0x3a,
  0x08,0x08,0x08,0x08,0x08,0x08,0x08,0x08,0x7a,0x04,0x08,0x36,0x3b,0x39,0x39,0x39,
  0x52,0x52,0x52,0x52,0x83,0x83,0x3c,0x3c,0x83,0x83,0x7e,0x7e,0xfa,0xfa,0xfa,0xfa,
  0xfa,0xfa,0xfa,0xfa,0xb9,0xb9,0x9d,0x9d,0x83,0x83,0xf2,0xf2,0x08,0x08,0x6e,0x6e,
  0xc1,0xc1,0xe6,0xc1,0x86,0x86,0x86,0x86,0xca,0xca,0xe0,0xe0,0xca,0xca,0xd4,0xd4,
  0x95,0x95,0x95,0x95,0x21,0x21,0x21,0x21,0x91,0x91,0x91,0x91,0x1b,0x34,0x34,0x34,
  0x29,0x29,0x34,0x34,0x24,0x24,0x24,0x24,0x04,0x68,0x08,0x08,0x08,0x08,0x08,0x08,
  0x08,0x08,0x08,0x08,0xc4,0xc4,0xc4,0xc4,0xcf,0x67,0xcf,0xcf,0xcf,0x67,0xcf,0xcf,
  0x06,0x3a,0x9d,0x5b,0x08,0x08,0x08,0x08,0x08,0x08,0x08,0x08,0xf2,0xf2,0x3a,0x3a,
  0x08,0x08,0x08,0x08,0x08,0x08,0x08,0x08,0x7a,0x04,0x08,0x36,0x3b,0x39,0x39,0x39,
  0x52,0x52,0x52,0x52,0x83,0x83,0x3c,0x3c,0x83,0x83,0x7e,0x7e,0xc6,0xc6,0xc6,0xc6,
  0x3a,0x3a,0xfb,0x3a,0xb9,0xb9,0x9d,0x9d,0x83,0x83,0xf2,0xf2,0x08,0x08,0x6e,0x6e,
  0xc1,0xc1,0xe6,0xc1,0x86,0x86,0x86,0x86,0xca,0xca,0xe0,0xe0,0xca,0xca,0xd4,0xd4,
  0x95,0x95,0xb1,0x95,0x21,0x21,0x21,0x21,0x91,0x91,0x91,0x91,0x34,0x1b,0x34,0x34,
  0x29,0x29,0x34,0x34,0x24,0x24,0x24,0x24,0x62,0x68,0x08,0x08,0x08,0x08,0x08,0x08,
  0x08,0x08,0x08,0x08,0xc4,0xc4,0xc4,0xc4,0xcf,0x67,0xcf,0xcf,0xcf,0x67,0xcf,0xcf,
  0x06,0x3a,0x9d,0x5b,0x08,0x08,0x08,0x08,0x08,0x08,0x08,0x08,0xf2,0xf2,0x3a,0x3a,
  0x08,0x08,0x08,0x08,0x08,0x08,0x08,0x08,0x7a,0x04,0x08,0x36,0x3b,0x39,0x39,0x39,
  0x52,0x52,0x52,0x52,0x83,0x83,0x3c,0x3c,0x83,0x3c,0x7e,0x7e,0xc6,0xc6,0xc6,0xc6,
  0xfb,0x3a,0xfb,0xfb,0xb9,0xb9,0x9d,0x9d,0x3c,0x83,0xf2,0xf2,0x08,0x08,0x6e,0x6e,
  0xc1,0xc1,0x1e,0x1e,0x8e,0x8e,0xb1,0xb1,0xca,0xca,0xca,0xca,0x29,0x74,0x82,0x29,
  0x54,0x54,0x51,0x51,0xca,0xca,0xd4,0xd4,0x58,0x58,0x70,0x70,0x54,0x54,0x51,0x51,
  0xcb,0xcb,0x1b,0x1b,0x30,0x30,0x30,0x30,0x57,0x57,0x57,0x01,0x9d,0x9d,0x08,0x08,
  0xa5,0xa5,0x04,0x04,0x8e,0x8e,0x2f,0xb1,0x22,0x22,0x22,0x22,0xca,0xca,0xd4,0x91,
  0x06,0x3a,0x9d,0x5b,0x08,0x08,0x08,0x08,0x08,0x08,0x08,0x08,0x08,0x08,0x45,0x45,
  0xf2,0xf2,0x3a,0x3a,0x08,0x08,0x08,0x08,0x7a,0x04,0x08,0x08,0x23,0x23,0x69,0x69,
  0x52,0x52,0xbe,0xbe,0x83,0x83,0xf2,0xf2,0xfa,0xfa,0xc6,0xc6,0x06,0x06,0x06,0x06,
  0x06,0x06,0x9d,0x9d,0x9d,0x9d,0x5b,0x5b,0xfa,0xfa,0xfb,0xfb,0x08,0x08,0x6e,0x6e,
  0xc1,0xc1,0x1e,0x1e,0x8e,0x8e,0xb1,0xb1,0xca,0xca,0xca,0xca,0x29,0x74,0x82,0x82,
  0x54,0x54,0x51,0x51,0xca,0xca,0xd4,0xd4,0x58,0x58,0x70,0x70,0x54,0x54,0x51,0x51,
  0xcb,0x13,0x1b,0x1b,0x30,0x30,0x30,0x30,0x01,0x01,0x01,0x01,0x9d,0x6e,0x08,0x08,
  0xb2,0xa5,0x0a,0x04,0x8e,0x8e,0x2f,0xb1,0x22,0x22,0x22,0x22,0xca,0xca,0xd4,0x91,
  0x06,0x3a,0x9d,0x5b,0x08,0x08,0x08,0x08,0x08,0x08,0x08,0x08,0xdb,0x08,0x45,0x45,
  0xf2,0xf2,0x3a,0x3a,0x08,0x08,0x08,0x08,0x7a,0x04,0x08,0x08,0x23,0x23,0x69,0x69,
  0x52,0x52,0xbe,0xbe,0x83,0x83,0xf2,0xf2,0xfa,0xfa,0xc6,0xc6,0x06,0x06,0x06,0x06,
  0x06,0x06,0x9d,0x9d,0x9d,0x9d,0x5b,0x5b,0xfa,0xfa,0x3a,0xfb,0x08,0x08,0x6e,0x6e,
  0xc1,0xc1,0x1e,0x1e,0x21,0x21,0xb1,0xb1,0xbc,0xbc,0xbc,0x91,0x34,0x34,0x75,0x34,
  0x54,0x54,0xdc,0x51,0xca,0xca,0xd4,0xd4,0x58,0x58,0x70,0x70,0x54,0x54,0x51,0xdc,
  0xcb,0x13,0x1b,0xcb,0xb3,0xb3,0xb3,0xb3,0x08,0x08,0x08,0x08,0x9d,0x79,0x08,0x08,
  0xb2,0xa5,0x0a,0x04,0x8e,0x8e,0x2f,0xb1,0x21,0x21,0x21,0x21,0xca,0xca,0x91,0x91,
  0x06,0x3a,0x9d,0x5b,0x08,0x08,0x08,0x08,0x08,0x08,0x08,0x08,0x40,0xdb,0x46,0x45,
  0xf2,0xf2,0x3a,0x3a,0x08,0x08,0x08,0x08,0x7a,0x04,0x08,0x08,0x23,0x23,0x69,0x69,
  0x52,0x52,0xbe,0xbe,0x83,0x83,0xf2,0xf2,0xfa,0xfa,0xc6,0xc6,0x06,0x06,0x06,0x06,
  0x06,0x06,0x9d,0x9d,0x9d,0x9d,0x5b,0x5b,0xfa,0xfa,0x3a,0xfb,0x08,0x08,0x6e,0x6e,
  0xc1,0xc1,0x1e,0x1e,0x21,0x21,0xb1,0xb1,0xbc,0xbc,0x91,0xbc,0x34,0x34,0x75,0x75,
  0x54,0x54,0xdc,0xdc,0xca,0xca,0xd4,0xd4,0x58,0x58,0x70,0x70,0x54,0x54,0x51,0xdc,
  0x13,0x13,0x1b,0xcb,0xb3,0xb3,0xb3,0xb3,0x08,0x36,0x08,0x08,0x6e,0x79,0x08,0x08,
  0xa5,0xa5,0x04,0x04,0x8e,0x8e,0x2f,0xb1,0x21,0x21,0x2f,0x2f,0xca,0xca,0xd4,0x91,
  0x06,0x3a,0x9d,0x5b,0x08,0x08,0x08,0x08,0x08,0x08,0x08,0x08,0x40,0x46,0x46,0x45,
  0xf2,0xf2,0x3a,0x3a,0x08,0x08,0x08,0x08,0x7a,0x04,0x08,0x08,0x23,0x23,0x69,0x69,
  0x52,0x52,0xbe,0xbe,0x83,0x83,0xf2,0xf2,0xfa,0xfa,0xc6,0xc6,0x06,0x06,0x06,0x06,
  0x06,0x06,0x6f,0x9d,0x9d,0x9d,0x5b,0x5b,0xfa,0xfa,0x3a,0x3a,0x08,0x08,0x6e,0x6e,
  0x54,0x54,0xdc,0xdc,0xca,0xca,0xca,0xca,0xee,0xee,0xee,0xee,0x00,0x58,0x91,0x91,
  0x58,0x58,0x70,0x70,0x00,0x00,0xc3,0xc3,0xca,0xca,0xd4,0xd4,0x29,0x74,0xf4,0x34,
  0x38,0x38,0xb4,0xb4,0x08,0x08,0x08,0x08,0x08,0x08,0x08,0x08,0x82,0x74,0x74,0x74,
  0x8e,0x8e,0xb1,0x8e,0x8e,0x8e,0x2f,0xb1,0x22,0x22,0x60,0x60,0xca,0xca,0xd4,0x91,
  0x06,0x3a,0x9d,0x5b,0x08,0x08,0x08,0x08,0x08,0x08,0x08,0x08,0x46,0x46,0x45,0x45,
  0x08,0x08,0x08,0x08,0x08,0x08,0x08,0x08,0x08,0x08,0x08,0x08,0x08,0x08,0x08,0x08,
  0x6e,0x6e,0x6e,0x6e,0x08,0x08,0x08,0x08,0x6e,0x6e,0x6e,0x5b,0x6e,0x6e,0x6e,0x6e,
  0x6e,0x6e,0x6e,0x5b,0x6e,0x6e,0x6e,0x6e,0x08,0x08,0x08,0x08,0x79,0x79,0x08,0x08,
  0x54,0x54,0xdc,0xdc,0xca,0xca,0xca,0xca,0xee,0xe4,0xca,0x00,0x00,0x58,0x91,0x91,
  0x58,0x58,0x70,0x70,0x00,0x00,0xc3,0xc3,0xca,0xca,0xd4,0xd4,0x29,0x74,0xf4,0x34,
  0x38,0x38,0xb4,0x38,0x08,0x08,0x08,0x08,0x08,0x08,0x08,0x08,0x74,0x29,0x74,0x74,
  0x8e,0x8e,0xb1,0x8e,0x8e,0x8e,0x2f,0xb1,0x22,0x22,0x60,0x60,0xca,0xca,0xd4,0x91,
  0x06,0x3a,0x9d,0x5b,0x08,0x08,0x08,0x08,0x08,0x08,0x08,0x08,0x46,0x46,0x45,0x45,
  0x08,0x08,0x08,0x08,0x08,0x08,0x08,0x08,0x08,0x08,0x08,0x08,0x08,0x08,0x08,0x08,
  0x6e,0x6e,0x6e,0x6e,0x08,0x08,0x08,0x08,0x6e,0x6e,0x6e,0x5b,0x6e,0x6e,0x6e,0x6e,
  0x6e,0x6e,0x6e,0x5b,0x6e,0x6e,0x6e,0x6e,0x08,0x08,0x08,0x08,0x79,0x79,0x08,0x08,
  0x54,0x54,0xdc,0xdc,0xd4,0xd4,0xd4,0x91,0x32,0x32,0x32,0x32,0x58,0x58,0x91,0x91,
  0x58,0x58,0x70,0x70,0x00,0x00,0xc3,0xc3,0xca,0xca,0xd4,0xd4,0x29,0x29,0xf4,0xf4,
  0xb4,0xb4,0x47,0x47,0x08,0x08,0x08,0x08,0x08,0x08,0x08,0x08,0x75,0x34,0x34,0x34,
  0x8e,0x8e,0xb1,0x8e,0x8e,0x8e,0x2f,0xb1,0x22,0x22,0x60,0x60,0xca,0xca,0xd4,0x91,
  0x06,0x3a,0x9d,0x5b,0x08,0x08,0x08,0x08,0x08,0x08,0x08,0x08,0x46,0x46,0x45,0x45,
  0x08,0x08,0x08,0x08,0x08,0x08,0x08,0x08,0x08,0x08,0x08,0x08,0x5b,0x5b,0x6e,0x5b,
  0x08,0x08,0x08,0x08,0x08,0x08,0x08,0x08,0x08,0x08,0x08,0x08,0x08,0x08,0x08,0x08,
  0x08,0x08,0x08,0x08,0x08,0x08,0x08,0x08,0x6e,0x6e,0x6e,0x6e,0x77,0x77,0x08,0x08,
  0x54,0x54,0xdc,0xdc,0xd4,0xd4,0xd4,0x91,0x32,0x32,0xee,0xee,0x58,0x58,0x91,0x91,
  0x58,0x58,0x70,0x70,0x00,0x00,0xc3,0xc3,0xca,0xca,0xd4,0xd4,0x29,0x29,0xf4,0xf4,
  0xb4,0xb4,0x47,0xb4,0x08,0x08,0x08,0x08,0x08,0x08,0x08,0x08,0x34,0x1b,0x34,0x34,
  0x8e,0x8e,0xb1,0x8e,0x8e,0x8e,0x2f,0xb1,0x22,0x22,0x60,0x60,0xca,0xca,0xd4,0x91,
  0x06,0x3a,0x9d,0x5b,0x08,0x08,0x08,0x08,0x08,0x08,0x08,0x08,0x46,0xdb,0x45,0x45,
  0x08,0x08,0x08,0x08,0x08,0x08,0x08,0x08,0x08,0x08,0x08,0x08,0x5b,0x6e,0x6e,0x5b,
  0x08,0x08,0x08,0x08,0x08,0x08,0x08,0x08,0x08,0x08,0x08,0x08,0x08,0x08,0x08,0x08,
  0x08,0x08,0x08,0x08,0x08,0x08,0x08,0x08,0x6e,0x6e,0x6e,0x6e,0x77,0x77,0x08,0x08,
  0x74,0x74,0x34,0x34,0x54,0x54,0x51,0x51,0xe5,0x29,0x86,0x86,0x24,0x24,0x86,0x86,
  0x58,0x58,0x70,0x70,0xca,0xca,0xd4,0xd4,0x54,0x54,0xe4,0xe4,0x38,0x38,0x6a,0x6a,
  0xed,0xed,0x9c,0x9c,0x22,0x22,0x21,0x21,0x29,0x29,0x1b,0x1b,0x00,0x00,0xc3,0xc3,
  0x8e,0x8e,0xb1,0xb1,0x08,0x08,0x0a,0x62,0x22,0x22,0x22,0x22,0x13,0x13,0x75,0x1b,
  0x06,0x3a,0x9d,0x5b,0x08,0x08,0x08,0x08,0xf0,0xf0,0x19,0x19,0x08,0x08,0x08,0x08,
  0xf2,0xf2,0x3a,0x3a,0x08,0x08,0x08,0x08,0x08,0x08,0x08,0x08,0xde,0xde,0x65,0x65,
  0x64,0x64,0x64,0x64,0x64,0x64,0x64,0x64,0x4b,0x4b,0x4b,0x92,0x92,0x92,0x92,0x92,
  0xc8,0xc8,0xc8,0xc8,0xc8,0xc8,0xc8,0xc8,0x64,0x64,0x64,0x64,0x08,0x08,0x08,0x08,
  0x74,0x74,0x34,0x34,0x54,0x54,0x51,0x51,0xe5,0x29,0x86,0x86,0x24,0x24,0x86,0x86,
  0x58,0x58,0x70,0x70,0xca,0xca,0xd4,0xd4,0x54,0x54,0xe4,0xe4,0x38,0x38,0x6a,0x6a,
  0xed,0xed,0x9c,0x9c,0x22,0x22,0x21,0x21,0x29,0x29,0x1b,0x1b,0x00,0x00,0xc3,0xc3,
  0x8e,0x8e,0xb1,0xb1,0x08,0x08,0x0a,0x62,0x22,0x22,0x22,0x30,0x13,0x13,0x75,0x1b,
  0x06,0x3a,0x9d,0x5b,0x08,0x08,0x08,0x08,0xf0,0xf0,0x19,0x19,0x08,0x08,0x08,0x08,
  0xf2,0xf2,0x3a,0x3a,0x08,0x08,0x08,0x08,0x08,0x08,0x08,0x08,0xde,0xde,0x65,0x65,
  0x64,0x64,0x64,0x64,0x64,0x64,0x64,0x64,0x4b,0x4b,0x4b,0x92,0x92,0x92,0x92,0x92,
  0xc8,0xc8,0xc8,0xc8,0xc8,0xc8,0xc8,0xc8,0x64,0x64,0x64,0x64,0x08,0x08,0x08,0x08,
  0x74,0x74,0x34,0x34,0x54,0x54,0x51,0xdc,0x29,0xe5,0x86,0x86,0x24,0x24,0x86,0x86,
  0x58,0x58,0x70,0x70,0xca,0xca,0xd4,0xd4,0x54,0x54,0xe4,0xe4,0x38,0x38,0x6a,0x6a,
  0xed,0xed,0x9c,0x9c,0x22,0x22,0x21,0x21,0x74,0x29,0x34,0x1b,0x00,0x00,0xc3,0xc3,
  0x8e,0x8e,0xb1,0xb1,0x08,0x08,0x0a,0x62,0x21,0x21,0x21,0x21,0x13,0x13,0x75,0x1b,
  0x06,0x3a,0x9d,0x5b,0x08,0x08,0x08,0x08,0xf0,0xf0,0x19,0x19,0x08,0x08,0x08,0x08,
  0xf2,0xf2,0x3a,0x3a,0x08,0x08,0x08,0x08,0x08,0x08,0x08,0x08,0xde,0xde,0x65,0x65,
  0xa8,0xa8,0x57,0xa8,0xb0,0xb0,0x85,0xb0,0xa7,0xa7,0x4b,0x4b,0xa1,0x79,0x79,0x92,
  0x8f,0x8f,0x8f,0x8f,0x8c,0x8c,0x8c,0xc8,0x64,0x64,0x64,0x1a,0x08,0x08,0x08,0x08,
  0x74,0x74,0x34,0x34,0x54,0x54,0xdc,0xdc,0x29,0xe5,0x86,0x86,0x24,0x24,0x86,0x86,
  0x58,0x58,0x70,0x70,0xca,0xca,0xd4,0xd4,0x54,0x54,0xe4,0xc9,0x38,0x38,0x6a,0x6a,
  0xed,0xed,0x9c,0x9c,0x22,0x22,0x2f,0x21,0x29,0x29,0x1b,0x1b,0x00,0x00,0xc3,0xc3,
  0x8e,0x8e,0xb1,0xb1,0x08,0x08,0x04,0x0a,0x21,0x21,0x21,0x21,0x13,0x13,0x1b,0xe5,
  0x06,0x3a,0x9d,0x5b,0x08,0x08,0x08,0x08,0xf0,0xf0,0x19,0x19,0x08,0x08,0x08,0x08,
  0xf2,0xf2,0x3a,0x3a,0x08,0x08,0x08,0x08,0x08,0x08,0x08,0x08,0xe1,0xe1,0x65,0x65,
  0xa8,0xa8,0x57,0xa8,0xb0,0xb0,0x85,0xb0,0xa7,0xa7,0x4b,0x92,0x79,0x79,0x79,0x92,
  0x8f,0x8f,0x8f,0x8f,0x8c,0x8c,0x8c,0x8c,0x64,0x1a,0x64,0x1a,0x08,0x08,0x08,0x08,
  0x74,0x74,0x34,0x34,0xc5,0x54,0x0e,0x5a,0xc5,0xc5,0xc5,0x54,0x74,0x29,0x74,0x74,
  0x00,0x00,0xc3,0xc3,0xca,0xca,0xd4,0xd4,0x54,0x54,0xc9,0xc9,0x30,0x30,0x22,0x21,
  0xd8,0xd8,0xed,0xed,0x00,0x00,0x58,0x58,0x74,0x29,0x34,0x1b,0x54,0x54,0x51,0x51,
  0x6e,0x6e,0x08,0x08,0x2a,0x2a,0x2a,0x2a,0x27,0x20,0x20,0x20,0x97,0x16,0x97,0x16,
  0xc2,0xc2,0xc2,0xc2,0x08,0x08,0x08,0x08,0x08,0x08,0x08,0x08,0x08,0x08,0x08,0x08,
  0x08,0x08,0x08,0x08,0xaa,0xaa,0xaa,0xaa,0x08,0x08,0x08,0x08,0x57,0x64,0x64,0x64,
  0xbe,0x52,0x52,0x52,0x3c,0x52,0x52,0x52,0x3c,0x52,0x52,0x52,0x08,0x08,0x08,0x08,
  0x83,0x52,0x52,0x52,0xb2,0x73,0x50,0x50,0x50,0x73,0x50,0x50,0x79,0x79,0x08,0x08,
  0x82,0x74,0x34,0x34,0xc5,0x54,0x0e,0x5a,0x54,0x54,0x54,0x54,0x74,0x29,0x74,0x74,
  0x00,0x00,0xc3,0xc3,0xca,0xca,0xd4,0xd4,0x54,0x54,0xc9,0xc9,0x30,0x30,0x30,0x22,
  0xd8,0xd8,0xed,0xed,0x00,0x00,0x58,0x58,0x74,0x29,0x34,0x1b,0x54,0x54,0x51,0x51,
  0x6e,0x6e,0x08,0x08,0x2a,0x2a,0x2a,0x2a,0x27,0x20,0x20,0xea,0x97,0x16,0x97,0x97,
  0xc2,0xc2,0xc2,0xc2,0x08,0x08,0x08,0x08,0x08,0x08,0x08,0x08,0x08,0x08,0x08,0x08,
  0x08,0x08,0x08,0x08,0xaa,0xaa,0xaa,0xaa,0x08,0x08,0x08,0x08,0x57,0x64,0x64,0x64,
  0xbe,0x52,0x52,0x52,0x3c,0x52,0x52,0x3c,0x83,0x52,0x83,0x52,0x08,0x08,0x08,0x08,
  0x3c,0x52,0x52,0x52,0x50,0x73,0xb2,0xb2,0x50,0x73,0xb2,0xb2,0x6e,0x6e,0x08,0x08,
  0x74,0x29,0x34,0x34,0x54,0x54,0x5a,0x5a,0x0e,0x0e,0x0e,0x5a,0x34,0x1b,0x34,0x34,
  0x00,0x00,0xc3,0xc3,0xca,0xca,0xd4,0xd4,0x54,0x54,0xe4,0xc9,0x95,0x95,0x95,0x95,
  0xd8,0xd8,0xed,0xed,0x00,0x00,0x58,0x58,0x74,0x29,0x34,0x1b,0x54,0x54,0x51,0x51,
  0x6e,0x6e,0x08,0x08,0x2a,0x90,0x2a,0x2a,0x20,0x20,0x20,0x20,0x2a,0x16,0x2a,0x16,
  0xc2,0xc2,0xc2,0xc2,0x08,0x08,0x08,0x08,0x08,0x08,0x08,0x08,0x08,0x08,0x08,0x08,
  0x08,0x08,0x08,0x08,0xaa,0xaa,0xaa,0xaa,0x08,0x08,0x08,0x08,0x7e,0xbe,0xbe,0xbe,
  0xbe,0x52,0x52,0x52,0xbe,0xbe,0x52,0xbe,0x3c,0x52,0x52,0x52,0x62,0x04,0x04,0x04,
  0xbe,0x52,0x52,0x52,0x50,0x50,0x50,0x50,0x50,0x50,0x50,0x50,0x6e,0x6e,0x08,0x08,
  0x74,0x29,0x34,0x34,0x54,0x54,0x5a,0x5a,0x5a,0x5a,0x5a,0x5a,0x34,0x1b,0x34,0x34,
  0x00,0x00,0xc3,0xc3,0xca,0xca,0xd4,0xd4,0x54,0x54,0xe4,0xe4,0x95,0x95,0x95,0x95,
  0xd8,0xd8,0xed,0xed,0x00,0x58,0x58,0x91,0x29,0x29,0x1b,0x1b,0x54,0x54,0x51,0x51,
  0x6e,0x6e,0x08,0x08,0x90,0x90,0x90,0x90,0x20,0x20,0x20,0x27,0x2a,0x16,0x2a,0x2a,
  0xc2,0xc2,0xc2,0xc2,0x08,0x08,0x08,0x08,0x08,0x08,0x08,0x08,0x08,0x08,0x08,0x08,
  0x08,0x08,0x08,0x08,0xaa,0xaa,0xaa,0xaa,0x08,0x08,0x08,0x08,0x7e,0xbe,0xbe,0xbe,
  0xbe,0x52,0x52,0x52,0xbe,0x52,0x52,0xbe,0x83,0x52,0x83,0x52,0x62,0x04,0x04,0x04,
  0x7e,0x52,0x52,0x52,0x50,0x50,0x50,0x50,0x50,0x50,0x50,0x50,0x6e,0x6e,0x08,0x08,
  0x74,0x29,0x34,0x1b,0x00,0x00,0xc3,0xc3,0x00,0x00,0xc3,0xc3,0x00,0x00,0xc3,0xc3,
  0x00,0x00,0xc3,0xc3,0x00,0x00,0xc3,0xc3,0x29,0x29,0x74,0x74,0xf5,0x80,0x8a,0xc5,
  0x13,0x13,0xcb,0xcb,0x54,0x54,0x54,0x54,0x29,0x29,0x74,0x29,0xf5,0xf5,0xf5,0xf5,
  0x8e,0x8e,0x95,0xb1,0x08,0x08,0x6e,0x6e,0xb3,0xb3,0x9c,0x9c,0x4f,0x4f,0xb7,0x18,
  0x08,0x08,0x08,0x08,0x08,0x08,0x08,0x08,0x08,0x08,0x08,0x08,0x08,0x08,0x08,0x08,
  0x08,0x08,0x08,0x08,0x08,0x08,0x08,0x08,0x0d,0x04,0x13,0x13,0x52,0x52,0x1a,0x1a,
  0x52,0x52,0x52,0x52,0x83,0x83,0x83,0x83,0x83,0x83,0xf2,0xf2,0xfa,0xfa,0xfa,0xfa,
  0xfa,0xfa,0x3a,0x3a,0x06,0x06,0x06,0x06,0xfa,0xfa,0xc6,0xc6,0x6e,0x6e,0x00,0x00,
  0x74,0x29,0x34,0x1b,0x00,0x00,0xc3,0xc3,0x00,0x00,0xc3,0xc3,0x00,0x00,0xc3,0xc3,
  0x00,0x00,0xc3,0xc3,0x00,0x00,0xc3,0xc3,0x74,0x29,0x74,0x74,0xf5,0xf5,0x8a,0x8a,
  0x13,0x13,0xcb,0xcb,0x54,0x54,0x54,0x54,0x29,0x29,0x82,0x29,0xf5,0xf5,0xf5,0xf5,
  0x8e,0x8e,0x95,0xb1,0x08,0x08,0x6e,0x6e,0xb3,0xb3,0x9c,0x9c,0x4f,0x4f,0xb7,0x18,
  0x08,0x08,0x08,0x08,0x08,0x08,0x08,0x08,0x08,0x08,0x08,0x08,0x08,0x08,0x08,0x08,
  0x08,0x08,0x08,0x08,0x08,0x08,0x08,0x08,0x0d,0x04,0x13,0x13,0x52,0x52,0x1a,0x1a,
  0x52,0x52,0x52,0x52,0x83,0x83,0x83,0x83,0x83,0x83,0xf2,0xf2,0xfa,0xfa,0xfa,0xfa,
  0xfa,0xfa,0x3a,0x3a,0x06,0x06,0x06,0x06,0xfa,0xfa,0xc6,0xc6,0x6e,0x6e,0x00,0x00,
  0x74,0x29,0x34,0x1b,0x00,0x00,0xc3,0xc3,0x00,0x00,0xc3,0xc3,0x00,0x00,0xc3,0xc3,
  0x00,0x00,0xc3,0xc3,0x00,0x00,0xc3,0xc3,0x1b,0x1b,0x34,0x34,0xf5,0xf5,0x8a,0x8a,
  0xcb,0x1b,0x75,0x75,0xc9,0xc9,0xc9,0xc9,0x78,0x78,0x75,0x78,0x8a,0x8a,0x8a,0x8a,
  0x8e,0x8e,0x95,0xb1,0x08,0x08,0x6e,0x6e,0xb3,0xb3,0x44,0x9c,0x4f,0x4f,0xb7,0xb7,
  0x08,0x08,0x08,0x08,0x08,0x08,0x08,0x08,0x08,0x08,0x08,0x08,0x6e,0x5b,0x5b,0x6e,
  0x08,0x08,0x08,0x08,0x08,0x08,0x08,0x08,0x0d,0x04,0x13,0x13,0x52,0x52,0x1a,0x1a,
  0x52,0x52,0x52,0x52,0x7e,0x7e,0xbe,0xbe,0x83,0x83,0xf2,0xf2,0xfb,0xc6,0xc6,0xc6,
  0xfa,0xfa,0x3a,0x3a,0x06,0x06,0x06,0x06,0xfa,0xfa,0xc6,0xc6,0x6e,0x6e,0x00,0x00,
  0x74,0x29,0x34,0x1b,0x00,0x00,0xc3,0xc3,0x00,0x00,0xc3,0xc3,0x00,0x00,0xc3,0xc3,
  0x00,0x00,0xc3,0xc3,0x00,0x00,0xc3,0xc3,0x34,0x1b,0x34,0x34,0xf5,0xf5,0x8a,0x8a,
  0xcb,0x1b,0x1b,0x1b,0xc9,0xc9,0xc9,0xc9,0x78,0x78,0x96,0x78,0x8a,0x8a,0x8a,0x8a,
  0x8e,0x8e,0x95,0xb1,0x08,0x08,0x6e,0x6e,0xb3,0xb3,0x44,0x9c,0x4f,0x4f,0xb7,0xb7,
  0x08,0x08,0x08,0x08,0x08,0x08,0x08,0x08,0x08,0x08,0x08,0x08,0x6e,0x5b,0x5b,0x6e,
  0x08,0x08,0x08,0x08,0x08,0x08,0x08,0x08,0x39,0x04,0x13,0x13,0x52,0x52,0x1a,0x1a,
  0x52,0x52,0x52,0x52,0x7e,0x7e,0xbe,0xbe,0x83,0x83,0xf2,0xf2,0xc6,0xc6,0xc6,0xc6,
  0xfa,0xfa,0x3a,0x3a,0x06,0x06,0x06,0x06,0xfa,0xfa,0xc6,0xf2,0x6e,0x6e,0x00,0x00,
  0x74,0x29,0x34,0x34,0x29,0x29,0x82,0x29,0x54,0x54,0x54,0x54,0xf5,0xf5,0xf5,0x80,
  0x54,0x54,0x51,0x51,0x00,0x00,0xc3,0xc3,0x00,0x00,0xc3,0xc3,0xf5,0xf5,0x8a,0x8a,
  0x22,0x22,0x60,0x60,0x13,0x13,0xcb,0xcb,0x30,0x30,0x30,0x30,0x38,0x38,0xb4,0xb4,
  0x55,0x55,0xae,0xae,0x4e,0x4e,0x9c,0x9c,0xb3,0xb3,0x44,0x61,0x20,0x20,0xe7,0xe7,
  0x1a,0x1a,0x23,0x0c,0x01,0x01,0x69,0x69,0x01,0x01,0x69,0x69,0x01,0x01,0x69,0x69,
  0x01,0x01,0x69,0x69,0x69,0x69,0x69,0x69,0x08,0x08,0x62,0x04,0x23,0x23,0x69,0x69,
  0x52,0x52,0xbe,0xbe,0xfa,0xfa,0x3a,0x3a,0xb9,0xb9,0xaa,0xfb,0x83,0x83,0xf2,0xf2,
  0xfa,0xfa,0x3a,0x3a,0x9d,0x9d,0x5b,0x5b,0xfa,0xfa,0x3a,0xfb,0x08,0x08,0x6e,0x6e,
  0x74,0x29,0x34,0x34,0x74,0x29,0x82,0x29,0x54,0x54,0x54,0x54,0xf5,0xf5,0xf5,0x80,
  0x54,0x54,0x51,0x51,0x00,0x00,0xc3,0xc3,0x00,0x00,0xc3,0xc3,0xf5,0xf5,0x8a,0x8a,
  0x22,0x22,0x60,0x60,0x13,0x13,0x1b,0x1b,0x30,0x30,0x30,0x30,0x38,0x38,0xb4,0xb4,
  0x55,0x55,0xae,0xae,0x4e,0x4e,0x9c,0x9c,0xb3,0xb3,0x44,0x61,0x20,0x20,0xe7,0xe7,
  0x1a,0x1a,0x23,0x0c,0x01,0x01,0x69,0x69,0x01,0x01,0x69,0x69,0x01,0x01,0x69,0x69,
  0x01,0x01,0x69,0x69,0x69,0x69,0x69,0x69,0x08,0x08,0x62,0x04,0x23,0x23,0x69,0x69,
  0x52,0x52,0xbe,0xbe,0xfa,0xfa,0x3a,0x3a,0xb9,0xb9,0xaa,0xfb,0x83,0x83,0xf2,0xf2,
  0xfa,0xfa,0x3a,0x3a,0x9d,0x9d,0x5b,0x5b,0xfa,0xfa,0x3a,0xfb,0x08,0x08,0x6e,0x6e,
  0x74,0x74,0x34,0x34,0x78,0x78,0x96,0x78,0x70,0x70,0x70,0x8a,0x8a,0x8a,0xdc,0xc5,
  0x54,0x54,0x51,0x51,0x00,0x00,0xc3,0xc3,0x00,0x00,0xc3,0xc3,0xf5,0xf5,0x8a,0x8a,
  0x22,0x22,0x60,0x60,0xcb,0xcb,0x1b,0x1b,0x2f,0x2f,0x2f,0x2f,0xb4,0xb4,0x47,0x47,
  0x55,0x55,0xae,0xae,0x4e,0x4e,0x9c,0x9c,0xb3,0xb3,0xcf,0x61,0x20,0x20,0xe7,0xe7,
  0x1a,0x1a,0x23,0x0c,0x01,0x01,0x69,0x69,0x01,0x01,0x69,0x69,0x01,0x01,0x69,0x69,
  0x01,0x01,0x69,0x69,0x69,0x69,0x69,0x69,0x08,0x08,0x62,0x04,0x23,0x23,0x69,0x69,
  0x52,0x52,0xbe,0xbe,0xfa,0xfa,0x3a,0x3a,0xb9,0xb9,0xaa,0xaa,0x83,0x83,0xf2,0xf2,
  0xfa,0xfa,0x3a,0x3a,0x9d,0x9d,0x5b,0x5b,0xfa,0xfa,0xfb,0x89,0x08,0x08,0x6e,0x6e,
  0x74,0x29,0x34,0x34,0x75,0x78,0x96,0x78,0x70,0x70,0x70,0x8a,0x8a,0x8a,0xdc,0xc5,
  0x54,0x54,0x51,0x51,0x00,0x00,0xc3,0xc3,0x00,0x00,0xc3,0xc3,0xf5,0xf5,0x8a,0x8a,
  0x22,0x22,0x60,0x60,0xcb,0xcb,0x1b,0x1b,0x2f,0x2f,0x2f,0x2f,0xb4,0xb4,0x47,0x47,
  0x55,0x55,0xae,0xae,0x4e,0x4e,0x9c,0x9c,0xb3,0xb3,0xcf,0x61,0x20,0x20,0xe7,0xe7,
  0x1a,0x1a,0x23,0x0c,0x01,0x01,0x69,0x69,0x01,0x01,0x69,0x69,0x01,0x01,0x69,0x69,
  0x01,0x01,0x69,0x69,0x69,0x69,0x69,0x69,0x08,0x08,0x62,0x04,0x23,0x23,0x69,0x69,
  0x52,0x52,0xbe,0xbe,0xfa,0xfa,0xfb,0x3a,0xb9,0xb9,0xaa,0xfb,0x83,0x83,0xf2,0xf2,
  0xfa,0xfa,0x3a,0x3a,0x9d,0x9d,0x5b,0x5b,0xfa,0xfa,0xfb,0x89,0x08,0x08,0x6e,0x6e,
  0xe5,0xe5,0x86,0x86,0x22,0x22,0x95,0x95,0xb3,0xb3,0xb3,0xb3,0x4e,0x4e,0x9c,0x9c,
  0xca,0xca,0xca,0xca,0x54,0x54,0xdc,0x51,0x29,0x29,0x82,0x74,0x8e,0x8e,0x8e,0x8e,
  0x22,0x22,0x21,0x21,0x58,0x58,0x0e,0x0e,0x22,0x22,0x22,0x22,0x22,0x22,0x22,0x22,
  0x22,0x22,0x22,0x22,0xb3,0xb3,0x9c,0x9c,0xd8,0xd8,0xb6,0xb6,0x08,0x08,0x08,0x08,
  0x1a,0x1a,0x23,0x0c,0x01,0x01,0x69,0x69,0x01,0x01,0x69,0x69,0x1a,0x1a,0x23,0x23,
  0x01,0x01,0x69,0x69,0x69,0x69,0x69,0x69,0xe1,0x7d,0x08,0x08,0x1a,0x1a,0x1a,0x1a,
  0x83,0x83,0x83,0x83,0xfa,0xfa,0xfa,0xfa,0xb9,0xb9,0xb9,0xb9,0xb9,0xb9,0x06,0xb9,
  0xb9,0xb9,0x06,0xb9,0xb2,0x28,0xb2,0xb2,0x1a,0x1a,0x1a,0x1a,0x22,0x22,0x08,0x08,
  0xe5,0xe5,0x86,0x86,0x22,0x22,0x95,0x95,0xb3,0xb3,0xb3,0xb3,0x4e,0x4e,0xb6,0xb6,
  0xca,0xca,0xca,0xca,0x54,0x54,0xdc,0x51,0x29,0x29,0x82,0x29,0x8e,0x8e,0x8e,0x8e,
  0x22,0x22,0x2f,0x21,0x58,0x58,0x0e,0x0e,0x22,0x22,0x22,0x22,0x22,0x22,0x22,0x22,
  0x22,0x22,0x22,0x22,0xb3,0xb3,0x9c,0x9c,0xd8,0xd8,0xb6,0xb6,0x08,0x08,0x08,0x08,
  0x1a,0x1a,0x23,0x0c,0x01,0x01,0x69,0x69,0x01,0x01,0x69,0x69,0x1a,0x1a,0x23,0x23,
  0x01,0x01,0x69,0x69,0x69,0x69,0x69,0x69,0xe1,0x7d,0x08,0x08,0x1a,0x1a,0x1a,0x1a,
  0x83,0x83,0x83,0x83,0xfa,0xfa,0xfa,0xfa,0xb9,0xb9,0xb9,0xb9,0xb9,0xb9,0x06,0xb9,
  0xb9,0xb9,0x06,0xb9,0x28,0x28,0xb2,0xb2,0x1a,0x1a,0x1a,0x1a,0x22,0x22,0x08,0x08,
  0xe5,0xe5,0x86,0x86,0x22,0x22,0x95,0x95,0x44,0x44,0x9c,0x9c,0x4e,0x4e,0xb6,0xb6,
  0xc3,0xc3,0xc3,0xc3,0x54,0x54,0x51,0x51,0xf4,0xf4,0x34,0x34,0xb1,0xb1,0xb1,0xb1,
  0x22,0x22,0x21,0x21,0x58,0x58,0x0e,0x0e,0x21,0x21,0x21,0x21,0x60,0x60,0x60,0x60,
  0x2f,0x95,0x95,0x2f,0xb3,0xb3,0x9c,0x9c,0xd8,0xd8,0xb6,0xb6,0x08,0x08,0x08,0x08,
  0x1a,0x1a,0x23,0x0c,0x01,0x01,0x69,0x69,0x01,0x01,0x69,0x69,0x1a,0x1a,0x23,0x23,
  0x01,0x01,0x69,0x69,0x69,0x69,0x69,0x69,0xe1,0x7d,0x08,0x08,0x85,0x85,0x85,0x85,
  0xf2,0xf2,0xf2,0xf2,0xf2,0xf2,0xf2,0xf2,0xaa,0xfb,0xaa,0xfb,0xfb,0xaa,0xaa,0xaa,
  0xa1,0xa1,0xa1,0x3a,0xb2,0xb2,0x50,0xb2,0x85,0x85,0x85,0x85,0x22,0x22,0x08,0x08,
  0x29,0xe5,0x86,0x86,0x22,0x22,0x95,0x95,0x44,0x44,0x9c,0x9c,0x4e,0x4e,0xb6,0xb6,
  0xc3,0xc3,0xc3,0xc3,0x54,0x54,0x51,0x51,0xf4,0xf4,0x34,0xf4,0xb1,0xb1,0xb1,0xb1,
  0x22,0x22,0x21,0x21,0x00,0x00,0x5a,0x5a,0x21,0x21,0x21,0x21,0x60,0x60,0x60,0x60,
  0x2f,0x95,0x95,0x2f,0xb3,0xb3,0x9c,0x9c,0xd8,0xd8,0xb6,0xb6,0x08,0x08,0x08,0x08,
  0x1a,0x1a,0x23,0x0c,0x01,0x01,0x69,0x69,0x01,0x01,0x69,0x69,0x1a,0x1a,0x23,0x57,
  0x01,0x01,0x69,0x69,0x69,0x69,0x69,0x69,0xe1,0x7d,0x08,0x08,0x85,0x85,0x85,0x85,
  0xf2,0xf2,0xf2,0xf2,0xc6,0xf2,0xf2,0xf2,0xaa,0xaa,0xaa,0xfb,0xaa,0xaa,0xaa,0xfb,
  0xa1,0x3a,0xa1,0x3a,0xb2,0xb2,0x50,0xb2,0x85,0x85,0x85,0x85,0x22,0x22,0x08,0x08,
  0xf5,0xf5,0x8a,0x8a,0x38,0x38,0xb4,0xb4,0x7b,0x7b,0x2f,0x2f,0x8e,0x8e,0xb1,0x95,
  0xca,0xca,0xca,0xca,0xcb,0xcb,0x75,0x1b,0x00,0x00,0x70,0x70,0x8e,0x8e,0x21,0x21,
  0x08,0x08,0x08,0x08,0xfd,0x3a,0xfd,0x84,0xaf,0xaf,0xaf,0xaf,0xb3,0xb3,0x5c,0x5c,
  0x22,0x22,0x2f,0x2f,0x00,0x00,0x00,0x00,0x30,0x8e,0x8e,0x8e,0x8e,0x8e,0xb1,0xb1,
  0x23,0x23,0x23,0x23,0x1a,0x1a,0x1a,0x1a,0x01,0x01,0x69,0x69,0x77,0x77,0x77,0x77,
  0x3b,0x3b,0x3b,0x3b,0x1a,0x1a,0x1a,0x1a,0x59,0x55,0x62,0x04,0xb2,0xb2,0x08,0x08,
  0x08,0x08,0x08,0x08,0x08,0x08,0x08,0x08,0x50,0xa5,0xb2,0xb2,0x50,0xa5,0xb2,0x0d,
  0xfa,0x3c,0xf2,0x3c,0x08,0x08,0x08,0x08,0x40,0x3f,0x40,0x40,0xe0,0xe0,0x99,0x99,
  0xf5,0xf5,0x8a,0x8a,0x38,0x38,0xb4,0xb4,0x7b,0x7b,0x2f,0x2f,0x8e,0x8e,0xb1,0xb1,
  0xca,0xca,0xca,0xca,0xcb,0xcb,0x1b,0x1b,0x00,0x00,0x70,0x70,0x8e,0x8e,0x21,0x21,
  0x08,0x08,0x08,0x08,0xfd,0x3a,0xfd,0x84,0xf7,0xf7,0xc2,0xc2,0xed,0xb3,0x55,0x5c,
  0x22,0x22,0x2f,0x2f,0x00,0x58,0x58,0x58,0x8e,0x8e,0x8e,0x8e,0x8e,0x8e,0x95,0x95,
  0x23,0x23,0x23,0x23,0x1a,0x1a,0x1a,0x1a,0x01,0x01,0x69,0x69,0x77,0x77,0x77,0x2c,
  0x3b,0x3b,0x3b,0x3b,0x1a,0x1a,0x1a,0x1a,0x59,0x55,0x62,0x04,0xa5,0xa5,0x08,0x08,
  0x08,0x08,0x08,0x08,0x08,0x08,0x08,0x08,0x50,0xa5,0xb2,0x0d,0x50,0xa5,0xb2,0x0d,
  0xfa,0x3c,0xf2,0x3c,0x08,0x08,0x08,0x08,0x40,0x40,0x40,0x40,0xe0,0xe0,0x99,0x99,
  0xf5,0xf5,0x8a,0x8a,0x38,0x38,0xb4,0xb4,0x7b,0x7b,0x2f,0x2f,0x8e,0x8e,0xb1,0x95,
  0xd7,0xd7,0xd7,0xd7,0xcb,0x13,0x1b,0x1b,0x00,0x00,0x70,0x70,0x8e,0x8e,0x21,0x21,
  0x08,0x08,0x08,0x08,0xfb,0x94,0xfb,0xfb,0xb5,0xb5,0x56,0x56,0xb3,0xb3,0x5c,0x5c,
  0x22,0x22,0x2f,0x21,0x70,0x70,0x70,0x70,0x2f,0xb1,0xb1,0xb1,0x8e,0x8e,0x95,0x95,
  0x69,0x69,0x69,0x69,0xa8,0xa8,0x57,0xa8,0x01,0x01,0x69,0x69,0x08,0x9b,0x08,0x9b,
  0x7a,0x39,0x7a,0x39,0xa8,0xa8,0xa8,0x57,0x59,0x55,0x62,0x04,0xa5,0xa5,0x08,0x08,
  0x08,0x08,0x08,0x08,0x02,0x02,0x02,0x02,0xb4,0x40,0x3f,0x3f,0x47,0x40,0x42,0x40,
  0x3f,0x40,0x3f,0x40,0x3f,0x3f,0x3f,0x40,0x6e,0x6e,0x6e,0x6e,0xe0,0xe0,0x99,0x99,
  0xf5,0xf5,0x8a,0x8a,0xb4,0x38,0x47,0xb4,0x7b,0x7b,0x2f,0x2f,0x8e,0x8e,0xb1,0x95,
  0xd4,0xd4,0xd7,0xd4,0x13,0x13,0x1b,0xcb,0x00,0x00,0x70,0x70,0x8e,0x8e,0x21,0xb1,
  0x08,0x08,0x08,0x08,0xfb,0x94,0xfb,0xfb,0xb5,0xb5,0x56,0x56,0xb3,0xb3,0x5c,0x5c,
  0x22,0x22,0x21,0x21,0x70,0x70,0x70,0x70,0xb1,0xb1,0xb1,0xb1,0x8e,0x30,0x95,0x2f,
  0x69,0x69,0x69,0x69,0xa8,0xa8,0x57,0xa8,0x01,0x01,0x69,0x69,0x08,0x36,0x08,0xa6,
  0x7a,0x39,0x7a,0x39,0xa8,0x57,0x57,0xa8,0x59,0x55,0x62,0x04,0xa5,0xb2,0x08,0x08,
  0x08,0x08,0x08,0x08,0x02,0x02,0x02,0x02,0xb4,0x40,0x3f,0x40,0x47,0x40,0x42,0x40,
  0x3f,0x40,0x3f,0x40,0x3f,0x3f,0x3f,0x40,0x6e,0x6e,0x6e,0x6e,0xe0,0xe0,0x99,0x99,
  0x08,0x08,0x08,0x08,0x08,0x08,0x08,0x08,0x13,0x13,0x13,0x13,0x24,0xe5,0xe5,0xe5,
  0x08,0x08,0x08,0x08,0x2d,0x2d,0x2d,0x0b,0x08,0x08,0x08,0x08,0x54,0x54,0x54,0x54,
  0x08,0x08,0x08,0x08,0xaa,0xaa,0xaa,0xaa,0xb5,0xb5,0x2c,0x2c,0x00,0xca,0x91,0xc3,
  0xca,0xca,0xca,0xca,0x58,0x58,0xc3,0xc3,0x38,0x38,0x38,0x38,0xe5,0xe5,0xe5,0xe5,
  0x05,0xcd,0xcd,0xcd,0x77,0x77,0x77,0x77,0xa7,0xa7,0x8d,0xa7,0x8d,0xa7,0xa7,0xa7,
  0xd2,0xa7,0xa7,0x8d,0x5b,0x5b,0x5b,0x5b,0x59,0x55,0x08,0x08,0x9e,0x11,0x11,0x37,
  0x08,0x08,0x5b,0x5b,0xc9,0xc9,0x1c,0x1c,0x08,0x08,0x08,0x08,0x08,0x08,0x08,0x08,
  0x08,0x08,0x08,0x08,0x08,0x08,0x08,0x08,0x08,0x08,0x08,0x08,0x8a,0x8a,0x99,0x99,
  0x08,0x08,0x08,0x08,0x08,0x08,0x08,0x08,0x13,0x13,0x13,0x13,0xe5,0xe5,0xe5,0xe5,
  0x08,0x08,0x08,0x08,0x2d,0x2d,0x2d,0x0b,0x08,0x08,0x08,0x08,0x54,0x54,0x54,0x54,
  0x08,0x08,0x08,0x08,0xaa,0xaa,0xaa,0xaa,0xb5,0xb5,0x2c,0x2c,0x00,0xca,0x91,0xc3,
  0xca,0xca,0xca,0xca,0x58,0x58,0xc3,0xc3,0x38,0x38,0x38,0x38,0x24,0xcb,0x24,0x96,
  0x05,0xf3,0xcd,0xcd,0x77,0x77,0x77,0x77,0xa7,0xd2,0xd2,0xa7,0xd2,0xa7,0xa7,0xd2,
  0xd2,0xa7,0xa7,0x8d,0x1f,0x5b,0x9d,0x5b,0x59,0x55,0x08,0x08,0xdf,0xdf,0x37,0xdf,
  0x08,0x08,0x5b,0x5b,0xc9,0xc9,0x1c,0x1c,0x08,0x08,0x08,0x08,0x08,0x08,0x08,0x08,
  0x08,0x08,0x08,0x08,0x08,0x08,0x08,0x08,0x08,0x08,0x08,0x08,0x8a,0x8a,0xe3,0x99,
  0x08,0x08,0x08,0x08,0x08,0x08,0x08,0x08,0x24,0x7d,0x7d,0xbd,0x7d,0x7d,0x78,0x7d,
  0x08,0x08,0x08,0x08,0x6e,0x6e,0x6e,0x6e,0x6e,0x6e,0x6e,0x79,0x58,0x8a,0x8a,0x8a,
  0x08,0x08,0x08,0x08,0xa7,0xa7,0xa7,0xa7,0xb5,0xb5,0x2c,0x2c,0x00,0xca,0x91,0xc3,
  0xbc,0xbc,0xbc,0xbc,0x58,0x58,0xc3,0xc3,0x46,0x46,0x46,0x46,0x24,0xe5,0x24,0xe5,
  0x76,0xce,0x65,0x65,0x77,0x77,0x77,0x77,0x0b,0x2e,0xab,0x2e,0x79,0x79,0x79,0x79,
  0x79,0x79,0x79,0x79,0x9d,0x1f,0xa1,0x9d,0x59,0x55,0x08,0x08,0xf3,0xf3,0xf3,0xcd,
  0x08,0x08,0x5b,0x5b,0xc9,0xc9,0x1c,0x1c,0x36,0x08,0x08,0x08,0x2d,0x0b,0x2d,0x2d,
  0x08,0x08,0x08,0x08,0x08,0x08,0x08,0x08,0x08,0x08,0x08,0x08,0x8a,0x8a,0xe3,0x99,
  0x08,0x08,0x08,0x08,0x08,0x08,0x08,0x08,0x24,0x7d,0x7d,0x7d,0x7d,0x78,0x78,0x7d,
  0x08,0x08,0x08,0x08,0x6e,0x6e,0x6e,0x79,0x6e,0x6e,0x6e,0x5b,0x8a,0x8a,0x8a,0x8a,
  0x08,0x08,0x08,0x08,0xa7,0xa7,0xa7,0xa7,0xf8,0xb5,0x77,0x2c,0x00,0xca,0x91,0xc3,
  0xbc,0xbc,0xbc,0xbc,0x58,0x58,0xc3,0xc3,0x46,0x47,0x46,0x46,0xe5,0x24,0xe5,0x24,
  0x76,0x4a,0x65,0xce,0x77,0x77,0x77,0x77,0x0b,0xa7,0xa7,0x2e,0x79,0x79,0x79,0x79,
  0x79,0x79,0x79,0x79,0x5b,0x9d,0x5b,0xa1,0x59,0x55,0x08,0x08,0xf3,0xf3,0xcd,0xf3,
  0x08,0x08,0x5b,0x5b,0xc9,0xc9,0x1c,0x1c,0x08,0x08,0x08,0x08,0x2d,0x0b,0x2d,0x2d,
  0x08,0x08,0x08,0x08,0x08,0x08,0x08,0x08,0x08,0x08,0x08,0x08,0x54,0x8a,0xe3,0x99,
  0x47,0x46,0x40,0x40,0x23,0x01,0x01,0x01,0x0b,0x3d,0x36,0xf1,0x08,0x08,0x08,0x08,
  0x98,0x98,0x8b,0x8b,0x23,0x23,0x1a,0x1a,0x08,0x08,0x3f,0x3f,0xc1,0xc1,0xc7,0xc7,
  0x08,0x08,0x08,0x08,0x01,0x01,0x01,0x01,0xf6,0xf6,0xce,0x9e,0xb3,0x5c,0x5c,0x5c,
  0xcb,0xcb,0xcb,0xcb,0x22,0x22,0x22,0x22,0x8e,0x8e,0xb1,0xb1,0x58,0x00,0xe3,0x58,
  0x08,0x08,0x08,0x08,0x4a,0xcd,0x4a,0xcd,0x08,0xd3,0xd3,0xd3,0xa7,0xab,0xab,0xab,
  0x01,0x01,0x23,0x23,0x71,0x71,0x71,0x71,0xb4,0x40,0x08,0x08,0x39,0x39,0x7a,0x7a,
  0x8f,0x8f,0x85,0x85,0x1e,0x1e,0x27,0x27,0x08,0x08,0x01,0x01,0x08,0x08,0x2d,0x2d,
  0x77,0xfe,0x4d,0x4d,0x08,0x08,0x5e,0x5e,0x08,0x08,0x2d,0x77,0x2d,0x0b,0x01,0x01,
  0x47,0x45,0x40,0x3f,0x23,0x01,0x23,0x01,0x0b,0x0b,0x36,0x36,0x08,0x08,0x08,0x08,
  0xb5,0xb5,0xf8,0xf8,0x01,0x01,0x1a,0x1a,0x08,0x08,0x40,0x40,0x31,0xc1,0x1e,0xc7,
  0x08,0x08,0x08,0x08,0x01,0x01,0x01,0x01,0xf6,0xf6,0xce,0xce,0xb3,0x5c,0x5c,0x5c,
  0xcb,0xcb,0xcb,0xcb,0x22,0x22,0x22,0x22,0x8e,0x8e,0xb1,0xb1,0x58,0x58,0xe3,0x99,
  0x08,0x08,0x08,0x08,0x4a,0xcd,0x4a,0xcd,0x19,0xd3,0xd3,0xd3,0xa7,0xab,0xab,0xab,
  0x01,0x01,0x23,0x23,0x3b,0x71,0x71,0x71,0xb4,0x40,0x08,0x08,0x39,0x39,0x7a,0x7a,
  0x8f,0x8f,0x85,0x85,0xe6,0x1e,0x27,0x27,0x08,0x08,0x01,0x01,0x08,0x08,0x2d,0x77,
  0x77,0xfe,0x4d,0x4d,0x08,0x08,0x55,0x5e,0x08,0x08,0x2d,0x77,0x2d,0x0b,0x01,0x01,
  0x46,0xdb,0x40,0x3f,0x1a,0x1a,0x1a,0x23,0x0b,0x0b,0x36,0x36,0x04,0x62,0x62,0x62,
  0xb5,0xb5,0xf8,0xf8,0x01,0x01,0x1a,0x1a,0x08,0x08,0x40,0x40,0x31,0xc1,0xc1,0xc7,
  0x08,0x08,0x08,0x08,0x23,0x57,0x57,0x57,0xf6,0xf6,0xce,0xce,0xb3,0x5c,0x5c,0x5c,
  0x1b,0x1b,0x1b,0x1b,0x95,0x95,0x95,0x2f,0x8e,0x8e,0xb1,0xb1,0x58,0x58,0xe3,0x99,
  0x13,0x13,0x13,0x13,0x87,0x4a,0x87,0x4a,0x08,0x08,0x36,0x08,0x2e,0x3d,0x94,0x94,
  0x01,0x01,0x23,0x23,0x2b,0x2b,0x2b,0x2b,0xb4,0x40,0x08,0x08,0x39,0x39,0x7a,0x7a,
  0x8f,0x8f,0x85,0x85,0xe6,0x1e,0xbf,0x27,0x08,0x08,0x01,0x01,0x08,0x08,0x2d,0x77,
  0x77,0x4d,0xad,0x77,0x08,0x08,0x55,0x5e,0x08,0x08,0x2d,0x77,0x2d,0x0b,0x01,0x01,
  0x46,0xdb,0x40,0x3f,0x1a,0x1a,0x1a,0x1a,0xf8,0x0b,0x3d,0x36,0x04,0x62,0x0a,0x62,
  0xb5,0xb5,0xf8,0xf8,0x01,0x01,0x1a,0x1a,0x08,0x08,0x40,0x40,0x31,0xc1,0xc1,0xc7,
  0x08,0x08,0x08,0x08,0x23,0x57,0x57,0x57,0xf6,0xf6,0xce,0xce,0xb3,0x5c,0x5c,0x5c,
  0x1b,0x1b,0x1b,0x1b,0x95,0x95,0x95,0x2f,0x8e,0x8e,0xb1,0xb1,0x58,0x58,0xe3,0x99,
  0x13,0x13,0x13,0x13,0x87,0x4a,0x87,0x4a,0x08,0x08,0x36,0x08,0x2e,0x3d,0x94,0x94,
  0x01,0x01,0x23,0x23,0x2b,0x2b,0x2b,0x2b,0xb4,0x40,0x08,0x08,0x39,0x39,0x7a,0x7a,
  0x8f,0x8f,0x85,0x85,0xe6,0x1e,0xbf,0x27,0x08,0x08,0x01,0x01,0x08,0x08,0x2d,0x77,
  0x77,0x4d,0xad,0x77,0x08,0x08,0x55,0x5e,0x08,0x08,0x2d,0x77,0x2d,0x0b,0x01,0x01,
  0xaf,0xaf,0xaf,0xaf,0xad,0xad,0x77,0xad,0x77,0x77,0x77,0x2c,0x39,0x39,0x39,0x39,
  0x77,0x77,0x77,0x2c,0x77,0x77,0x77,0xad,0xf0,0xf0,0xf0,0x93,0x08,0x08,0x04,0x0a,
  0x08,0x08,0x40,0x3f,0x01,0x01,0x23,0x01,0x0b,0x0b,0x77,0x77,0x4e,0xb3,0xb3,0xb1,
  0x59,0x59,0x59,0x59,0x38,0x38,0x38,0x38,0x08,0x08,0x62,0x62,0x08,0x08,0x08,0x08,
  0xa1,0xa1,0xa1,0x79,0xa7,0xa7,0x79,0x79,0xff,0xff,0x9d,0x9d,0xff,0xff,0x9d,0x9d,
  0x76,0x76,0x71,0x71,0x71,0x71,0x39,0x39,0xc2,0x65,0x08,0x08,0x23,0x23,0x57,0x57,
  0x8f,0x8f,0x85,0x85,0x0b,0x2d,0xf6,0x05,0x08,0x08,0x6e,0x6e,0x08,0x08,0x08,0x08,
  0x08,0x08,0x08,0x08,0x08,0x08,0x04,0x62,0x08,0x08,0x2d,0x77,0x2d,0x0b,0x01,0x01,
  0x4c,0x4c,0x4c,0x4c,0xad,0xad,0x77,0xad,0x77,0x77,0x77,0x2c,0x39,0x39,0x39,0x39,
  0x77,0x77,0x77,0x2c,0x77,0xad,0x77,0xad,0x93,0x93,0x93,0x93,0x08,0x08,0x04,0x0a,
  0x08,0x08,0x40,0x3f,0x01,0x01,0x23,0x01,0x0b,0x0b,0x77,0x77,0x4e,0x4e,0xb3,0xb3,
  0x59,0x59,0x59,0x59,0x38,0x38,0x38,0x38,0x08,0x08,0x04,0x0a,0x08,0x08,0x08,0x08,
  0xa1,0xa1,0xa1,0x79,0xa7,0xa7,0x79,0x79,0xff,0xff,0x9d,0x9d,0xff,0xff,0x9d,0x9d,
  0x76,0x76,0x71,0x71,0x71,0x71,0x39,0x39,0xc2,0x65,0x08,0x08,0x23,0x23,0x57,0x57,
  0x8f,0x8f,0x85,0x85,0x0b,0x2d,0xf6,0x05,0x08,0x08,0x6e,0x6e,0x08,0x08,0x08,0x08,
  0x08,0x08,0x08,0x08,0x08,0x08,0x62,0x0a,0x08,0x08,0x2d,0x77,0x2d,0x0b,0x01,0x01,
  0xaf,0xaf,0xe8,0xaf,0x2c,0x2c,0x77,0x2c,0x36,0x36,0x36,0x9b,0x7a,0x87,0x65,0x7a,
  0x36,0x36,0x36,0x9b,0x77,0x77,0x77,0x2c,0xc2,0xc2,0xc2,0xc2,0x08,0x08,0x62,0x62,
  0x08,0x08,0x40,0x42,0x1a,0x1a,0x1a,0x1a,0x0b,0x2e,0x77,0xad,0x7b,0x4e,0xb3,0xb3,
  0x38,0x38,0x47,0x38,0x47,0x38,0x47,0x47,0x08,0x08,0x04,0x04,0x08,0x08,0x08,0x08,
  0xa1,0xa1,0xa1,0x79,0xa7,0xa7,0x79,0x79,0xff,0xff,0x9d,0x9d,0xff,0xff,0x9d,0x9d,
  0x76,0x76,0x71,0x71,0x71,0x71,0x39,0x39,0xc2,0x65,0x08,0x08,0x23,0x23,0x57,0x57,
  0x8f,0x8f,0x85,0x85,0x0b,0x2d,0xf6,0x05,0x08,0x08,0x6e,0x6e,0x08,0x08,0x08,0x08,
  0x08,0x08,0x08,0x08,0x08,0x08,0x0a,0x0a,0x08,0x08,0x2d,0x77,0x2d,0x0b,0x01,0x01,
  0x56,0x56,0x56,0x56,0x2c,0x2c,0x77,0x2c,0x36,0x36,0x36,0x9b,0x87,0x87,0x65,0x7a,
  0x36,0x36,0x36,0x9b,0x77,0x2c,0x77,0x2c,0xc2,0xc2,0xc2,0xc2,0x08,0x08,0x62,0x62,
  0x08,0x08,0x40,0x42,0x1a,0x1a,0x1a,0x1a,0x2e,0x0b,0xad,0x77,0x7b,0x4e,0xb3,0xb3,
  0x38,0x38,0x47,0x38,0x47,0x47,0x47,0x47,0x08,0x08,0x04,0x0a,0x08,0x08,0x08,0x08,
  0xa1,0xa1,0xa1,0x79,0xa7,0xa7,0x79,0x79,0xff,0xff,0x9d,0x9d,0xff,0xff,0x9d,0x9d,
  0x76,0x76,0x71,0x71,0x71,0x71,0x39,0x39,0xc2,0x65,0x08,0x08,0x23,0x23,0x57,0x57,
  0x8f,0x8f,0x85,0x85,0x0b,0x2d,0xf6,0x05,0x08,0x08,0x6e,0x6e,0x08,0x08,0x08,0x08,
  0x08,0x08,0x08,0x08,0x08,0x08,0x0a,0x0a,0x08,0x08,0x2d,0x0b,0x2d,0x0b,0x01,0x01,
  0x61,0x44,0x44,0x4d,0x08,0x08,0x08,0x08,0xf3,0x11,0x9e,0xf3,0x08,0x08,0x08,0x08,
  0xfd,0xfd,0xfb,0xfb,0x10,0x10,0xf8,0x10,0x45,0x45,0x45,0x45,0x5b,0x6e,0x6e,0x79,
  0x08,0x08,0x08,0x08,0x71,0x71,0x3b,0x71,0x77,0x77,0x77,0x77,0xa4,0xa4,0xba,0xba,
  0x07,0x07,0xc0,0x07,0x53,0x53,0x53,0x53,0x38,0x38,0x38,0x38,0x4e,0x4e,0x5c,0x5c,
  0x3b,0x3b,0x7a,0x7a,0xaa,0xaa,0x1f,0xd2,0xaa,0xaa,0x1f,0xd2,0xaa,0xaa,0x1f,0xd2,
  0xaa,0xaa,0x1f,0xd2,0x9d,0x9d,0x5b,0x5b,0xb4,0x40,0x08,0x08,0x08,0x08,0x08,0x08,
  0x08,0x08,0x08,0x08,0x96,0xb8,0x96,0x75,0x08,0x9b,0x9b,0x08,0x08,0x08,0x08,0x08,
  0x08,0x08,0x08,0x08,0x08,0x08,0x08,0x08,0x08,0x08,0x08,0x08,0x8a,0x8a,0xe3,0x99,
  0x44,0x61,0x4d,0xbb,0x08,0x08,0x08,0x08,0xf3,0x11,0x9e,0xe2,0x08,0x08,0x08,0x08,
  0xfd,0xfd,0xfb,0xfb,0x10,0x10,0xab,0xab,0x45,0x45,0x46,0x45,0x5b,0x5b,0x6e,0x79,
  0x08,0x08,0x08,0x08,0x71,0x71,0x3b,0x71,0x77,0x77,0x77,0x77,0xa4,0xa4,0xba,0xba,
  0x07,0x07,0xc0,0x07,0x53,0x53,0x53,0x53,0x38,0x38,0x38,0x38,0x4e,0x4e,0x5c,0x5c,
  0x3b,0x3b,0x7a,0x7a,0xaa,0xaa,0x1f,0xd2,0xaa,0xaa,0x1f,0xd2,0xaa,0xaa,0x1f,0xd2,
  0xaa,0xaa,0x1f,0xd2,0x9d,0x9d,0x5b,0x5b,0xb4,0x40,0x08,0x08,0x08,0x08,0x08,0x08,
  0x08,0x08,0x08,0x08,0xb8,0xb8,0x75,0x75,0x08,0x08,0x08,0x9b,0x08,0x08,0x08,0x08,
  0x08,0x08,0x08,0x08,0x08,0x08,0x08,0x08,0x08,0x08,0x08,0x08,0x8a,0x8a,0x99,0x99,
  0xbb,0xbb,0xbb,0xbb,0x08,0x08,0x08,0x08,0xdf,0x11,0x9e,0xdf,0x08,0x08,0x08,0x08,
  0x0f,0x0f,0xa1,0xa1,0xab,0xab,0xab,0xab,0x08,0x08,0x08,0x08,0x08,0x08,0x08,0x08,
  0x08,0x08,0x08,0x08,0x71,0x3e,0x39,0x71,0x77,0x77,0x77,0x77,0xa4,0xa4,0xa4,0xba,
  0x07,0x07,0xc0,0x07,0x14,0x14,0x14,0x63,0xb4,0xb4,0xb4,0xb4,0x4e,0x4e,0x4e,0x4e,
  0x3b,0x3b,0x7a,0x7a,0xaa,0xaa,0xd2,0xaa,0xaa,0xaa,0xd2,0xaa,0xaa,0xaa,0xd2,0xaa,
  0xaa,0xaa,0xd2,0xaa,0x9d,0x9d,0x9d,0x9d,0xb4,0x40,0x08,0x08,0x6e,0x6e,0x6e,0x6e,
  0x6e,0x6e,0x6e,0x6e,0xb8,0xb8,0x75,0x75,0x08,0x08,0x08,0x08,0x08,0x08,0x08,0x08,
  0x2d,0x77,0x77,0x2d,0x08,0x08,0x08,0x08,0x08,0x08,0x08,0x08,0x54,0x54,0xe3,0xe3,
  0xbb,0xbb,0xbb,0xbb,0x08,0x08,0x08,0x08,0xdf,0x11,0x9e,0xe2,0x08,0x08,0x08,0x08,
  0x0f,0xfd,0xa1,0xa1,0xab,0xab,0xab,0xab,0x08,0x08,0x08,0x08,0x08,0x08,0x08,0x08,
  0x08,0x08,0x08,0x08,0x71,0x3e,0x39,0x71,0x4d,0x4d,0x4d,0x4d,0xa4,0xa4,0xba,0xba,
  0x07,0x07,0xc0,0x07,0x14,0x14,0x14,0x63,0xb4,0xb4,0xb4,0xb4,0x4e,0x4e,0x9c,0xb3,
  0x4a,0x3b,0x65,0x7a,0xaa,0xaa,0xd2,0xaa,0xaa,0xaa,0xd2,0xaa,0xaa,0xaa,0xd2,0xaa,
  0xaa,0xaa,0xd2,0xaa,0x9d,0x9d,0x5b,0x5b,0xb4,0x40,0x08,0x08,0x6e,0x6e,0x6e,0x6e,
  0x6e,0x6e,0x6e,0x6e,0xb8,0xb8,0x75,0x75,0x08,0x08,0x08,0x08,0x08,0x08,0x08,0x08,
  0x2d,0x77,0x77,0x2d,0x08,0x08,0x08,0x08,0x08,0x08,0x08,0x08,0x8a,0x8a,0x99,0x99,
  0x08,0x08,0x08,0x08,0x1f,0x79,0xa1,0x1f,0x3b,0x3b,0x3b,0x3b,0x3b,0x3b,0x7a,0x7a,
  0x08,0x08,0x08,0x08,0x08,0x08,0x08,0x08,0x3b,0x3b,0x3b,0x3b,0xcd,0xcd,0x4a,0x4a,
  0x08,0x08,0x08,0x08,0x08,0x08,0x08,0x08,0x0b,0x2d,0x77,0x2d,0xb9,0xb9,0x9d,0x9d,
  0xb9,0xb9,0x9d,0x9d,0xb9,0xb9,0x9d,0x9d,0xf2,0xf2,0x89,0x89,0xc2,0xc2,0xc2,0xc2,
  0x08,0x08,0x08,0x08,0x08,0x08,0x08,0x08,0x08,0x08,0x08,0x08,0xb5,0x2c,0xf8,0xb5,
  0xb5,0x2c,0x2c,0xb5,0x08,0x08,0x08,0x08,0x08,0x08,0x08,0x08,0x08,0x08,0x08,0x08,
  0x08,0x08,0x08,0x08,0x08,0x08,0x08,0x08,0x08,0x08,0x08,0x08,0x08,0x08,0x08,0x08,
  0x08,0x08,0x08,0x08,0x08,0x08,0x08,0x08,0x08,0x08,0x08,0x08,0xb5,0x56,0x56,0xaf,
  0x08,0x08,0x08,0x08,0x79,0x79,0x1f,0x1f,0x3b,0x3b,0x3b,0x3b,0x3b,0x3b,0x7a,0x7a,
  0x08,0x08,0x08,0x08,0x08,0x08,0x08,0x08,0x3b,0x3b,0x3b,0x3b,0x4a,0xcd,0x4a,0x4a,
  0x08,0x08,0x08,0x08,0x08,0x08,0x08,0x08,0x0b,0x0b,0x77,0x0b,0x3a,0x3a,0x79,0x79,
  0x3a,0x3a,0x79,0x79,0x3a,0x3a,0x79,0x79,0xfb,0xfb,0x3a,0x3a,0xf0,0xc2,0xc2,0xc2,
  0x08,0x08,0x08,0x08,0x08,0x08,0x08,0x08,0x08,0x08,0x08,0x08,0xb5,0x2c,0xf8,0xb5,
  0xb5,0x2c,0xf8,0xb5,0x08,0x08,0x08,0x08,0x08,0x08,0x08,0x08,0x08,0x08,0x08,0x08,
  0x08,0x08,0x08,0x08,0x08,0x08,0x08,0x08,0x08,0x08,0x08,0x08,0x08,0x08,0x08,0x08,
  0x08,0x08,0x08,0x08,0x08,0x08,0x08,0x08,0x08,0x08,0x08,0x08,0xb5,0x56,0x56,0xaf,
  0x08,0x08,0x08,0x08,0x79,0x79,0x79,0x79,0x0d,0x7a,0x7a,0x7a,0x3b,0x3b,0x7a,0x7a,
  0x08,0x08,0x08,0x08,0x08,0x08,0x08,0x08,0x7a,0x7a,0x7a,0x7a,0xcd,0xcd,0xce,0xce,
  0x08,0x08,0x08,0x08,0x08,0x08,0x08,0x08,0x0b,0x0b,0x77,0x0b,0x3a,0x3a,0x79,0x79,
  0x3a,0x3a,0x79,0x79,0x3a,0x3a,0x79,0x79,0xfb,0xfb,0x3a,0x3a,0x19,0x08,0x19,0x19,
  0x0b,0x77,0x77,0x79,0x2d,0x77,0x77,0x79,0x2d,0x77,0x77,0x79,0xad,0x08,0x36,0xad,
  0xad,0x08,0x08,0xad,0x08,0x08,0x08,0x08,0x2d,0x0b,0x77,0x79,0x08,0x08,0x08,0x08,
  0x08,0x08,0x08,0x08,0x2d,0x0b,0x77,0x79,0x6e,0x5b,0x5b,0x6e,0x6e,0x5b,0x5b,0x6e,
  0x08,0x08,0x08,0x08,0x08,0x08,0x08,0x08,0x08,0x08,0x08,0x08,0x93,0x9b,0x9b,0xe8,
  0x77,0x77,0x08,0x08,0x79,0x79,0x79,0x79,0x0d,0x7a,0x7a,0x7a,0x3b,0x3b,0x7a,0x7a,
  0x08,0x08,0x08,0x08,0x08,0x08,0x08,0x08,0x7a,0x7a,0x7a,0x7a,0xce,0xcd,0xce,0xce,
  0x08,0x08,0x08,0x08,0x08,0x08,0x08,0x08,0x0b,0x2d,0x0b,0x79,0x3a,0x3a,0x79,0x79,
  0x3a,0x3a,0x79,0x79,0x3a,0x3a,0x79,0x79,0xfb,0xfb,0x3a,0x3a,0x66,0x08,0x19,0x19,
  0x2d,0x77,0x77,0x79,0x2d,0x77,0x77,0x79,0x2d,0x77,0x77,0x79,0xad,0x08,0x36,0xad,
  0xad,0x08,0x36,0xad,0x08,0x08,0x08,0x08,0x2d,0x0b,0x77,0x79,0x08,0x08,0x08,0x08,
  0x08,0x08,0x08,0x08,0x2d,0x0b,0x77,0x79,0x6e,0x5b,0x5b,0x6e,0x6e,0x5b,0x5b,0x6e,
  0x08,0x08,0x08,0x08,0x08,0x08,0x08,0x08,0x08,0x08,0x08,0x08,0x93,0x9b,0x9b,0xe8,
  0x3b,0x3b,0x3b,0x3b,0x1a,0x1a,0x1a,0x1a,0x3b,0x3b,0x71,0x71,0x69,0x69,0x69,0x69,
  0x2c,0x2c,0x2c,0x2c,0x3d,0x3d,0x2e,0x2e,0x69,0x69,0x69,0x69,0xcd,0xcd,0x3e,0x3e,
  0x1a,0x1a,0x1a,0x1a,0x7a,0x71,0x08,0x08,0xf9,0xf9,0xb4,0x40,0x08,0x08,0x0a,0x0a,
  0x08,0x08,0x0a,0x0a,0x08,0x08,0x0a,0x0a,0x08,0x08,0x0a,0x0a,0x08,0x08,0x08,0x08,
  0x6c,0x6c,0xfd,0xfd,0x17,0x17,0x17,0x17,0xfc,0x88,0x88,0xfc,0x08,0x08,0x08,0x08,
  0x7f,0x7f,0x7f,0x7f,0x6b,0xa2,0xa2,0x0c,0xa2,0xa2,0x8b,0x8b,0xda,0xda,0xda,0xda,
  0x6c,0x6c,0xfd,0xfd,0x6c,0x6c,0xfd,0xfd,0x6c,0x6c,0xfd,0xfd,0x6c,0x6c,0xfd,0xfd,
  0x08,0x08,0x08,0x08,0x08,0x08,0x08,0x08,0xeb,0xeb,0x8b,0x8b,0x6c,0x6c,0xfd,0xfd,
  0x3b,0x3b,0x3b,0x3b,0x1a,0x1a,0x1a,0x1a,0x3b,0x3b,0x71,0x71,0x69,0x69,0x69,0x69,
  0x2c,0x2c,0x2c,0x2c,0x3d,0x3d,0x2e,0x2e,0x69,0x69,0x69,0x69,0xcd,0xcd,0x3e,0x3e,
  0x1a,0x1a,0x1a,0x1a,0x7a,0x71,0x08,0x08,0xf9,0xf9,0xb4,0x40,0x08,0x08,0x0a,0x0a,
  0x08,0x08,0x0a,0x0a,0x08,0x08,0x0a,0x0a,0x08,0x08,0x0a,0x0a,0x08,0x08,0x08,0x08,
  0x6c,0x6c,0xfd,0xfd,0x17,0x17,0xcc,0x17,0xfc,0x88,0x88,0xfc,0x08,0x08,0x08,0x08,
  0x70,0x70,0x7f,0x7f,0x70,0x70,0x58,0x58,0x6b,0x6b,0x98,0x98,0xda,0xda,0xda,0xda,
  0x6c,0x6c,0xfd,0xfd,0x6c,0x6c,0xfd,0xfd,0x6c,0x6c,0xfd,0xfd,0x6c,0x6c,0xfd,0xfd,
  0x08,0x08,0x08,0x08,0x08,0x08,0x08,0x08,0xeb,0xeb,0x8b,0x8b,0x6c,0x6c,0xfd,0xfd,
  0x39,0x68,0x68,0x68,0x1a,0x1a,0x1a,0x1a,0x3b,0x3b,0x39,0x39,0x69,0x69,0x69,0x69,
  0x77,0x2c,0x77,0x2c,0x3d,0x3d,0x2e,0x2e,0x69,0x69,0x69,0x69,0xcd,0xcd,0x3e,0x3e,
  0x1a,0x1a,0x1a,0x1a,0x7a,0x04,0x08,0x08,0xf9,0xf9,0xb4,0x40,0x08,0x08,0x0a,0x0a,
  0x08,0x08,0x0a,0x0a,0x08,0x08,0x0a,0x0a,0x08,0x08,0x0a,0x0a,0x08,0x08,0x08,0x08,
  0x6c,0x6c,0xfd,0xfd,0x17,0x96,0x17,0x86,0x49,0xa9,0x88,0x49,0x45,0x45,0x45,0x45,
  0x7f,0x7f,0xb0,0xb0,0x7f,0x7f,0x6b,0x6b,0x51,0x51,0x98,0x98,0x15,0x15,0x15,0x15,
  0x6c,0x6c,0xfd,0xfd,0x6c,0x6c,0xfd,0xfd,0x6c,0x6c,0xfd,0xfd,0x6c,0x6c,0xfd,0xfd,
  0x08,0x08,0x08,0x08,0x08,0x08,0x08,0x08,0xeb,0xeb,0x8b,0x8b,0x6c,0x6c,0xfd,0xfd,
  0x68,0x68,0x39,0x39,0x1a,0x1a,0x1a,0x1a,0x3b,0x3b,0x71,0x71,0x69,0x69,0x69,0x69,
  0x4c,0x4c,0xb5,0xb5,0x8d,0x8d,0xa7,0xa7,0x69,0x69,0x69,0x69,0xcd,0xcd,0x3b,0x3e,
  0x1a,0x1a,0x1a,0x1a,0x7a,0x68,0x08,0x08,0xf9,0xf9,0xb4,0x40,0x08,0x08,0x0a,0x0a,
  0x08,0x08,0x0a,0x0a,0x08,0x08,0x0a,0x0a,0x08,0x08,0x0a,0x0a,0x08,0x08,0x08,0x08,
  0x0f,0x6c,0xef,0xfd,0x17,0x17,0x17,0x17,0x49,0x88,0x88,0x49,0x45,0x45,0x45,0x45,
  0xa2,0xa2,0x85,0x85,0xa2,0xa2,0x0c,0x0c,0xa2,0xa2,0x8b,0x8b,0x15,0x15,0x15,0x15,
  0x0f,0x6c,0xef,0xfd,0x6c,0x6c,0xfd,0xfd,0x6c,0x6c,0xfd,0xfd,0x6c,0x6c,0xfd,0xfd,
  0x08,0x08,0x08,0x08,0x08,0x08,0x08,0x08,0x84,0x84,0x8b,0x8b,0x6c,0x6c,0xfd,0xfd,
  0xab,0x3d,0xa7,0x3d,0x69,0x69,0x69,0x69,0x9d,0x9d,0x5b,0x5b,0x08,0x08,0x08,0x08,
  0x58,0x58,0x58,0x58,0xc3,0x91,0xe6,0x1c,0x08,0x08,0x62,0x62,0x5b,0x9d,0x5b,0x5b,
  0xc2,0xc2,0xc2,0xc2,0x08,0x08,0x08,0x08,0xf9,0x60,0x40,0x40,0x08,0x08,0x0a,0x0a,
  0x08,0x08,0x0a,0x0a,0x08,0x08,0x0a,0x0a,0x08,0x08,0x0a,0x0a,0x94,0x94,0x94,0x94,
  0x92,0x92,0x92,0x92,0x11,0x11,0x11,0x11,0xc8,0xc8,0xc8,0xb0,0x11,0x3e,0x11,0x11,
  0x11,0x11,0x11,0x11,0xc8,0xc8,0xc8,0xc8,0x4b,0x4b,0x92,0x4b,0x92,0x4b,0x92,0x4b,
  0x10,0x10,0x10,0x10,0x6c,0x6c,0xfd,0xfd,0x5f,0x5f,0x5f,0x5f,0x08,0x08,0x08,0x08,
  0xd9,0xe1,0xe1,0xe1,0x4b,0x92,0xb7,0xb7,0x33,0x85,0x33,0xb0,0xf1,0x10,0x10,0x10,
  0xab,0x3d,0xa7,0x3d,0x8f,0x8f,0x69,0x69,0x9d,0x9d,0x5b,0x5b,0x08,0x08,0x08,0x45,
  0x58,0x58,0x58,0x00,0x58,0x58,0xca,0xca,0x08,0x08,0x04,0x62,0x9d,0x9d,0x5b,0x5b,
  0xc2,0xc2,0xc2,0xc2,0x08,0x08,0x08,0x08,0xf9,0x60,0x40,0x40,0x08,0x08,0x0a,0x0a,
  0x08,0x08,0x0a,0x0a,0x08,0x08,0x0a,0x0a,0x08,0x08,0x0a,0x0a,0x94,0x94,0x94,0x94,
  0x92,0x92,0x92,0x92,0x11,0x11,0x11,0x11,0xc8,0xc8,0xc8,0xb0,0x11,0x3e,0x11,0x11,
  0x11,0x11,0x11,0x11,0xc8,0xc8,0xc8,0xc8,0x4b,0x4b,0x92,0x4b,0x92,0x4b,0x92,0x4b,
  0x10,0x10,0x10,0x10,0x6c,0x6c,0xfd,0xfd,0x5f,0x5f,0x5f,0x5f,0x08,0x08,0x08,0x08,
  0xe1,0xe1,0xe1,0xd9,0x4b,0xb7,0xb7,0x92,0xb0,0x85,0xb0,0xb0,0xf1,0xf1,0xf1,0xf1,
  0xab,0x3d,0xa7,0xa7,0x8f,0x8f,0x69,0x69,0x9d,0x9d,0x5b,0x5b,0x08,0x08,0x08,0x08,
  0x91,0x91,0x91,0x91,0x58,0x58,0xca,0xca,0x08,0x08,0x04,0x0a,0x9d,0x9d,0x5b,0x5b,
  0xc2,0xc2,0xc2,0xc2,0x08,0x08,0x08,0x08,0xf9,0x60,0x40,0x40,0x08,0x08,0x0a,0x0a,
  0x08,0x08,0x0a,0x0a,0x08,0x08,0x0a,0x0a,0x08,0x08,0x0a,0x0a,0x94,0x94,0x94,0x94,
  0x92,0x92,0x92,0x92,0x05,0x05,0x05,0x05,0x8f,0x8f,0x8f,0x8f,0x76,0x76,0x76,0x76,
  0x05,0x05,0x05,0x05,0x8c,0x8c,0x8c,0x8c,0x2d,0x2d,0xa7,0x2d,0xab,0x3d,0xab,0x3d,
  0xab,0xab,0x10,0xab,0x6c,0x6c,0xfd,0xfd,0x10,0x10,0xf1,0x10,0x08,0x08,0x08,0x08,
  0xd9,0x7a,0x65,0x65,0x3d,0xa7,0xab,0xab,0x85,0x85,0x85,0x85,0x8d,0x3d,0x3d,0x3d,
  0xab,0x3d,0xa7,0xa7,0x8f,0x8f,0x69,0x69,0x9d,0x9d,0x5b,0x5b,0x08,0x08,0x08,0x08,
  0xc3,0x91,0xc3,0x91,0x58,0x58,0xca,0xca,0x08,0x08,0x04,0x04,0x9d,0x9d,0x5b,0x5b,
  0xc2,0xc2,0xc2,0xc2,0x08,0x08,0x08,0x08,0xf9,0x60,0x40,0x40,0x08,0x08,0x0a,0x0a,
  0x08,0x08,0x0a,0x0a,0x08,0x08,0x0a,0x0a,0x08,0x08,0x0a,0x0a,0x94,0x94,0x94,0x94,
  0x92,0x92,0x92,0x92,0x05,0x05,0x05,0x05,0x8f,0x8f,0x8f,0x8f,0x76,0x76,0x76,0x76,
  0x05,0x05,0x05,0x05,0x8c,0x8c,0x8c,0x8c,0x2d,0x2d,0xa7,0x2d,0xab,0x3d,0xab,0x3d,
  0xab,0xab,0x10,0xab,0x6c,0x0f,0xfd,0xef,0x10,0x10,0xf1,0x10,0x08,0x08,0x08,0x08,
  0x65,0x65,0x7a,0xd9,0x3d,0xab,0xab,0xa7,0x85,0x85,0x85,0x85,0x8d,0x8d,0x8d,0x8d,
  0xaf,0xaf,0xe8,0xe8,0x56,0x56,0x56,0x56,0x3a,0x3a,0xa7,0xa7,0x08,0x08,0x08,0x36,
  0x04,0x04,0x04,0x04,0x04,0x04,0x40,0x40,0x08,0x08,0x04,0x04,0x56,0x56,0x56,0x56,
  0x9d,0x9d,0x79,0x79,0x08,0x08,0x08,0x08,0x5b,0x2d,0x2d,0x5b,0x08,0x08,0x0a,0x0a,
  0x08,0x08,0x0a,0x0a,0x08,0x08,0x0a,0x0a,0x08,0x08,0x0a,0x0a,0x94,0x94,0x94,0x94,
  0xd9,0xe1,0xe1,0xd9,0x9a,0x9a,0x9a,0x9a,0x9a,0x49,0x49,0x9a,0x26,0x9a,0x9a,0x26,
  0xde,0xde,0xde,0x26,0xa8,0xa8,0xb0,0xb0,0x64,0x64,0x1a,0xa8,0x26,0x26,0xec,0xec,
  0x3e,0x3e,0x3e,0x3e,0x45,0x45,0x08,0x08,0xc8,0xc8,0x8f,0x8f,0x64,0x52,0x7e,0x7e,
  0x76,0x76,0x11,0x11,0x9a,0x9a,0x9a,0x9a,0x08,0x08,0x08,0x08,0xef,0x84,0x1f,0xfd,
  0xaf,0xaf,0xe8,0xe8,0x56,0x56,0x56,0x56,0x3a,0x3a,0x79,0x79,0x08,0x08,0x08,0x36,
  0x04,0x62,0x62,0x04,0x04,0x04,0x40,0x40,0x08,0x08,0x04,0x0a,0x56,0x56,0x56,0x56,
  0x9d,0x9d,0x79,0x79,0x08,0x08,0x08,0x08,0x5b,0x5b,0x2d,0x5b,0x08,0x08,0x0a,0x0a,
  0x08,0x08,0x0a,0x0a,0x08,0x08,0x0a,0x0a,0x08,0x08,0x0a,0x0a,0x94,0x94,0x94,0x94,
  0xe1,0xe1,0xe1,0xd9,0x9a,0x9a,0x9a,0x9a,0x9a,0x49,0x49,0x9a,0x26,0x26,0x26,0x26,
  0xde,0xde,0xa5,0x26,0xb0,0xa8,0xb0,0xb0,0x64,0x64,0xa8,0xa8,0xde,0xde,0xa5,0xa5,
  0x9a,0x9a,0xac,0xac,0x46,0x46,0x08,0x08,0xc8,0xc8,0x8f,0x8f,0x52,0x52,0x7e,0x7e,
  0x11,0x3e,0x3e,0x3e,0x9a,0x9a,0x9a,0x9a,0x08,0x08,0x08,0x08,0x84,0x84,0xfd,0xfd,
  0xaf,0xaf,0xe8,0xe8,0x9b,0x9b,0x9b,0x9b,0x3a,0x3a,0xa7,0x79,0x08,0x08,0x08,0x36,
  0x22,0x22,0x22,0x22,0x68,0x68,0x3f,0x3f,0x08,0x08,0x04,0x62,0x9b,0x9b,0x9b,0x9b,
  0x9d,0x9d,0x79,0xa1,0x08,0x08,0x08,0x08,0x36,0x08,0x08,0x36,0x08,0x08,0x0a,0x0a,
  0x08,0x08,0x0a,0x0a,0x08,0x08,0x0a,0x0a,0x08,0x08,0x0a,0x0a,0x0c,0x0c,0x0c,0x0c,
  0x87,0x87,0x7a,0x87,0xec,0x73,0x73,0xec,0xce,0x9a,0x9a,0xce,0x0d,0xec,0xec,0x0d,
  0xa5,0xa5,0xa5,0xec,0x85,0x85,0x85,0x85,0xa8,0x64,0x57,0xa8,0xde,0xde,0xa5,0xa5,
  0x9a,0x9a,0xce,0xce,0x46,0x45,0x08,0x08,0xc8,0xb0,0x8f,0x8f,0x52,0x52,0x7e,0x7e,
  0x76,0x76,0x76,0x76,0x9a,0x0d,0x0d,0x9a,0x08,0x08,0x08,0x08,0x84,0x0f,0xfd,0xef,
  0xaf,0xaf,0xe8,0xe8,0x9b,0x9b,0x9b,0x9b,0x3a,0x3a,0x79,0x79,0x08,0x08,0x08,0x08,
  0x22,0x22,0x22,0x22,0x68,0x68,0x3f,0x3f,0x08,0x08,0x04,0x62,0x9b,0x9b,0x9b,0x9b,
  0x9d,0x72,0xa1,0xa1,0x08,0x08,0x08,0x08,0x36,0x36,0x08,0x36,0x08,0x08,0x0a,0x0a,
  0x08,0x08,0x0a,0x0a,0x08,0x08,0x0a,0x0a,0x08,0x08,0x0a,0x0a,0x0c,0x0c,0x0c,0x0c,
  0x87,0x87,0x87,0x87,0xec,0x73,0x73,0xec,0xce,0x9a,0x9a,0xce,0x0d,0x0d,0x0d,0x0d,
  0xa5,0xa5,0xa5,0xec,0x85,0x85,0x85,0x85,0xa8,0xa8,0x57,0x57,0xde,0xde,0xa5,0xa5,
  0x9a,0x9a,0xac,0xce,0x45,0xdb,0x08,0x08,0xc8,0xb0,0x8f,0x8f,0x52,0x52,0x7e,0x7e,
  0x76,0x76,0x76,0x76,0x0d,0x0d,0xce,0x9a,0x08,0x08,0x08,0x08,0x84,0x84,0xfd,0xfd,
  0x08,0x08,0x08,0x08,0xe8,0x66,0x66,0x25,0xb5,0x4c,0xb5,0x4c,0x85,0x85,0x85,0x58,
  0x08,0x08,0x08,0x08,0x70,0xa9,0xa9,0x70,0x4c,0xb5,0xb5,0x4c,0xe8,0xe8,0xe8,0x66,
  0x08,0x08,0x08,0x08,0x39,0x04,0x04,0x04,0x08,0x08,0x08,0x08,0x08,0x08,0x0a,0x0a,
  0x08,0x08,0x0a,0x0a,0x08,0x08,0x0a,0x0a,0x08,0x08,0x0a,0x0a,0x08,0x08,0x6e,0x6e,
  0x3e,0x3e,0x3e,0x3e,0xd9,0x12,0x12,0xd9,0x33,0x33,0x1a,0x1a,0xc8,0xb0,0xc8,0xc8,
  0x33,0x33,0x1a,0x1a,0xdf,0xdf,0x85,0x85,0x52,0x52,0x7e,0x7e,0x26,0x26,0x26,0x26,
  0x43,0x43,0x08,0x08,0x92,0x4b,0xa7,0x2d,0xc8,0xb0,0x8f,0x8f,0x52,0x52,0x7e,0x7e,
  0xdf,0xdf,0xc8,0xc8,0x08,0x08,0x08,0x08,0xc8,0x11,0x11,0x11,0x49,0x49,0x9a,0x9a,
  0x08,0x08,0x08,0x08,0xe8,0x66,0xe8,0xaf,0xb5,0xb5,0xb5,0x4c,0x85,0x85,0x85,0x58,
  0x08,0x08,0x08,0x08,0x70,0xa9,0xa9,0x70,0xb5,0x4c,0xb5,0x4c,0xe8,0xe8,0xe8,0x66,
  0x08,0x08,0x08,0x08,0x68,0x04,0x04,0x04,0x08,0x08,0x08,0x08,0x08,0x08,0x0a,0x0a,
  0x08,0x08,0x0a,0x0a,0x08,0x08,0x0a,0x0a,0x08,0x08,0x0a,0x0a,0x08,0x08,0x6e,0x6e,
  0x3e,0x3e,0x3e,0x3e,0xd9,0x12,0x12,0xd9,0x33,0x33,0x1a,0x1a,0xc8,0xb0,0xc8,0xc8,
  0x33,0x33,0x1a,0x1a,0xdf,0xdf,0x85,0x85,0x52,0x52,0x7e,0x7e,0x26,0x26,0x26,0x26,
  0x43,0x43,0x08,0x08,0x92,0x4b,0xa7,0x2d,0xc8,0xb0,0x8f,0x8f,0x52,0x52,0x7e,0x7e,
  0xdf,0xdf,0xc8,0xc8,0x08,0x08,0x08,0x08,0xc8,0x11,0x11,0x11,0x9a,0x73,0xce,0x0d,
  0x08,0x08,0x08,0x08,0x15,0x15,0x15,0x66,0x93,0x4c,0x93,0x4c,0xb0,0xb0,0xb0,0xa2,
  0x08,0x08,0x08,0x08,0x25,0xaf,0xaf,0x25,0xf7,0x56,0x56,0xf7,0xf0,0x28,0x28,0xe8,
  0x08,0x08,0x08,0x08,0x0b,0x2d,0x2d,0x2d,0x08,0x08,0x08,0x08,0x08,0x08,0x0a,0x0a,
  0x08,0x08,0x0a,0x0a,0x08,0x08,0x0a,0x0a,0x08,0x08,0x0a,0x0a,0x08,0x08,0x6e,0x6e,
  0x3b,0x3b,0x3b,0x3b,0x39,0x12,0x12,0xd9,0x33,0x33,0x1a,0x1a,0x8f,0x8f,0x8f,0x8f,
  0x33,0x33,0x1a,0x1a,0x8c,0x8c,0x85,0x85,0x52,0x52,0x7e,0x7e,0xa5,0xa5,0xa5,0xa5,
  0x43,0x43,0x36,0x36,0x92,0x4b,0xa7,0x2d,0xc8,0xb0,0x8f,0x8f,0x52,0x52,0x7e,0x7e,
  0x85,0x85,0x85,0x85,0x04,0x0a,0x62,0x04,0x8c,0x05,0x05,0x05,0x9a,0x73,0xce,0x0d,
  0x08,0x08,0x08,0x08,0x15,0x15,0x15,0x66,0x93,0x93,0x93,0x4c,0xb0,0xb0,0xb0,0xa2,
  0x08,0x08,0x08,0x08,0x25,0xaf,0xaf,0x25,0x56,0xf7,0x56,0xf7,0xf0,0x28,0x28,0x66,
  0x08,0x08,0x08,0x08,0x0b,0x2d,0x2d,0x2d,0x08,0x08,0x08,0x08,0x08,0x08,0x0a,0x0a,
  0x08,0x08,0x0a,0x0a,0x08,0x08,0x0a,0x0a,0x08,0x08,0x0a,0x0a,0x08,0x08,0x6e,0x6e,
  0x3b,0x71,0x71,0x3b,0xd9,0x12,0x12,0x39,0x33,0x33,0x1a,0x1a,0x8f,0x8f,0x8f,0x8f,
  0xb0,0xb0,0x1a,0x1a,0x8c,0x8c,0x85,0x85,0x52,0x52,0x7e,0x7e,0x0d,0x0d,0xa5,0x0d,
  0x43,0x43,0x43,0x43,0x92,0x4b,0xa7,0x2d,0xc8,0xb0,0x8f,0x8f,0x52,0x52,0x7e,0x7e,
  0x85,0x85,0x85,0x85,0x04,0x0a,0x0a,0x04,0x8c,0x05,0x05,0x05,0x9a,0x73,0xce,0x0d,
  0x45,0x6d,0xe7,0xe7,0x97,0x97,0x16,0x16,0x4f,0x4f,0xb7,0xb7,0x0b,0x0b,0x79,0x79,
  0x46,0x45,0x45,0x45,0x46,0x45,0x45,0x45,0x08,0x08,0x6e,0x6e,0x08,0x08,0x08,0x08,
  0x08,0x08,0x08,0x08,0x08,0x08,0x08,0x08,0x08,0x08,0x08,0x08,0x08,0x08,0x0a,0x0a,
  0x08,0x08,0x0a,0x0a,0x08,0x08,0x0a,0x0a,0x08,0x08,0x0a,0x0a,0x08,0x08,0x6e,0x6e,
  0x33,0xc8,0x85,0x85,0xac,0xac,0xac,0xac,0xac,0x49,0xac,0x49,0x26,0x26,0xec,0x26,
  0xde,0xde,0xde,0xde,0xde,0xde,0xa5,0xde,0xde,0xde,0xde,0xde,0x8c,0xdf,0x8c,0x11,
  0x12,0x12,0x12,0x12,0x08,0x08,0xf6,0xf6,0xb0,0xb0,0x85,0x85,0x52,0x52,0x7e,0x7e,
  0x8c,0x8c,0x8c,0x11,0x10,0xf1,0x10,0x10,0x3e,0x3e,0x12,0x12,0x08,0x08,0x08,0x08,
  0xe7,0x6d,0xe7,0xe7,0x97,0x97,0x16,0x16,0x4f,0x4f,0xb7,0xb7,0x0b,0x2d,0x79,0x6e,
  0x46,0x45,0x45,0x45,0x46,0x45,0x45,0x45,0x08,0x08,0x6e,0x6e,0x08,0x08,0x08,0x08,
  0x08,0x08,0x08,0x08,0x08,0x08,0x08,0x08,0x08,0x08,0x08,0x08,0x08,0x08,0x0a,0x0a,
  0x08,0x08,0x0a,0x0a,0x08,0x08,0x0a,0x0a,0x08,0x08,0x0a,0x0a,0x08,0x08,0x6e,0x6e,
  0x33,0xc8,0xc8,0xc8,0xac,0xac,0xac,0xac,0xac,0x49,0xac,0x49,0x73,0x73,0xec,0x26,
  0xde,0xde,0xde,0xde,0xde,0xde,0xa5,0xde,0xde,0xde,0xde,0xde,0x11,0xdf,0x8c,0x8c,
  0xd9,0xd9,0xd9,0xd9,0x08,0x08,0x05,0xf6,0xb0,0xb0,0x85,0x85,0x52,0x52,0x7e,0x7e,
  0x8c,0x8c,0x8c,0x11,0x10,0x10,0x10,0x10,0x12,0x3e,0x12,0x12,0x08,0x08,0x08,0x08,
  0xe7,0x6d,0xe7,0xe7,0x97,0x97,0x16,0x16,0x4f,0x4f,0xb7,0xb7,0x0b,0x2d,0x79,0x6e,
  0x2d,0x0b,0x0b,0x2d,0x2d,0x0b,0x0b,0x0b,0x08,0x08,0x6e,0x6e,0xbd,0xbd,0xbd,0xbd,
  0x04,0x0a,0x0a,0x0a,0x08,0x08,0x08,0x08,0x08,0x08,0x08,0x08,0x08,0x08,0x0a,0x0a,
  0x08,0x08,0x0a,0x0a,0x08,0x08,0x0a,0x0a,0x08,0x08,0x0a,0x0a,0x08,0x08,0x6e,0x6e,
  0x8f,0x8f,0x8f,0x8f,0xce,0xce,0xce,0xce,0xe2,0xe2,0xe2,0xe2,0xb2,0xb2,0xb2,0xb2,
  0xa5,0xa5,0xa5,0xa5,0xa5,0xa5,0xa5,0xa5,0xa5,0xa5,0xa5,0xa5,0x85,0x85,0x85,0x85,
  0xd9,0xd9,0x65,0x65,0x36,0x08,0x05,0xf6,0xb0,0xb0,0x85,0x85,0x52,0x52,0x7e,0x7e,
  0x37,0x37,0x37,0x05,0x10,0x8b,0x10,0x3d,0xd9,0x12,0x87,0x87,0x08,0x08,0x08,0x08,
  0xe7,0x6d,0xe7,0xe7,0x97,0x97,0x16,0x16,0x4f,0x4f,0xb7,0xb7,0x0b,0x2d,0x6e,0x6e,
  0x2d,0x0b,0x0b,0x0b,0x2d,0x0b,0x0b,0x0b,0x08,0x08,0x6e,0x6e,0xbd,0xbd,0xbd,0xbd,
  0x0a,0x0a,0x0a,0x0a,0x08,0x08,0x08,0x08,0x08,0x08,0x08,0x08,0x08,0x08,0x0a,0x0a,
  0x08,0x08,0x0a,0x0a,0x08,0x08,0x0a,0x0a,0x08,0x08,0x0a,0x0a,0x08,0x08,0x6e,0x6e,
  0x8f,0x8f,0x8f,0x8f,0xce,0xe2,0xce,0xcd,0xe2,0xe2,0xe2,0xe2,0xb2,0xb2,0xb2,0xb2,
  0xa5,0xa5,0xa5,0xa5,0xa5,0xa5,0xa5,0xa5,0xa5,0xa5,0xa5,0xa5,0x85,0x85,0x85,0x85,
  0xd9,0xd9,0x65,0x65,0x36,0x08,0x05,0x05,0xb0,0xb0,0x85,0x85,0x52,0x52,0x7e,0x7e,
  0x37,0x37,0x37,0x05,0xab,0x10,0x10,0xab,0x87,0x12,0x87,0x87,0x08,0x08,0x08,0x08,
  0x4f,0x18,0xb7,0x18,0x08,0x08,0x08,0x08,0x08,0x08,0x08,0x08,0x0b,0x2d,0x08,0x08,
  0x08,0x08,0x08,0x08,0x08,0x08,0x08,0x08,0x08,0x08,0x08,0x08,0x08,0x08,0x08,0x08,
  0x08,0x08,0x08,0x08,0xb2,0xb2,0x6e,0x6e,0x08,0x08,0x08,0x43,0x08,0x08,0x0a,0x0a,
  0x08,0x08,0x0a,0x0a,0x08,0x08,0x0a,0x0a,0x08,0x08,0x0a,0x0a,0xf7,0xf7,0x08,0x08,
  0x76,0x76,0x76,0x3e,0x66,0xe6,0x66,0xe6,0xe7,0x48,0x45,0x48,0x08,0x08,0x08,0x08,
  0x08,0x08,0x08,0x08,0x08,0x08,0x08,0x08,0x08,0x08,0x08,0x08,0x08,0x08,0x08,0x08,
  0xe1,0xe1,0x7a,0x7a,0x08,0x08,0x08,0x08,0xb0,0xa8,0x85,0x85,0xac,0x49,0xe2,0xe2,
  0x08,0x08,0x08,0x08,0xde,0xe1,0xde,0xe1,0xc8,0xc8,0x8f,0x8f,0xbb,0xbb,0x43,0x43,
  0x4f,0x18,0xb7,0x18,0x08,0x08,0x08,0x08,0x08,0x08,0x08,0x08,0x2d,0x2d,0x08,0x08,
  0x08,0x08,0x08,0x08,0x08,0x08,0x08,0x08,0x08,0x08,0x08,0x08,0x08,0x08,0x08,0x08,
  0x08,0x08,0x08,0x08,0xb2,0xa5,0x6e,0x6e,0x08,0x08,0x43,0x22,0x08,0x08,0x0a,0x0a,
  0x08,0x08,0x0a,0x0a,0x08,0x08,0x0a,0x0a,0x08,0x08,0x0a,0x0a,0xf7,0xf7,0x08,0x99,
  0x76,0x3e,0x76,0x3e,0xe6,0xfc,0xe6,0xfc,0xe7,0x48,0xe7,0x48,0x08,0x08,0x08,0x08,
  0x08,0x08,0x08,0x08,0x08,0x08,0x08,0x08,0x08,0x08,0x08,0x08,0x08,0x08,0x08,0x08,
  0xe1,0xe1,0x7a,0x7a,0x08,0x08,0x08,0x08,0xb0,0xb0,0x85,0x85,0xac,0x49,0xe2,0xe2,
  0x08,0x08,0x08,0x08,0xde,0xde,0xde,0xde,0x85,0xc8,0x85,0x8f,0x43,0xbb,0x43,0x43,
  0x4f,0x18,0xb7,0x18,0x08,0x08,0x08,0x08,0x08,0x08,0x08,0x08,0x2d,0x2d,0x08,0x08,
  0x6e,0x6e,0x5b,0x6e,0x0b,0x77,0x77,0x2d,0x08,0x08,0x08,0x08,0x04,0x0a,0x62,0x62,
  0x40,0xb4,0xb4,0xb4,0xb2,0xa5,0x6e,0x6e,0x08,0x08,0x43,0x22,0x08,0x08,0x0a,0x0a,
  0x08,0x08,0x0a,0x0a,0x08,0x08,0x0a,0x0a,0x08,0x08,0x0a,0x0a,0x9b,0x9b,0x08,0x08,
  0x39,0x39,0x39,0x3b,0x9a,0x9a,0x9a,0x9a,0x43,0xe7,0x43,0xe7,0x08,0x08,0x08,0x08,
  0x0b,0x2d,0x0b,0x2d,0xf6,0x05,0xf6,0x05,0x6e,0x6e,0x6e,0x6e,0x08,0x08,0x08,0x08,
  0xe1,0xe1,0x7a,0x7a,0x08,0x08,0x08,0x08,0xb0,0xb0,0x85,0x85,0x49,0x49,0xe2,0xe2,
  0x08,0x08,0x08,0x08,0x0d,0xe1,0x65,0xe1,0x85,0x85,0x85,0x85,0x43,0xbb,0x43,0x43,
  0x4f,0x18,0xb7,0x18,0x08,0x08,0x08,0x08,0x08,0x08,0x08,0x08,0x77,0x0b,0x08,0x08,
  0x6e,0x5b,0x5b,0x6e,0x0b,0x77,0x77,0x79,0x08,0x08,0x08,0x08,0x04,0x62,0x62,0x62,
  0x40,0x3f,0x3f,0xb4,0xa5,0xa5,0x6e,0x6e,0x08,0x08,0x43,0x5c,0x08,0x08,0x0a,0x0a,
  0x08,0x08,0x0a,0x0a,0x08,0x08,0x0a,0x0a,0x08,0x08,0x0a,0x0a,0x9b,0x9b,0x08,0x5f,
  0x39,0x3b,0x39,0x71,0x9a,0x49,0x9a,0x49,0x43,0xe7,0x43,0xe7,0x08,0x08,0x08,0x08,
  0x0b,0x2d,0x0b,0x2d,0xf6,0x05,0xf6,0x05,0x6e,0x6e,0x6e,0x6e,0x08,0x08,0x08,0x08,
  0xd9,0xd9,0xe1,0xe1,0x08,0x08,0x08,0x08,0xb0,0xb0,0x85,0x85,0x49,0x49,0xe2,0xe2,
  0x08,0x08,0x08,0x08,0x0d,0x65,0x65,0x65,0x85,0x85,0x85,0x85,0x43,0xbb,0x43,0x43,
  0x08,0x08,0x08,0x08,0x94,0x94,0x3d,0x3d,0x9d,0x5b,0x5b,0x5b,0x01,0x01,0x01,0x01,
  0xad,0x2c,0xad,0xad,0xa1,0xa1,0xa1,0x9d,0x01,0x01,0x69,0x69,0x5b,0x5b,0x5b,0x5b,
  0x06,0x06,0x94,0x94,0x05,0x05,0x08,0x08,0xf9,0xf9,0xb4,0x40,0x08,0x08,0x0a,0x0a,
  0x08,0x08,0x0a,0x0a,0x08,0x08,0x0a,0x0a,0x08,0x08,0x0a,0x0a,0x08,0x4d,0x08,0x08,
  0xa3,0xe9,0xa3,0xa3,0x08,0x08,0x08,0x08,0x08,0x08,0x08,0x08,0x08,0x08,0x08,0x08,
  0x46,0xdb,0x45,0x46,0x08,0x08,0x08,0x08,0x46,0xdb,0x45,0x46,0x46,0xdb,0xdb,0xdb,
  0x84,0x6c,0xfd,0xfd,0x6c,0x6c,0xfd,0xfd,0x08,0x08,0x0a,0x62,0x8c,0x8c,0x8c,0x8c,
  0x5f,0x5f,0x5f,0x5f,0x48,0x48,0xd3,0xd3,0x08,0x08,0x08,0x08,0x0f,0x84,0xef,0xfd,
  0x08,0x08,0x08,0x08,0x94,0x94,0x3d,0x3d,0x9d,0x9d,0x5b,0x5b,0x01,0x01,0x01,0x01,
  0xad,0xad,0xad,0xad,0xa1,0x79,0xa1,0xa1,0x01,0x01,0x69,0x69,0x5b,0x9d,0x5b,0x5b,
  0x06,0x06,0x94,0x94,0xf6,0x05,0x08,0x08,0xf9,0xf9,0xb4,0x40,0x08,0x08,0x0a,0x0a,
  0x08,0x08,0x0a,0x0a,0x08,0x08,0x0a,0x0a,0x08,0x08,0x0a,0x0a,0x08,0x4d,0x08,0x08,
  0xa3,0xe9,0xa3,0xa3,0x08,0x08,0x08,0x08,0x08,0x08,0x08,0x08,0x08,0x08,0x08,0x08,
  0x46,0x45,0x46,0x46,0x08,0x08,0x08,0x08,0x46,0xdb,0x45,0x46,0x45,0xdb,0xdb,0x45,
  0x6c,0x6c,0xfd,0xfd,0x6c,0x6c,0xfd,0xfd,0x08,0x08,0x04,0x62,0x8c,0x8c,0x11,0x8c,
  0x5f,0x5f,0x5f,0x5f,0x48,0x48,0xd3,0xd3,0x08,0x08,0x08,0x08,0x6c,0x6c,0xfd,0xfd,
  0x08,0x08,0x08,0x08,0x94,0x94,0x3d,0x3d,0x9d,0x9d,0x5b,0x5b,0x69,0x69,0x69,0x69,
  0xad,0x08,0x36,0x36,0xa1,0xa1,0xa1,0x9d,0x01,0x01,0x69,0x69,0x9d,0x9d,0x5b,0x5b,
  0x06,0x06,0x94,0xaa,0x4a,0x05,0x08,0x08,0xf9,0xf9,0xb4,0x40,0x08,0x08,0x0a,0x0a,
  0x08,0x08,0x0a,0x0a,0x08,0x08,0x0a,0x0a,0x08,0x08,0x0a,0x0a,0x08,0x4d,0x08,0x08,
  0x62,0x04,0x0a,0x62,0x45,0x45,0x45,0x45,0x7f,0x7f,0x7f,0x7f,0x44,0xbb,0x44,0x44,
  0x2d,0x0b,0x2d,0x2d,0xbd,0xbd,0xbd,0xbd,0x08,0x08,0x08,0x08,0x2d,0x0b,0x0b,0x0b,
  0x0f,0x0f,0xfd,0xfd,0x6c,0x6c,0xfd,0xfd,0x08,0x08,0x04,0x0a,0x37,0x37,0x37,0x37,
  0x10,0xf1,0xf1,0x10,0xdb,0xdb,0x08,0x08,0x0a,0x04,0x0a,0x62,0x6c,0x0f,0xfd,0xfd,
  0x08,0x08,0x08,0x08,0x94,0x94,0x3d,0x3d,0x9d,0x9d,0x5b,0x5b,0x69,0x69,0x69,0x69,
  0xad,0x36,0x36,0x36,0xa1,0x79,0xa1,0xa1,0x01,0x01,0x69,0x69,0x9d,0x9d,0x5b,0x5b,
  0x06,0x06,0x94,0xaa,0x4a,0x05,0x08,0x08,0xf9,0xf9,0xb4,0x40,0x08,0x08,0x0a,0x0a,
  0x08,0x08,0x0a,0x0a,0x08,0x08,0x0a,0x0a,0x08,0x08,0x0a,0x0a,0x08,0x36,0x08,0x08,
  0x0a,0x04,0x0a,0x62,0x45,0x45,0x45,0x45,0x7f,0x7f,0x7f,0x7f,0x44,0xbb,0x44,0x44,
  0x2d,0x0b,0x2d,0x2d,0xbd,0xbd,0xbd,0xbd,0x08,0x08,0x08,0x08,0x2d,0x0b,0x0b,0x0b,
  0x84,0x0f,0xfd,0xfd,0x6c,0x6c,0xfd,0xfd,0x08,0x08,0x04,0x04,0x37,0x37,0x05,0x37,
  0x10,0x10,0xf1,0x10,0xdb,0x08,0x08,0x08,0x0a,0x04,0x62,0x62,0x0f,0x0f,0xfd,0xfd,
  0x45,0x45,0x0a,0x62,0x56,0x93,0x56,0x93,0x36,0x36,0x36,0x36,0x9d,0x9d,0x5b,0x5b,
  0x7a,0x04,0x08,0x08,0x08,0x08,0x04,0x62,0x36,0x36,0x08,0x36,0xa6,0xa6,0xa6,0xa6,
  0xd3,0xd3,0xd3,0xd3,0x50,0x65,0x08,0x08,0x45,0x45,0xbb,0x44,0x08,0x08,0x0a,0x0a,
  0x08,0x08,0x0a,0x0a,0x08,0x08,0x0a,0x0a,0x08,0x08,0x0a,0x0a,0x08,0x08,0x77,0x79,
  0x6e,0x6e,0x6e,0x6e,0x24,0x24,0xb8,0xb8,0x30,0x30,0x8e,0x8e,0x07,0x07,0xc0,0xc0,
  0x08,0x08,0x6e,0x6e,0xde,0xde,0x65,0x65,0x4b,0x4b,0x4d,0x4d,0xac,0x3e,0xe2,0xf3,
  0x99,0x25,0x25,0xaf,0x6c,0x6c,0xfd,0xfd,0x08,0x08,0x6e,0x6e,0x64,0x64,0x57,0x57,
  0x4b,0x92,0x2d,0xa7,0x08,0x08,0x08,0x08,0x5f,0x5f,0x5f,0x5f,0x6c,0x6c,0xfd,0xfd,
  0x45,0x45,0x0a,0x62,0x56,0x56,0x56,0x56,0x36,0x36,0x36,0x36,0x9d,0x9d,0x5b,0x5b,
  0x7a,0x04,0x08,0x08,0x08,0x08,0x04,0x62,0x36,0x36,0x08,0x36,0xa6,0xa6,0xa6,0xa6,
  0xd3,0xd3,0xd3,0xd3,0x50,0x65,0x08,0x08,0x45,0x45,0xbb,0x44,0x08,0x08,0x0a,0x0a,
  0x08,0x08,0x0a,0x0a,0x08,0x08,0x0a,0x0a,0x08,0x08,0x0a,0x0a,0x08,0x08,0x77,0x2d,
  0x6e,0x6e,0x6e,0x6e,0x24,0x24,0xb8,0xb8,0x30,0x30,0x30,0x8e,0x07,0x07,0x55,0xc0,
  0x08,0x08,0x6e,0x6e,0xde,0xde,0x65,0x65,0x4b,0x4b,0x4d,0x4d,0x49,0x3e,0xcd,0xf3,
  0x99,0x25,0x25,0x25,0x6c,0x6c,0xfd,0xfd,0x08,0x08,0x6e,0x6e,0x64,0x64,0x57,0x57,
  0x4b,0x92,0x2d,0xa7,0x08,0x08,0x08,0x08,0x5f,0x5f,0x5f,0x5f,0x6c,0x6c,0xfd,0xfd,
  0x45,0x45,0x0a,0x62,0x9b,0xc2,0x9b,0xc2,0x08,0x36,0x08,0x08,0x9d,0x9d,0x5b,0x5b,
  0x7a,0x04,0x08,0x08,0x08,0x08,0x04,0x62,0x08,0x08,0x08,0x08,0x9b,0x9b,0x9b,0x9b,
  0xd3,0xd3,0xd3,0xd3,0x50,0x65,0x08,0x08,0x45,0x45,0xbb,0x44,0x08,0x08,0x0a,0x0a,
  0x08,0x08,0x0a,0x0a,0x08,0x08,0x0a,0x0a,0x08,0x08,0x0a,0x0a,0x08,0x08,0x77,0x2d,
  0x08,0x08,0x08,0x08,0x24,0x24,0xb8,0xb8,0x2f,0x2f,0x2f,0x2f,0x07,0x07,0x55,0x55,
  0x08,0x08,0x6e,0x6e,0xde,0xde,0x65,0x65,0x4b,0x4b,0x4d,0x4d,0xac,0x3e,0xe2,0xf3,
  0x99,0x25,0x25,0x25,0x6c,0x6c,0xfd,0xfd,0x08,0x08,0x6e,0x6e,0xa8,0xa8,0x7e,0x7e,
  0x92,0x92,0xa7,0xa7,0x08,0x08,0x08,0x08,0x10,0x10,0xf1,0x10,0x84,0x6c,0xfd,0xfd,
  0x45,0x45,0x0a,0x62,0x9b,0x9b,0x9b,0x9b,0x08,0x08,0x08,0x08,0x9d,0x9d,0x5b,0x5b,
  0x7a,0x04,0x08,0x08,0x08,0x08,0x04,0x62,0x08,0x08,0x08,0x08,0x9b,0x9b,0x9b,0x9b,
  0xd3,0xd3,0xd3,0xd3,0x50,0x65,0x08,0x08,0xdb,0xdb,0x4d,0x4d,0x08,0x08,0x0a,0x0a,
  0x08,0x08,0x0a,0x0a,0x08,0x08,0x0a,0x0a,0x08,0x08,0x0a,0x0a,0x08,0x08,0x77,0x2d,
  0x08,0x08,0x08,0x08,0x96,0xcb,0xb8,0xb8,0x2f,0x2f,0x2f,0x2f,0x07,0x07,0x55,0x55,
  0x08,0x08,0x6e,0x6e,0xde,0xde,0x65,0x65,0x4b,0x4d,0x4d,0xad,0xac,0x3e,0xe2,0xf3,
  0x99,0x99,0x25,0x25,0x6c,0x6c,0xfd,0xfd,0x08,0x08,0x6e,0x6e,0x64,0x64,0x64,0x1a,
  0x92,0x4b,0xa7,0x2d,0x08,0x08,0x08,0x08,0x10,0x10,0x10,0x4c,0x6c,0x84,0xfd,0xfd,
  0x9e,0x9e,0x88,0x88,0xe8,0x66,0x15,0x66,0xb5,0x4c,0xb5,0x4c,0x93,0x15,0x15,0x66,
  0x08,0x08,0x08,0x08,0xaf,0xb5,0xb5,0xaf,0x93,0x15,0x15,0x66,0x4c,0xaf,0x4c,0xaf,
  0x66,0x66,0x66,0x66,0x08,0x08,0x08,0x08,0x5b,0x6e,0x77,0x0b,0x08,0x08,0x0a,0x0a,
  0x08,0x08,0x0a,0x0a,0x08,0x08,0x0a,0x0a,0x08,0x08,0x0a,0x0a,0x69,0x01,0x69,0x23,
  0xaa,0xaa,0xaa,0x3a,0x08,0x08,0x08,0x08,0x80,0x80,0xe4,0xe4,0x2d,0x2d,0x08,0x08,
  0x72,0x72,0x72,0x5b,0x9a,0x9a,0xce,0xce,0xc8,0xc8,0x8c,0x8c,0x08,0x08,0x08,0x08,
  0x08,0x08,0x45,0x45,0x17,0x17,0x17,0x17,0x08,0x08,0x36,0x08,0x9e,0x8c,0x8c,0x11,
  0xd9,0xd9,0xd9,0xd9,0x92,0x92,0x92,0x4b,0x64,0x64,0x64,0x64,0x43,0xfe,0x43,0x43,
  0x9e,0x70,0x88,0xbc,0xe8,0x66,0xe8,0xe8,0xb5,0x4c,0xb5,0x4c,0x93,0x15,0x15,0x66,
  0x08,0x08,0x08,0x08,0xf8,0x4c,0xb5,0xaf,0x93,0x15,0x15,0x66,0x4c,0xaf,0x4c,0xaf,
  0x66,0xaf,0x66,0x66,0x08,0x08,0x08,0x08,0x6e,0x6e,0x2d,0x79,0x08,0x08,0x0a,0x0a,
  0x08,0x08,0x0a,0x0a,0x08,0x08,0x0a,0x0a,0x08,0x08,0x0a,0x0a,0x69,0x01,0x69,0x23,
  0xaa,0xaa,0xaa,0x3a,0x08,0x08,0x08,0x08,0x80,0x80,0xe4,0xe4,0x2d,0x2d,0x08,0x08,
  0x72,0x72,0x72,0x5b,0x9a,0x9a,0xce,0xce,0xc8,0xc8,0x8c,0x8c,0x08,0x08,0x08,0x08,
  0x08,0x08,0x45,0x46,0x17,0x17,0x17,0x17,0x08,0x08,0x08,0x08,0x11,0x8c,0x8c,0x11,
  0xd9,0xd9,0xd9,0xd9,0x92,0x92,0x92,0x4b,0x64,0x64,0x64,0x64,0x43,0x4d,0x43,0x43,
  0x9e,0x70,0x88,0xbc,0x15,0x15,0xf0,0x15,0xf7,0xf7,0xf7,0xf7,0xc2,0x93,0x93,0x15,
  0x08,0x08,0x08,0x08,0x4c,0x56,0x56,0x4c,0xc2,0x93,0x93,0x15,0x56,0x93,0x56,0x93,
  0xf0,0xf0,0xf0,0xf0,0x08,0x08,0x08,0x08,0x6e,0x6e,0x0b,0x79,0x08,0x08,0x0a,0x0a,
  0x08,0x08,0x0a,0x0a,0x08,0x08,0x0a,0x0a,0x08,0x08,0x0a,0x0a,0x69,0x01,0x69,0x69,
  0x94,0xa7,0xa7,0xa7,0x0a,0x0a,0x04,0x04,0x80,0x80,0xe4,0xe4,0x2d,0x2d,0x08,0x08,
  0x72,0x72,0x72,0x72,0x9a,0x9a,0xce,0xce,0xc8,0xc8,0x8c,0x8c,0x08,0x08,0x08,0x08,
  0x08,0x08,0x45,0x46,0xcc,0xcc,0xcc,0x17,0x04,0x04,0x04,0x0a,0x05,0x37,0x37,0x05,
  0xd9,0x7a,0x7a,0x7a,0xa7,0x92,0x92,0x2d,0x7e,0x7e,0x7e,0x7e,0x43,0x4d,0x43,0x43,
  0x9e,0x70,0x88,0xbc,0xf0,0x15,0xf0,0x15,0xf7,0xf7,0xf7,0xf7,0xc2,0x93,0x93,0x15,
  0x36,0x36,0x08,0x08,0x56,0x93,0x56,0x4c,0xc2,0x93,0x93,0x15,0x56,0x93,0x56,0x93,
  0xf0,0x66,0xf0,0xf0,0x08,0x08,0x08,0x08,0x6e,0x6e,0x0b,0x79,0x08,0x08,0x0a,0x0a,
  0x08,0x08,0x0a,0x0a,0x08,0x08,0x0a,0x0a,0x08,0x08,0x0a,0x0a,0x69,0x01,0x69,0x69,
  0x94,0xa7,0xa7,0xa7,0x0a,0x0a,0x04,0x04,0x16,0x80,0x97,0xe4,0x2d,0x2d,0x08,0x08,
  0x72,0x72,0x72,0x72,0x9a,0x9a,0xce,0xce,0xc8,0xc8,0x8c,0x8c,0x08,0x08,0x08,0x08,
  0x08,0x08,0x45,0x46,0xcc,0xcc,0xcc,0x17,0x04,0x0a,0x0a,0x04,0x05,0x37,0x37,0x05,
  0x7a,0x7a,0xd9,0xd9,0x92,0xa7,0xa7,0x2d,0x7e,0x7e,0x7e,0x7e,0x4d,0xfe,0x43,0x43,
  0xd1,0xbf,0x17,0x17,0x4f,0x4f,0x18,0xb7,0x08,0x08,0x08,0x08,0x08,0x08,0x08,0x08,
  0x45,0x45,0x45,0x45,0x08,0x08,0x08,0x08,0x08,0x08,0x08,0x08,0x3f,0x40,0x3f,0x3f,
  0x08,0x08,0x08,0x08,0x6e,0x6e,0x6e,0x6e,0x6e,0x6e,0x08,0x77,0x08,0x08,0x0a,0x0a,
  0x08,0x08,0x0a,0x0a,0x08,0x08,0x0a,0x0a,0x08,0x08,0x0a,0x0a,0x69,0x01,0x37,0x23,
  0x01,0x01,0x69,0x69,0x01,0x01,0x01,0x01,0x08,0x9b,0x08,0x08,0x0b,0x2d,0x08,0x08,
  0x72,0x72,0x72,0x72,0x08,0x08,0x08,0x08,0x4b,0x4d,0x4d,0x4d,0x15,0xda,0x15,0x15,
  0xf9,0x60,0x72,0x4f,0xf1,0xf1,0xf1,0x4b,0x33,0x33,0x8f,0x69,0x33,0x33,0x1a,0x1a,
  0x9a,0x9a,0xce,0x9a,0xac,0x49,0x3e,0x3e,0x92,0x72,0x4f,0x72,0xda,0xda,0xcc,0xcc,
  0xd1,0xbf,0x17,0x17,0x4f,0x4f,0xb7,0x18,0x08,0x08,0x08,0x08,0x08,0x08,0x08,0x08,
  0x45,0x45,0x45,0x45,0x08,0x08,0x08,0x08,0x08,0x08,0x08,0x08,0x3f,0x40,0x3f,0x3f,
  0x08,0x08,0x08,0x08,0x6e,0x6e,0x6e,0x6e,0x6e,0x6e,0x08,0x77,0x08,0x08,0x0a,0x0a,
  0x08,0x08,0x0a,0x0a,0x08,0x08,0x0a,0x0a,0x08,0x08,0x0a,0x0a,0x69,0x01,0x37,0x23,
  0x01,0x01,0x69,0x69,0x01,0x01,0x01,0x01,0x08,0x08,0x08,0x08,0x0b,0x0b,0x08,0x08,
  0x72,0x72,0x72,0x72,0x08,0x08,0x08,0x08,0x10,0x4d,0x4d,0x4d,0x15,0x7c,0x15,0x15,
  0xf9,0x60,0x92,0x4f,0xf1,0x10,0x10,0xf1,0x33,0x33,0x8f,0x8f,0x33,0xb0,0x1a,0x1a,
  0x9a,0x9a,0xce,0x0d,0xac,0x3e,0x49,0x49,0x92,0x1f,0x4f,0x92,0xda,0xda,0xcc,0xcc,
  0xd1,0xbf,0x17,0x17,0x4f,0x4f,0xb7,0xb7,0x04,0x04,0x62,0x62,0x08,0x08,0x08,0x08,
  0x08,0x08,0x08,0x08,0x08,0x08,0x08,0x08,0x08,0x08,0x08,0x08,0x08,0x08,0x08,0x08,
  0x08,0x08,0x08,0x08,0x45,0x45,0x46,0x45,0x79,0x6e,0x08,0x08,0x08,0x08,0x0a,0x0a,
  0x08,0x08,0x0a,0x0a,0x08,0x08,0x0a,0x0a,0x08,0x08,0x0a,0x0a,0x69,0x01,0x37,0x23,
  0x01,0x01,0x69,0x69,0x57,0x57,0x57,0x57,0x08,0x08,0x08,0x08,0x0b,0x0b,0x08,0x08,
  0x72,0x5b,0x5b,0x72,0x08,0x08,0x08,0x08,0xfe,0x4d,0x4d,0x4d,0x15,0xda,0x15,0x15,
  0xf9,0x60,0x92,0xf9,0x10,0x10,0x10,0xab,0x33,0x33,0x8f,0x8f,0x33,0xb0,0x1a,0x1a,
  0x9a,0x9a,0x0d,0x0d,0xcd,0xcd,0x76,0x76,0x79,0xa1,0x72,0xa1,0xda,0xda,0xcc,0xcc,
  0xd1,0xbf,0x17,0x17,0x4f,0x4f,0xb7,0xb7,0x04,0x04,0x62,0x62,0x08,0x08,0x08,0x08,
  0x08,0x08,0x08,0x08,0x08,0x08,0x08,0x08,0x08,0x08,0x08,0x08,0x08,0x08,0x08,0x08,
  0x08,0x08,0x08,0x08,0x45,0x45,0x46,0x45,0x79,0x79,0x08,0x08,0x08,0x08,0x0a,0x0a,
  0x08,0x08,0x0a,0x0a,0x08,0x08,0x0a,0x0a,0x08,0x08,0x0a,0x0a,0x69,0x01,0x37,0x23,
  0x01,0x01,0x69,0x69,0x57,0x57,0x57,0x57,0x08,0x08,0x08,0x08,0x0b,0x0b,0x08,0x08,
  0x72,0x72,0x5b,0x5b,0x08,0x08,0x08,0x08,0xfe,0x4d,0x4d,0x4d,0x15,0xda,0x15,0x15,
  0xf9,0x60,0x92,0xf9,0x10,0xab,0xab,0x10,0x33,0x33,0x8f,0x8f,0x33,0xb0,0x1a,0x1a,
  0x9a,0x9a,0x0d,0xce,0xcd,0x76,0xcd,0xcd,0x79,0xa1,0x72,0x79,0xdb,0xdb,0xcc,0xcc,
  0x48,0x7c,0x48,0x7c,0x08,0x08,0x08,0x08,0x2a,0x2a,0x2a,0x16,0x08,0x08,0x08,0x08,
  0x33,0xb0,0x57,0x57,0xac,0xac,0xce,0xce,0x0b,0x2d,0x08,0x08,0x0b,0x2d,0x2d,0x0b,
  0x0b,0x2d,0x2d,0x0b,0x0c,0x0c,0x08,0x08,0x45,0x45,0x77,0x77,0x08,0x08,0x0a,0x0a,
  0x08,0x08,0x0a,0x0a,0x08,0x08,0x0a,0x0a,0x08,0x08,0x0a,0x0a,0x69,0x01,0x37,0x23,
  0x01,0x01,0x69,0x69,0x01,0x01,0x69,0x69,0x08,0x08,0x62,0x04,0x0b,0x0b,0x0a,0x0a,
  0x08,0x08,0x08,0x08,0xac,0xac,0xe2,0xe2,0xfe,0x4d,0x4d,0x4d,0x08,0x08,0x08,0x08,
  0x44,0xfe,0x43,0x44,0x10,0x10,0xab,0xab,0x33,0x33,0x8f,0x8f,0x64,0x64,0x1a,0x1a,
  0xde,0xe1,0xde,0xde,0xe1,0xde,0xde,0xe1,0x64,0x64,0xa8,0x64,0xe8,0x93,0x73,0x50,
  0x48,0x7c,0x48,0x7c,0x08,0x08,0x08,0x08,0x2a,0x2a,0x2a,0x16,0x08,0x08,0x08,0x08,
  0x33,0xb0,0x57,0x57,0xac,0xac,0xce,0xce,0x0b,0x0b,0x08,0x08,0x0b,0x2d,0x2d,0x0b,
  0x0b,0x0b,0x2d,0x0b,0x0c,0x0c,0x08,0x08,0x45,0x45,0x0b,0x2d,0x08,0x08,0x0a,0x0a,
  0x08,0x08,0x0a,0x0a,0x08,0x08,0x0a,0x0a,0x08,0x08,0x0a,0x0a,0x69,0x01,0x37,0x23,
  0x01,0x01,0x69,0x69,0x01,0x01,0x69,0x69,0x08,0x08,0x62,0x04,0x0b,0x0b,0x0a,0x0a,
  0x08,0x08,0x08,0x08,0xac,0xac,0xe2,0xe2,0xfe,0x4d,0x4d,0x4d,0x08,0x08,0x08,0x08,
  0x44,0xfe,0x43,0x44,0x10,0x10,0xab,0xab,0x33,0x33,0x8f,0x8f,0x64,0x64,0x1a,0x1a,
  0xde,0xe1,0xde,0xde,0xe1,0xde,0xde,0xe1,0x64,0x64,0xa8,0x64,0xe8,0xe8,0x73,0x28,
  0x48,0x7c,0x48,0x7c,0x08,0x08,0x08,0x08,0x7c,0xee,0x7c,0xdb,0x08,0x08,0x08,0x08,
  0xb0,0xa8,0x57,0x57,0x9a,0x9a,0xec,0xec,0x0b,0x2d,0x08,0x08,0x08,0x08,0x08,0x08,
  0x5b,0x6e,0x6e,0x5b,0x0c,0x0c,0x08,0x08,0x45,0x46,0x2d,0x79,0x08,0x08,0x0a,0x0a,
  0x08,0x08,0x0a,0x0a,0x08,0x08,0x0a,0x0a,0x08,0x08,0x0a,0x0a,0x69,0x01,0x37,0x23,
  0x01,0x01,0x69,0x69,0x01,0x01,0x69,0x69,0x08,0x08,0x62,0x04,0x0b,0x0b,0x0a,0x0a,
  0x08,0x08,0x08,0x08,0xac,0xac,0xe2,0xe2,0x10,0x4d,0x4d,0x4d,0x08,0x08,0x08,0x08,
  0x44,0x61,0x43,0x61,0x10,0x10,0x10,0xab,0x33,0x33,0x8f,0x8f,0x64,0x64,0x1a,0x1a,
  0x65,0xe1,0x65,0x65,0xe1,0x65,0x65,0xe1,0x1a,0xa8,0x57,0x1a,0xe8,0xe8,0x73,0x73,
  0x48,0x7c,0x48,0x7c,0x08,0x08,0x08,0x08,0x7c,0xee,0x7c,0xdb,0x08,0x08,0x08,0x08,
  0x7f,0x7f,0x23,0x23,0x11,0x11,0xac,0xac,0x2d,0x2d,0x08,0x08,0x08,0x08,0x08,0x08,
  0x5b,0x5b,0x6e,0x5b,0x0c,0x0c,0x08,0x08,0x45,0x46,0x2d,0x79,0x08,0x08,0x0a,0x0a,
  0x08,0x08,0x0a,0x0a,0x08,0x08,0x0a,0x0a,0x08,0x08,0x0a,0x0a,0x69,0x01,0x37,0x23,
  0x01,0x01,0x69,0x69,0x01,0x01,0x69,0x69,0x08,0x08,0x62,0x04,0x0b,0x0b,0x0a,0x0a,
  0x08,0x08,0x08,0x08,0xac,0xac,0xe2,0xe2,0x4b,0x4d,0x4d,0x4d,0x08,0x08,0x08,0x08,
  0x44,0x61,0x43,0x61,0xf1,0x10,0x10,0xab,0x33,0x33,0x8f,0x69,0x64,0x64,0x1a,0xa8,
  0x65,0xe1,0x65,0x65,0xe1,0x65,0x65,0xe1,0x1a,0xa8,0x57,0x1a,0xe8,0x93,0x73,0x50,
  0x08,0x08,0x08,0x08,0x39,0x68,0x68,0x68,0x08,0x08,0x0a,0x0a,0x08,0x08,0x08,0x08,
  0x6b,0x6b,0x98,0x98,0x08,0x08,0x36,0x36,0xeb,0x10,0x2e,0x0b,0x23,0x01,0x23,0x01,
  0xa1,0xa1,0xa1,0xa1,0x0d,0x0d,0x08,0x08,0xf9,0x60,0x40,0x40,0x08,0x08,0x0a,0x0a,
  0x08,0x08,0x0a,0x0a,0x08,0x08,0x0a,0x0a,0x08,0x08,0x0a,0x0a,0x69,0x01,0x37,0x23,
  0x01,0x01,0x69,0x69,0x77,0x77,0x77,0x77,0xdb,0x32,0x27,0x27,0x2d,0x2d,0x04,0x04,
  0x08,0x08,0x08,0x08,0x26,0x26,0x0d,0x0d,0xc8,0xc8,0x8f,0x8f,0xac,0x3e,0xce,0x76,
  0x08,0x08,0x45,0x46,0x08,0x08,0x2d,0x0b,0x11,0x11,0x05,0x05,0xde,0xde,0xde,0xde,
  0xb0,0xb0,0x1a,0x1a,0x08,0x08,0x08,0x08,0x72,0x72,0x5b,0x5b,0xdb,0xcc,0x20,0xcc,
  0x08,0x08,0x08,0x08,0x68,0x68,0x68,0x68,0x08,0x08,0x0a,0x0a,0x08,0x08,0x08,0x08,
  0xc6,0xc6,0x0c,0x0c,0x08,0x08,0x08,0x36,0x2e,0x2e,0x0b,0x0b,0x01,0x01,0x01,0x01,
  0xa1,0xa1,0xa1,0xff,0x0d,0x0d,0x08,0x08,0xf9,0x60,0x40,0x40,0x08,0x08,0x0a,0x0a,
  0x08,0x08,0x0a,0x0a,0x08,0x08,0x0a,0x0a,0x08,0x08,0x0a,0x0a,0x69,0x01,0x37,0x23,
  0x01,0x01,0x69,0x69,0x77,0x77,0x77,0x77,0xdb,0x32,0x27,0x27,0x2d,0x2d,0x04,0x04,
  0x08,0x08,0x08,0x08,0x26,0x26,0x0d,0x0d,0xc8,0xc8,0x8f,0x8f,0xac,0x49,0xce,0xcd,
  0x08,0x08,0x45,0x46,0x08,0x08,0x2d,0x0b,0x11,0x11,0x05,0x05,0xe1,0xde,0xde,0xde,
  0xb0,0xb0,0x1a,0x1a,0x08,0x08,0x08,0x08,0x72,0x72,0x72,0x72,0xdb,0xda,0xda,0x20,
  0x08,0x08,0x08,0x08,0x39,0x2b,0x68,0x68,0x08,0x08,0x0a,0x0a,0x0a,0x62,0x04,0x04,
  0xc6,0xc6,0x0c,0x0c,0x04,0x0a,0x04,0x04,0x2e,0x2e,0x0b,0x0b,0x1a,0x1a,0x1a,0x1a,
  0xa1,0xa1,0xa1,0xa1,0x50,0x0d,0x08,0x08,0xf9,0x60,0x40,0x40,0x08,0x08,0x0a,0x0a,
  0x08,0x08,0x0a,0x0a,0x08,0x08,0x0a,0x0a,0x08,0x08,0x0a,0x0a,0x69,0x01,0x37,0x23,
  0x01,0x01,0x69,0x69,0x08,0x08,0x08,0x08,0x27,0x32,0x27,0x27,0x2d,0x2d,0x04,0x04,
  0x08,0x08,0x08,0x08,0x26,0x26,0x0d,0x0d,0xc8,0xc8,0x8f,0x8f,0xac,0xac,0xce,0xce,
  0x08,0x08,0x45,0x45,0x08,0x08,0x2d,0x2d,0x11,0x11,0x05,0x05,0x65,0x65,0x0d,0x0d,
  0xb0,0x33,0x1a,0x1a,0x08,0x08,0x08,0x08,0x72,0x72,0x5b,0x5b,0xcc,0xcc,0xcc,0xcc,
  0x08,0x08,0x08,0x08,0x68,0x2b,0x68,0x68,0x08,0x08,0x04,0x04,0x04,0x62,0x04,0x04,
  0xc6,0xc6,0x0c,0x0c,0x04,0x0a,0x04,0x04,0x2e,0x2e,0x0b,0x0b,0x1a,0x1a,0x1a,0x1a,
  0xa1,0xa1,0xa1,0xa1,0xc2,0x0d,0x08,0x08,0xf9,0x60,0x40,0x40,0x08,0x08,0x0a,0x0a,
  0x08,0x08,0x0a,0x0a,0x08,0x08,0x0a,0x0a,0x08,0x08,0x0a,0x0a,0x69,0x01,0x37,0x23,
  0x01,0x01,0x69,0x69,0x08,0x08,0x08,0x08,0x32,0x32,0x27,0x27,0x2d,0x2d,0x04,0x04,
  0x08,0x08,0x08,0x08,0x26,0x26,0x0d,0x0d,0xc8,0xc8,0x8f,0x8f,0xac,0xac,0xce,0xce,
  0x08,0x08,0x45,0x45,0x08,0x08,0x2d,0x2d,0x11,0x11,0x05,0x05,0x65,0x65,0x0d,0x65,
  0x33,0x33,0x23,0x1a,0x08,0x08,0x08,0x08,0x72,0x72,0x79,0x79,0xcc,0xcc,0xcc,0xcc,
  0x08,0x08,0x04,0x04,0xab,0xab,0x3d,0x3d,0x8b,0x0c,0x8b,0x8b,0x5b,0x6f,0x5b,0x5b,
  0x3b,0x3b,0x39,0x71,0x01,0x01,0x01,0x01,0x1a,0x1a,0x1a,0x1a,0x36,0x36,0x08,0x08,
  0xd3,0xd3,0xd3,0xd3,0xc2,0x65,0x08,0x08,0xf9,0xf9,0xb4,0x40,0x08,0x08,0x0a,0x0a,
  0x08,0x08,0x0a,0x0a,0x08,0x08,0x0a,0x0a,0x08,0x08,0x0a,0x0a,0x08,0x08,0x08,0x08,
  0x08,0x08,0x08,0x08,0x08,0x08,0x08,0x08,0x58,0x58,0xc3,0xc3,0x0b,0x0b,0x08,0x08,
  0x08,0x08,0x08,0x08,0x64,0x64,0x1a,0xa8,0x64,0x64,0xa8,0xa8,0x9a,0x9a,0x65,0x65,
  0x99,0xa2,0x25,0x25,0xf1,0xa2,0x25,0xa2,0x33,0x33,0x1a,0x1a,0x08,0x08,0x08,0x08,
  0x17,0x17,0xcc,0xda,0x4b,0x4b,0x2d,0x2d,0xa8,0xa8,0xa8,0xa8,0x43,0xbb,0x43,0x43,
  0x08,0x08,0x04,0x0a,0xab,0xab,0x3d,0x3d,0x8b,0x0c,0x0c,0x8b,0x9d,0x6f,0xa1,0x5b,
  0x3b,0x3b,0x71,0x71,0x01,0x01,0x01,0x01,0x1a,0x1a,0x1a,0x1a,0x36,0x36,0x08,0x08,
  0xd3,0xd3,0xd3,0xd3,0xc2,0x65,0x08,0x08,0xf9,0xf9,0xb4,0x40,0x08,0x08,0x0a,0x0a,
  0x08,0x08,0x0a,0x0a,0x08,0x08,0x0a,0x0a,0x08,0x08,0x0a,0x0a,0x08,0x08,0x08,0x08,
  0x08,0x08,0x08,0x08,0x08,0x08,0x08,0x08,0x58,0x58,0xc3,0xc3,0x0b,0x0b,0x08,0x08,
  0x08,0x08,0x08,0x08,0x64,0x64,0x1a,0xa8,0x64,0xa8,0xa8,0x57,0x9a,0x9a,0x65,0x65,
  0x99,0x25,0x25,0x25,0xf1,0xf1,0x25,0x25,0xb0,0x33,0x1a,0x1a,0x08,0x08,0x08,0x08,
  0xcc,0x17,0xcc,0xcc,0x4b,0x4b,0x2d,0x2d,0xa8,0xa8,0xa8,0xa8,0x43,0xbb,0x43,0x43,
  0x08,0x08,0x04,0x0a,0xab,0xab,0x3d,0x3d,0xab,0x3d,0xab,0xab,0x9d,0x6f,0x9d,0x5b,
  0x3b,0x3b,0x71,0x71,0x1a,0x1a,0x1a,0x1a,0x1a,0x1a,0x1a,0x1a,0x36,0x36,0x08,0x36,
  0x08,0x08,0x08,0x08,0xc2,0x65,0x08,0x08,0xf9,0xf9,0xb4,0x40,0x08,0x08,0x0a,0x0a,
  0x08,0x08,0x0a,0x0a,0x08,0x08,0x0a,0x0a,0x08,0x08,0x0a,0x0a,0xdb,0xdb,0xdb,0x45,
  0x08,0x08,0x08,0x08,0x08,0x08,0x08,0x08,0x58,0x58,0xc3,0xc3,0x0b,0x0b,0x08,0x08,
  0x08,0x08,0x08,0x08,0x64,0x64,0xa8,0xa8,0x64,0x64,0xa8,0xa8,0x9a,0x9a,0x65,0x65,
  0xa2,0x25,0x25,0x25,0x5f,0x5f,0xe8,0xe8,0x33,0x33,0x1a,0x1a,0x08,0x08,0x08,0x08,
  0xcc,0xcc,0xcc,0xcc,0xb7,0x92,0x92,0xa7,0x85,0x85,0x85,0x85,0x43,0xbb,0x43,0x43,
  0x08,0x08,0x04,0x04,0xd2,0xab,0x3d,0x3d,0xab,0x3d,0xab,0xab,0x6f,0x9d,0x5b,0xa1,
  0x76,0x76,0x3e,0x3e,0x1a,0x1a,0x1a,0x1a,0x1a,0x1a,0x1a,0x1a,0x36,0x36,0x36,0x36,
  0x08,0x08,0x08,0x08,0xc2,0x65,0x08,0x08,0xf9,0xf9,0xb4,0x40,0x08,0x08,0x0a,0x0a,
  0x08,0x08,0x0a,0x0a,0x08,0x08,0x0a,0x0a,0x08,0x08,0x0a,0x0a,0x47,0x46,0xdb,0x47,
  0x08,0x08,0x08,0x08,0x08,0x08,0x08,0x08,0x58,0x58,0xc3,0xc3,0x0b,0x0b,0x08,0x08,
  0x08,0x08,0x08,0x08,0x64,0x64,0xa8,0xa8,0x64,0x64,0xa8,0xa8,0x9a,0x9a,0x65,0x65,
  0xa2,0x25,0x25,0x25,0x5f,0x5f,0xaf,0xaf,0x33,0x33,0x1a,0x1a,0x08,0x08,0x08,0x08,
  0xcc,0xcc,0xcc,0xcc,0xb7,0xb7,0x92,0x92,0x57,0x57,0x85,0x57,0x4d,0xbb,0x43,0x43,
  0x88,0xa9,0xfc,0x49,0x15,0x15,0x15,0x15,0xa6,0xa6,0xa6,0x93,0xd3,0xd3,0xd3,0xd3,
  0x56,0x93,0x56,0xb5,0xa6,0xa6,0xa6,0x93,0xad,0xad,0x2c,0xad,0xad,0xad,0xad,0xad,
  0x28,0x28,0xc2,0xc2,0xdb,0xe7,0xe7,0x5d,0x79,0x79,0x08,0x08,0x08,0x08,0x0a,0x0a,
  0x08,0x08,0x0a,0x0a,0x08,0x08,0x0a,0x0a,0x77,0x77,0x77,0x77,0xd1,0xea,0xbf,0xbf,
  0x00,0x58,0x0e,0xc3,0x58,0x58,0xc3,0xc3,0x58,0x58,0xc3,0xc3,0x08,0x08,0x08,0x08,
  0x45,0x45,0x45,0x47,0x08,0x08,0x08,0x08,0x08,0x08,0x08,0x08,0x43,0x7c,0x90,0x15,
  0x4c,0x90,0x4c,0x4c,0xda,0xda,0xda,0xda,0x08,0x08,0x08,0x08,0xc8,0xb0,0x8f,0x85,
  0x84,0x0f,0xfd,0xef,0x6c,0x6c,0xfd,0xfd,0xcc,0xda,0xcc,0xcc,0x17,0x17,0x17,0x17,
  0x88,0x88,0xfc,0xfc,0xf0,0x15,0x15,0x15,0xa6,0xa6,0xa6,0x93,0xd3,0xd3,0xd3,0xd3,
  0x56,0x93,0x56,0xb5,0xa6,0xa6,0xa6,0x93,0xad,0xad,0x2c,0xad,0xad,0xad,0xad,0xad,
  0x73,0x73,0xa5,0xa5,0x48,0x48,0xe7,0x48,0x6e,0x6e,0x08,0x08,0x08,0x08,0x0a,0x0a,
  0x08,0x08,0x0a,0x0a,0x08,0x08,0x0a,0x0a,0x77,0x77,0x77,0x77,0xd1,0xea,0xbf,0xbf,
  0x58,0x58,0xc3,0xc3,0x58,0x58,0xc3,0xc3,0x58,0x58,0xc3,0xc3,0x08,0x08,0x08,0x08,
  0x45,0x45,0xdb,0x46,0x08,0x08,0x08,0x08,0x08,0x08,0x08,0x08,0x43,0x90,0x90,0x15,
  0x4c,0x90,0x5f,0x4c,0xda,0xda,0xda,0xda,0x08,0x08,0x08,0x08,0xc8,0xb0,0x8f,0x85,
  0x0f,0x84,0xef,0xfd,0x6c,0x6c,0xfd,0xfd,0xcc,0xda,0xcc,0xcc,0x17,0x17,0x17,0x17,
  0x88,0xbc,0xfc,0x88,0x50,0x26,0xb2,0x50,0xd3,0xd3,0xd3,0xc2,0x08,0xd3,0xd3,0xd3,
  0xc2,0xf0,0xc2,0xf0,0xd3,0xd3,0xd3,0xc2,0x2c,0x2c,0x77,0xad,0x2c,0x2c,0x77,0x2c,
  0x26,0x9a,0x26,0x49,0x45,0x45,0x45,0xe7,0x6e,0x6e,0x08,0x77,0x08,0x08,0x0a,0x0a,
  0x08,0x08,0x0a,0x0a,0x08,0x08,0x0a,0x0a,0x36,0x36,0x08,0x08,0xea,0xea,0xbf,0xbf,
  0x58,0x58,0xc3,0xc3,0x58,0x58,0xc3,0xc3,0x58,0x58,0xc3,0xc3,0x08,0x08,0x08,0x08,
  0x45,0x45,0xdb,0x45,0x62,0x04,0x62,0x04,0x08,0x08,0x08,0x08,0xd3,0x15,0xda,0x15,
  0x4c,0x5f,0x4c,0xad,0x66,0x19,0x66,0xfc,0x08,0x08,0x08,0x08,0xc8,0xc8,0x8f,0x8f,
  0xef,0x84,0x1f,0xfd,0x6c,0x6c,0xfd,0xfd,0xdb,0xcc,0xdb,0xdb,0x17,0xcc,0xcc,0xcc,
  0x88,0xbc,0xfc,0x88,0x50,0xb2,0xb2,0xb2,0xd3,0xd3,0xd3,0xc2,0x08,0xd3,0xd3,0xd3,
  0xc2,0xf0,0xc2,0xf0,0xd3,0xd3,0xd3,0xc2,0x2c,0x2c,0x77,0x2c,0x2c,0x2c,0x77,0x2c,
  0x26,0x28,0x26,0xc2,0xe7,0xe7,0x45,0xe7,0x6e,0x6e,0x08,0x77,0x08,0x08,0x0a,0x0a,
  0x08,0x08,0x0a,0x0a,0x08,0x08,0x0a,0x0a,0x36,0x36,0x08,0x08,0xea,0xea,0xbf,0xbf,
  0x58,0x58,0xc3,0xc3,0x58,0x58,0xc3,0xc3,0x58,0x58,0xc3,0xc3,0x08,0x08,0x08,0x08,
  0x45,0x45,0xdb,0x45,0x62,0x04,0x62,0x04,0x08,0x08,0x08,0x08,0xd3,0xda,0xda,0x15,
  0x4c,0x5f,0x4c,0xad,0xf0,0xf0,0xf0,0x66,0x08,0x08,0x08,0x08,0xc8,0xc8,0x8f,0x8f,
  0xef,0x84,0x1f,0xfd,0x6c,0x6c,0xfd,0xfd,0xdb,0xcc,0xdb,0xdb,0xcc,0xcc,0xcc,0xcc,
  0x17,0xbf,0x17,0xbf,0xbb,0x44,0x44,0x4d,0x08,0x08,0x08,0x08,0x08,0x08,0x08,0x08,
  0xbb,0xfe,0x16,0x4d,0x08,0x08,0x08,0x08,0x08,0x08,0x08,0x08,0x08,0x08,0x08,0x08,
  0xb4,0xb4,0x77,0x77,0xa5,0xa5,0x0d,0x50,0x6e,0x6e,0x08,0x77,0x08,0x08,0x0a,0x0a,
  0x08,0x08,0x0a,0x0a,0x08,0x08,0x0a,0x0a,0x08,0x08,0x08,0x08,0xd7,0xca,0xca,0xca,
  0x24,0x24,0x24,0x24,0x24,0x24,0x24,0x24,0x24,0x24,0x24,0x24,0x08,0x08,0x5b,0x6e,
  0xfc,0xfc,0xfc,0xfc,0xfe,0xfe,0x97,0xfe,0x6d,0x45,0x45,0x45,0x40,0x3f,0x3f,0x40,
  0x40,0x3f,0x40,0x40,0xfe,0xfe,0xfe,0x16,0x08,0x08,0x08,0x08,0x08,0x08,0x08,0x08,
  0x0f,0x6c,0xef,0xfd,0x6c,0x6c,0xfd,0xfd,0xda,0xda,0xda,0xda,0x96,0x96,0xe1,0xbd,
  0x17,0xbf,0x17,0xbf,0x4d,0x44,0x44,0x4d,0x08,0x08,0x08,0x08,0x08,0x08,0x08,0x08,
  0xbb,0xfe,0x16,0x4d,0x08,0x08,0x08,0x08,0x08,0x08,0x08,0x08,0x08,0x08,0x08,0x08,
  0x40,0x40,0x2d,0x2d,0xa5,0xa5,0x0d,0x50,0x6e,0x6e,0x08,0x77,0x08,0x08,0x0a,0x0a,
  0x08,0x08,0x0a,0x0a,0x08,0x08,0x0a,0x0a,0x08,0x08,0x08,0x08,0xca,0xd7,0xca,0xca,
  0x24,0x24,0x24,0x24,0x24,0x24,0x24,0x24,0x24,0x24,0x24,0x24,0x08,0x08,0x5b,0x6e,
  0xfc,0xfc,0xfc,0xfc,0xfe,0x16,0x16,0xfe,0xe7,0x45,0x45,0x45,0x40,0x3f,0x3f,0x40,
  0x40,0x3f,0x40,0x40,0x97,0xfe,0xfe,0xfe,0x08,0x08,0x08,0x08,0x08,0x08,0x08,0x08,
  0x6c,0x6c,0xfd,0xfd,0x6c,0x6c,0xfd,0xfd,0xda,0xda,0xda,0xda,0x96,0xbd,0xbd,0xbd,
  0x17,0xbf,0x17,0xbf,0xbb,0xbb,0xbb,0x4d,0x08,0x08,0x08,0x08,0x08,0x08,0x08,0x08,
  0x4d,0x4d,0x4c,0x4d,0x08,0x08,0x08,0x08,0x08,0x08,0x08,0x08,0x08,0x08,0x08,0x08,
  0x40,0x40,0x79,0x2d,0x40,0x40,0x40,0xb4,0x6e,0x6e,0x08,0x77,0x08,0x08,0x0a,0x0a,
  0x08,0x08,0x0a,0x0a,0x08,0x08,0x0a,0x0a,0x08,0x08,0x08,0x08,0x88,0xd4,0xd7,0xd7,
  0x7d,0x7d,0x78,0x78,0x7d,0x7d,0x78,0x78,0x7d,0x7d,0x78,0x78,0x08,0x08,0x5b,0x6e,
  0x9a,0x26,0x26,0xfc,0x7c,0x7c,0x5d,0x7c,0x6d,0x45,0x45,0x45,0x40,0x3f,0x3f,0x40,
  0x40,0x42,0x3f,0x40,0x7c,0x7c,0x7c,0x7c,0x08,0x08,0x08,0x08,0x08,0x08,0x08,0x08,
  0x6c,0x0f,0xfd,0xfd,0x6c,0x6c,0xfd,0xfd,0x15,0x15,0xf0,0x15,0xbd,0xbd,0xbd,0xbd,
  0x17,0x17,0x17,0x17,0x4d,0xbb,0xbb,0x4d,0x08,0x08,0x08,0x08,0x08,0x08,0x08,0x08,
  0x4d,0x4d,0x4c,0x4d,0x08,0x08,0x08,0x08,0x08,0x08,0x08,0x08,0x08,0x08,0x08,0x08,
  0x3f,0x3f,0x0b,0x0b,0x40,0x40,0x40,0xb4,0x79,0x79,0x08,0x08,0x08,0x08,0x0a,0x0a,
  0x08,0x08,0x0a,0x0a,0x08,0x08,0x0a,0x0a,0x08,0x08,0x08,0x08,0xd4,0x88,0xd4,0xd4,
  0x7d,0x7d,0x78,0x78,0x7d,0x7d,0x78,0x78,0x7d,0x7d,0x78,0x78,0x08,0x08,0x5b,0x5b,
  0x49,0x26,0x9a,0x49,0x7c,0x5d,0x5d,0x7c,0xe7,0x45,0x45,0x45,0x40,0x3f,0x3f,0x40,
  0x40,0x42,0x3f,0x40,0x5d,0x7c,0x7c,0x7c,0x08,0x08,0x08,0x08,0x08,0x08,0x08,0x08,
  0x0f,0x6c,0xfd,0xfd,0x6c,0x6c,0xfd,0xfd,0x15,0x15,0xf0,0x15,0xbd,0xbd,0xbd,0xbd,
};
const u16 sonic_tex0_pal[] = {
  0x0025,0x045f,0x0220,0x3400,0x03ff,0x0a1f,0x603f,0x5d63,0x7fff,0x7fff,0x03ff,0x7e5f,0x4dff,0x3fff,0x0c8c,0x4436,
  0x5597,0x0998,0x0f79,0x0fc4,0x57e4,0x5739,0x4d8e,0x4ff3,0x482e,0x77ff,0x207f,0x13c9,0x0d6b,0x6625,0x22ab,0x5c5a,
  0x532f,0x7848,0x7424,0x0c7e,0x0ac6,0x29d7,0x37ba,0x3e8c,0x477f,0x1fa6,0x39ac,0x03ff,0x771f,0x7e1f,0x7a1f,0x6c68,
  0x6c24,0x0e24,0x21a6,0x0878,0x23e9,0x7fff,0x7fff,0x221f,0x7b85,0x17df,0x60bf,0x0b7f,0x3c3f,0x6dff,0x0e78,0x7fe1,
  0x7fe0,0x7fe0,0x7fe3,0x7b5a,0x75ee,0x7ff2,0x7fed,0x7bea,0x6ef0,0x2299,0x1f3f,0x7599,0x567a,0x7678,0x6083,0x580e,
  0x53ff,0x180c,0x2c1e,0x4f23,0x0c05,0x7583,0x633f,0x251f,0x0026,0x7f05,0x0c8b,0x7c9f,0x7988,0x520c,0x7e44,0x41d5,
  0x7c2c,0x6189,0x03ff,0x6bc6,0x205a,0x2fdf,0x3eb9,0x7a08,0x07ff,0x0cdf,0x77ec,0x186e,0x4034,0x6ae8,0x7c1f,0x781f,
  0x086d,0x075d,0x7059,0x375d,0x1fc6,0x23ea,0x0e7d,0x7f1f,0x17cb,0x793f,0x1fff,0x5864,0x5e6f,0x0b8a,0x40bf,0x0412,
  0x1803,0x1fc6,0x23c7,0x3c1e,0x3c13,0x215d,0x2b4d,0x1fbd,0x058f,0x5c3f,0x1429,0x40b8,0x099b,0x5918,0x78a5,0x0cfd,
  0x3dd1,0x00c8,0x7118,0x5b3d,0x5d3f,0x78ab,0x27ee,0x40ec,0x2474,0x1cee,0x271a,0x77df,0x6909,0x705e,0x00f2,0x23c7,
  0x4033,0x70de,0x20d5,0x47e0,0x3503,0x43ff,0x773e,0x71be,0x24bd,0x11b1,0x5cde,0x5d9c,0x269b,0x729d,0x7608,0x3e1a,
  0x1cda,0x78c9,0x47df,0x68e5,0x7fe6,0x5e5d,0x6105,0x5cd2,0x1b6b,0x5c3e,0x3546,0x7a52,0x08ed,0x0ff0,0x3c5e,0x3f2c,
  0x4ce2,0x1207,0x63df,0x0ceb,0x7246,0x1826,0x4cde,0x1ece,0x08f9,0x1488,0x00a5,0x13c7,0x5ff8,0x1ebf,0x2f3f,0x75e8,
  0x75e8,0x5ff1,0x60dc,0x73fe,0x0148,0x0148,0x0148,0x0148,0x5483,0x17f9,0x5354,0x77f8,0x1c2c,0x0c66,0x37fd,0x21bc,
  0x10aa,0x23da,0x32df,0x18cc,0x20ca,0x0f46,0x32b0,0x7790,0x3ebb,0x43e0,0x2e26,0x4074,0x3bbe,0x5904,0x1085,0x4c7a,
  0x5fbd,0x40f2,0x4c3e,0x1e5d,0x27a8,0x1c25,0x0a7f,0x5b1f,0x6a7f,0x7c11,0x4c1e,0x58be,0x1a31,0x4c39,0x61d1,0x5c7c,
};
const u16 sonic_m0_vtx[] = {
  0xfce2,0x028d,0xfff9,0xfde1,0x02e5,0x0181,0xfc52,0x03a0,0x0158,0xfe9e,0x0285,0xfffb,0xfe3a,0x03e0,0x0147,0xfce4,
  0x0480,0x0123,0xfdd4,0x049d,0xfff7,0xff00,0x0383,0xfffa,0xfe63,0x03cd,0xfeb3,0xff00,0x0383,0xfffa,0xfe9e,0x0285,
  0xfffb,0xfce2,0x028d,0xfff9,0xfdfd,0x02d2,0xfe9a,0xfc4e,0x04c7,0xffe0,0xfc89,0x0381,0xfe86,0xfbc0,0x03de,0xffd9,
  0xfd01,0x0473,0xfe9f,0xfa53,0x01b1,0x0091,0xfb63,0x02bd,0x0230,0xfb40,0x02da,0x008b,0xfa6d,0x01a2,0x0235,0xfa4b,
  0x0176,0x0116,0xfa60,0x016b,0x0264,0xfb19,0x023b,0x0276,0xfb76,0x0304,0x011a,0xfdcc,0x010f,0x027b,0xfd8c,0xffed,
  0x02ef,0xfe2b,0x0189,0x011b,0xfdcc,0xffcf,0x0103,0xfd91,0x021a,0x0273,0xfd18,0x0158,0x043d,0xfc0f,0x02ce,0x026d,
  0xfbd0,0x01ff,0x0446,0xfc99,0x033e,0x0150,0xfb7f,0x00e4,0x055d,0xfa4b,0x0176,0x0116,0xfdcc,0xffcf,0x0103,0xfd8c,
  0xffed,0x02ef,0xfa60,0x016b,0x0264,0xfdcb,0xffcf,0x0013,0xfc6d,0x034a,0xfec1,0xfdc6,0x02ad,0xfebb,0xfb12,0x0118,
  0xfe49,0xfd9c,0x02bc,0x0151,0xfc7f,0x006c,0x0546,0xfc7f,0x006c,0x0546,0xfa2c,0x0184,0xffdb,0xfd23,0x001f,0xfe75,
  0xfb7f,0x00e4,0x055d,0xfd23,0x001f,0xfe75,0xfdcb,0xffcf,0x0013,0xfa2c,0x0184,0xffdb,0xfb12,0x0118,0xfe49,0xfd6b,
  0x03b8,0x008d,0xfdae,0x0553,0xffa8,0xfcfa,0x03fa,0xffa2,0xfe89,0x04ed,0xffa8,0xfde0,0x0373,0xffa2,0xfe22,0x051d,
  0x0084,0xfe89,0x04ed,0xffa8,0xfde0,0x0373,0xffa2,0xfddf,0x05b1,0xffa7,0xfe45,0x0561,0x0081,0xfe5d,0x0596,0x007f,
  0xfe0c,0x060d,0xffa8,0xfe65,0x06bb,0xffab,0xfe7a,0x05da,0x007d,0xfecc,0x068c,0x007f,0xfee3,0x05a7,0xffab,0xfeb7,
  0x054c,0xffa7,0xfeb7,0x054c,0xffa7,0xfee3,0x05a7,0xffab,0xff58,0x0686,0xffaf,0xfe71,0x06f3,0xffaf,0xff56,0x066b,
  0xffab,0xff56,0x066b,0xffab,0xfee5,0x06b6,0x0080,0xfe71,0x06f3,0xffaf,0xfe65,0x0782,0xfebc,0xfe7b,0x080e,0xfde6,
  0xff06,0x0790,0xfe05,0xfe4f,0x0722,0xffc3,0xfdde,0x07ac,0x0017,0xff9f,0x0714,0xfe40,0x0000,0x0758,0xfe1d,0x0000,
  0x07f7,0xfdaf,0xff83,0x0883,0xfd6e,0xfde1,0x086b,0xfe6d,0xfea1,0x07b5,0x01c9,0xfe4f,0x0722,0xffc3,0xfeea,0x06f1,
  0x0121,0xfdb7,0x08f2,0xfd61,0xfe44,0x07b4,0xfd0e,0xfdd1,0x09a5,0xfe6e,0xfd92,0x0997,0x003d,0x0000,0x0662,0xfff3,
  0xff84,0x06a3,0x0096,0xff94,0x0673,0xffe3,0xff83,0x0883,0xfd6e,0xff06,0x0790,0xfe05,0xfe7b,0x080e,0xfde6,0x0000,
  0x06e8,0x014e,0xfe6f,0x099f,0x01f1,0xfdde,0x07ac,0x0017,0x0000,0x09a1,0x027e,0x0000,0x07b4,0x0249,0x0000,0x092d,
  0xfd5e,0xfed6,0x06fc,0xff20,0xff84,0x06ec,0x0141,0x0000,0x06cf,0xfe70,0x0000,0x0662,0xfff3,0xff94,0x0673,0xffe3,
  0xfe44,0x07b4,0xfd0e,0x0000,0x0621,0xfc1b,0x00a8,0x0686,0xffaf,0x00aa,0x066b,0xffab,0x011b,0x06b6,0x0080,0x018f,
  0x06f3,0xffaf,0x00a8,0x0686,0xffaf,0x012a,0x06fc,0xff20,0x00a8,0x0686,0xffaf,0x011b,0x06b6,0x0080,0x007c,0x06a3,
  0x0096,0x0116,0x06f1,0x0121,0x018f,0x06f3,0xffaf,0x006c,0x0673,0xffe3,0x006c,0x0673,0xffe3,0x01b1,0x0722,0xffc3,
  0x007c,0x06ec,0x0141,0x0191,0x099f,0x01f1,0x015f,0x07b5,0x01c9,0x026e,0x0997,0x003d,0x0222,0x07ac,0x0017,0x01b1,
  0x0722,0xffc3,0x0061,0x0714,0xfe40,0x019b,0x0782,0xfebc,0x00fa,0x0790,0xfe05,0x021f,0x086b,0xfe6d,0x0185,0x080e,
  0xfde6,0x026e,0x0997,0x003d,0x0222,0x07ac,0x0017,0x0185,0x080e,0xfde6,0x007d,0x0883,0xfd6e,0x01bc,0x07b4,0xfd0e,
  0x0249,0x08f2,0xfd61,0x007d,0x0883,0xfd6e,0x00fa,0x0790,0xfe05,0x022f,0x09a5,0xfe6e,0x01bc,0x07b4,0xfd0e,0xfe71,
  0x06f3,0xffaf,0xfd92,0x0997,0x003d,0xfe71,0x06f3,0xffaf,0xff58,0x0686,0xffaf,0xff58,0x0686,0xffaf,0xfee5,0x06b6,
  0x0080,0xff58,0x0686,0xffaf,0xfe36,0x08c0,0xfc1b,0xfe86,0x0a61,0xfd21,0xfdbf,0x0853,0xfcc3,0xfee9,0x0836,0xfc82,
  0xffc2,0x09ce,0xfd27,0x0000,0x0ac2,0xfde0,0xfe02,0x073b,0xfc25,0x0000,0x092d,0xfd5e,0x0000,0x0b68,0xfefe,0xfdfd,
  0x0a7b,0xff39,0xfee4,0x0b50,0xffc1,0xfeb2,0x0b15,0x0104,0x0000,0x0b9c,0x004b,0x0000,0x0b28,0x0188,0x014e,0x0b15,
  0x0104,0x0000,0x0b28,0x0188,0x014e,0x0b15,0x0104,0x011c,0x0b50,0xffc1,0x017a,0x0a61,0xfd21,0x0207,0x0aa5,0x0039,
  0x0203,0x0a7b,0xff39,0x0241,0x0853,0xfcc3,0x01ca,0x08c0,0xfc1b,0x003e,0x09ce,0xfd27,0x0117,0x0836,0xfc82,0x01fe,
  0x073b,0xfc25,0xfeb2,0x0b15,0x0104,0xfdf9,0x0aa5,0x0039,0x0134,0x068c,0x007f,0x018f,0x06f3,0xffaf,0x011d,0x05a7,
  0xffab,0x0186,0x05da,0x007d,0x019b,0x06bb,0xffab,0x01f4,0x060d,0xffa8,0x00aa,0x066b,0xffab,0x00a8,0x0686,0xffaf,
  0x011d,0x05a7,0xffab,0x018f,0x06f3,0xffaf,0x0221,0x05b1,0xffa7,0x0149,0x054c,0xffa7,0x0252,0x0553,0xffa8,0x0149,
  0x054c,0xffa7,0x0177,0x04ed,0xffa8,0x01bb,0x0561,0x0081,0x01de,0x051d,0x0084,0x0220,0x0373,0xffa2,0x0177,0x04ed,
  0xffa8,0x0306,0x03fa,0xffa2,0x0220,0x0373,0xffa2,0x0295,0x03b8,0x008d,0x01a3,0x0596,0x007f,0x0367,0x033e,0x0150,
  0x0393,0x034a,0xfec1,0x0264,0x02bc,0x0151,0x03b2,0x04c7,0xffe0,0x02ff,0x0473,0xfe9f,0x022c,0x049d,0xfff7,0x02e8,
  0x0158,0x043d,0x0274,0xffed,0x02ef,0x0381,0x006c,0x0546,0x023a,0x02ad,0xfebb,0x02dd,0x001f,0xfe75,0x0235,0xffcf,
  0x0013,0x031c,0x0480,0x0123,0x0235,0xffcf,0x0013,0x05d4,0x0184,0xffdb,0x05b5,0x0176,0x0116,0x0234,0xffcf,0x0103,
  0x0430,0x01ff,0x0446,0x03f1,0x02ce,0x026d,0x026f,0x021a,0x0273,0x04ee,0x0118,0xfe49,0x02dd,0x001f,0xfe75,0x0481,
  0x00e4,0x055d,0x0381,0x006c,0x0546,0x05a0,0x016b,0x0264,0x01d5,0x0189,0x011b,0x04ee,0x0118,0xfe49,0x048a,0x0304,
  0x011a,0x05d4,0x0184,0xffdb,0x0440,0x03de,0xffd9,0x03ae,0x03a0,0x0158,0x01c6,0x03e0,0x0147,0x021f,0x02e5,0x0181,
  0x0234,0x010f,0x027b,0x05b5,0x0176,0x0116,0x019d,0x03cd,0xfeb3,0x0203,0x02d2,0xfe9a,0x0274,0xffed,0x02ef,0x0481,
  0x00e4,0x055d,0x0377,0x0381,0xfe86,0x031e,0x028d,0xfff9,0x0234,0xffcf,0x0103,0x05a0,0x016b,0x0264,0x04e7,0x023b,
  0x0276,0x0162,0x0285,0xfffb,0x05ad,0x01b1,0x0091,0x049d,0x02bd,0x0230,0x0593,0x01a2,0x0235,0x04c0,0x02da,0x008b,
  0x0100,0x0383,0xfffa,0x0162,0x0285,0xfffb,0x031e,0x028d,0xfff9,0x0100,0x0383,0xfffa,0x0a71,0x0b86,0x002e,0x0a75,
  0x0b7a,0xff2a,0x076b,0x0b67,0x0064,0x0928,0x0a38,0xffd4,0x0a13,0x0a51,0x009f,0x096c,0x0a0e,0x00de,0x094a,0x0a9e,
  0x01b4,0x0a34,0x0b57,0x011b,0x0640,0x09d1,0x011a,0x05cc,0x0a97,0xfff9,0x0640,0x093d,0xfffa,0x086e,0x09ac,0x00ed,
  0x0771,0x0a11,0x00d8,0x07ef,0x09d7,0x01b2,0x0765,0x0aa9,0x010b,0x09a0,0x0a41,0xfe2a,0x09aa,0x0a17,0xfeda,0x08b3,
  0x0a1b,0xfe91,0x09e8,0x0a15,0xffb7,0x0963,0x09ed,0x0198,0x076c,0x0a84,0xfef6,0x0841,0x0a9e,0xfe3d,0x075d,0x09f7,
  0xffe4,0x0a44,0x09c7,0x01fc,0x0ac7,0x09d0,0x00fd,0x076c,0x0b15,0xff27,0x075d,0x09f7,0xffe4,0x0808,0x0a6f,0x01f9,
  0x0846,0x0968,0x01c7,0x07ef,0x09d7,0x01b2,0x086e,0x09ac,0x00ed,0x076c,0x0a84,0xfef6,0x0841,0x0a9e,0xfe3d,0x0ac8,
  0x0979,0xff43,0x09aa,0x0a17,0xfeda,0x0acc,0x0a19,0xfeaf,0x0970,0x090e,0x0123,0x0984,0x0976,0x00b5,0x095d,0x0976,
  0x021e,0x08e1,0x0944,0x021c,0x07e4,0x09c1,0xffcc,0x0771,0x0a11,0x00d8,0x0a89,0x095e,0x015b,0x0acd,0x0975,0x005d,
  0x0afb,0x0a0a,0xffce,0x0ac7,0x09d0,0x00fd,0x0640,0x0b49,0xfeee,0x0640,0x09ed,0xfedc,0x09e8,0x0a15,0xffb7,0x0afb,
  0x0a0a,0xffce,0x0963,0x09ed,0x0198,0x0984,0x097f,0x00b5,0x0a13,0x0a51,0x009f,0x088d,0x08f6,0x00d9,0x092b,0x08eb,
  0x0063,0x0846,0x0968,0x01c7,0x0a2c,0x09dc,0xfdea,0x0acc,0x0a19,0xfeaf,0x0ab3,0x09b3,0xfe5c,0x09a2,0x09d4,0xff2d,
  0x09a0,0x0a51,0xff53,0x09aa,0x0a17,0xfeda,0x0994,0x09b5,0xfdf8,0x09a0,0x0a41,0xfe2a,0x0a2c,0x09dc,0xfdea,0x0963,
  0x09ed,0x0198,0x0758,0x09ed,0xfedc,0x0758,0x093d,0xfffa,0x0758,0x093d,0xfffa,0x0758,0x09d1,0x011a,0x0a17,0x0b51,
  0xfe42,0x0984,0x0ab5,0xfdcc,0x092b,0x08eb,0x0063,0x0984,0x0976,0x00b5,0x0a13,0x0a51,0x009f,0x099e,0x09d0,0xfea0,
  0x0994,0x09b5,0xfdf8,0x09a2,0x09d4,0xff2d,0x0640,0x093d,0xfffa,0x0984,0x0ab5,0xfdcc,0x09b9,0x09c6,0x0019,0x09e8,
  0x0a15,0xffb7,0x09aa,0x0a17,0xfeda,0x09a0,0x0a41,0xfe2a,0x0758,0x0be3,0x0012,0x0758,0x0b21,0x0139,0x07f1,0x0a94,
  0xffe5,0x09e8,0x0a15,0xffb7,0x0640,0x0b21,0x0139,0x099e,0x09d0,0xfea0,0x088d,0x08f6,0x00d9,0x05cc,0x0a97,0xfff9,
  0x0758,0x0b49,0xfeee,0x09b9,0x09c6,0x0019,0x09ae,0x0a69,0x0014,0x09e8,0x0a15,0xffb7,0x0a13,0x0a51,0x009f,0x0984,
  0x097f,0x00b5,0x096c,0x0a0e,0x00de,0x0a13,0x0a51,0x009f,0x0963,0x09ed,0x0198,0x0640,0x0be3,0x0012,0xfa34,0x0a97,
  0xfff9,0xf9c0,0x0b49,0xfeee,0xf9c0,0x0be3,0x0012,0xf80f,0x0a94,0xffe5,0xf8a8,0x09ed,0xfedc,0xf8a8,0x093d,0xfffa,
  0xf8a8,0x093d,0xfffa,0xf8a8,0x09d1,0x011a,0xf8a8,0x0b21,0x0139,0xf8a8,0x0be3,0x0012,0xf9c0,0x0b21,0x0139,0xf9c0,
  0x09d1,0x011a,0xf8a8,0x0b49,0xfeee,0xf539,0x09d0,0x00fd,0xf67c,0x097f,0x00b5,0xf577,0x095e,0x015b,0xf58b,0x0b7a,
  0xff2a,0xf895,0x0b67,0x0064,0xf894,0x0b15,0xff27,0xf9c0,0x093d,0xfffa,0xf7bf,0x0a9e,0xfe3d,0xf5e9,0x0b51,0xfe42,
  0xf8a3,0x09f7,0xffe4,0xf88f,0x0a11,0x00d8,0xf81c,0x09c1,0xffcc,0xf67c,0x097f,0x00b5,0xf694,0x0a0e,0x00de,0xf69d,
  0x09ed,0x0198,0xf5ed,0x0a51,0x009f,0xf88f,0x0a11,0x00d8,0xf89b,0x0aa9,0x010b,0xf690,0x090e,0x0123,0xf71f,0x0944,
  0x021c,0xf6a3,0x0976,0x021e,0xf67c,0x0ab5,0xfdcc,0xf6d5,0x08eb,0x0063,0xf792,0x09ac,0x00ed,0xf773,0x08f6,0x00d9,
  0xf6b6,0x0a9e,0x01b4,0xf5bc,0x09c7,0x01fc,0xf69d,0x09ed,0x0198,0xf534,0x0a19,0xfeaf,0xf662,0x09d0,0xfea0,0xf656,
  0x0a17,0xfeda,0xf7f8,0x0a6f,0x01f9,0xf811,0x09d7,0x01b2,0xf647,0x09c6,0x0019,0xf652,0x0a69,0x0014,0xf5ed,0x0a51,
  0x009f,0xf618,0x0a15,0xffb7,0xf534,0x0a19,0xfeaf,0xf505,0x0a0a,0xffce,0xf773,0x08f6,0x00d9,0xf58f,0x0b86,0x002e,
  0xf5cc,0x0b57,0x011b,0xf9c0,0x09ed,0xfedc,0xfa34,0x0a97,0xfff9,0xf9c0,0x093d,0xfffa,0xf505,0x0a0a,0xffce,0xf539,
  0x09d0,0x00fd,0xf618,0x0a15,0xffb7,0xf533,0x0975,0x005d,0xf69d,0x09ed,0x0198,0xf67c,0x0976,0x00b5,0xf656,0x0a17,
  0xfeda,0xf74d,0x0a1b,0xfe91,0xf6d8,0x0a38,0xffd4,0xf7ba,0x0968,0x01c7,0xf5d4,0x09dc,0xfdea,0xf66c,0x09b5,0xfdf8,
  0xf54d,0x09b3,0xfe5c,0xf66c,0x09b5,0xfdf8,0xf660,0x0a41,0xfe2a,0xf662,0x09d0,0xfea0,0xf69d,0x09ed,0x0198,0xf67c,
  0x0976,0x00b5,0xf660,0x0a41,0xfe2a,0xf5d4,0x09dc,0xfdea,0xf67c,0x0ab5,0xfdcc,0xf7bf,0x0a9e,0xfe3d,0xf65e,0x09d4,
  0xff2d,0xf660,0x0a51,0xff53,0xf618,0x0a15,0xffb7,0xf5ed,0x0a51,0x009f,0xf618,0x0a15,0xffb7,0xf7ba,0x0968,0x01c7,
  0xf660,0x0a41,0xfe2a,0xf5ed,0x0a51,0x009f,0xf647,0x09c6,0x0019,0xf792,0x09ac,0x00ed,0xf811,0x09d7,0x01b2,0xf618,
  0x0a15,0xffb7,0xf538,0x0979,0xff43,0xf65e,0x09d4,0xff2d,0xf656,0x0a17,0xfeda,0xf5ed,0x0a51,0x009f,0xf8a3,0x09f7,
  0xffe4,0xf894,0x0a84,0xfef6,0xf6d5,0x08eb,0x0063,0xf656,0x0a17,0xfeda,0xf694,0x0a0e,0x00de,0xf894,0x0a84,0xfef6,
};
const u16 sonic_m0_uv[] = {
  0x0a51,0x04c1,0x08b2,0x04f6,0x097b,0x04fb,0x07f0,0x0514,0x08b5,0x06d6,0x0981,0x06d5,0x09da,0x076b,0x07f6,0x06ba,
  0x0ba2,0x06a5,0x0c4f,0x06ab,0x0c49,0x0504,0x0c36,0x0488,0x0b9a,0x0503,0x0a34,0x06b3,0x0ae2,0x0506,0x0a2c,0x0514,
  0x0ae9,0x06aa,0x0d38,0x0860,0x0f36,0x09d1,0x0d34,0x09c5,0x0f27,0x087c,0x0b82,0x0ca1,0x0b9b,0x0d77,0x0c83,0x0d74,
  0x0d0a,0x0c93,0x0f02,0x0d7a,0x0f70,0x0dda,0x0f0e,0x0c99,0x0f91,0x0cb4,0x0e4e,0x0d5a,0x0e50,0x0e51,0x0d20,0x0d63,
  0x0c85,0x0e45,0x0d4d,0x0cad,0x0cae,0x0eab,0x0b9b,0x0918,0x0c61,0x090a,0x0c5f,0x0958,0x0b9c,0x0958,0x0f92,0x0c32,
  0x0cea,0x0b78,0x0e68,0x0b7a,0x0c9d,0x0b37,0x0e60,0x0ca7,0x0e61,0x0eaf,0x0c15,0x09ee,0x0b84,0x0c32,0x0ec8,0x0b3d,
  0x0bde,0x09ee,0x0c3b,0x086b,0x0c62,0x08d9,0x0b9a,0x08d9,0x0bbd,0x086b,0x06c9,0x0c98,0x0724,0x0d5a,0x0727,0x0c9f,
  0x07e0,0x0d58,0x066c,0x0c98,0x06c2,0x0d59,0x066c,0x0d58,0x07e0,0x0c98,0x0724,0x0d8d,0x06c0,0x0d7e,0x06c0,0x0d9a,
  0x0724,0x0dbe,0x071d,0x0e1c,0x06c0,0x0dbd,0x06c3,0x0e1c,0x07e0,0x0dbc,0x07e0,0x0d8b,0x066c,0x0d8b,0x066c,0x0dbc,
  0x07e0,0x0e2a,0x07e0,0x0e2a,0x07e0,0x0e1a,0x066c,0x0e1a,0x06c1,0x0e29,0x071e,0x0e28,0x06b3,0x09cb,0x071e,0x09b0,
  0x0730,0x09cf,0x0644,0x09dc,0x062f,0x09ab,0x06e6,0x0a55,0x0722,0x0a71,0x075d,0x0a60,0x0788,0x09df,0x06dd,0x0974,
  0x08c8,0x01ea,0x097a,0x0125,0x08ad,0x0164,0x0729,0x0917,0x07b3,0x08ef,0x06c9,0x0908,0x064a,0x0948,0x07d0,0x006d,
  0x083e,0x00ec,0x0859,0x0073,0x0775,0x0845,0x07a5,0x0868,0x07bc,0x088e,0x07ec,0x0152,0x08f2,0x0337,0x09c5,0x019e,
  0x07f7,0x032e,0x07ec,0x023c,0x07b4,0x09fd,0x0688,0x0a01,0x082d,0x0152,0x06af,0x0a6e,0x0630,0x0a60,0x0637,0x0a43,
  0x07b3,0x08ef,0x06e6,0x0a75,0x066c,0x0e2a,0x066c,0x0e1a,0x06c1,0x0e29,0x0650,0x0a0d,0x064d,0x0a0b,0x0688,0x0a01,
  0x08cf,0x009d,0x08d7,0x010e,0x083e,0x00ec,0x08ad,0x0164,0x0925,0x0104,0x0637,0x0a43,0x0859,0x0073,0x0644,0x09dc,
  0x082d,0x0152,0x08f2,0x0337,0x08c8,0x01ea,0x09a9,0x02e4,0x09c5,0x019e,0x097a,0x0125,0x06e6,0x0a55,0x06b3,0x09cb,
  0x0730,0x09cf,0x06dd,0x0974,0x071e,0x09b0,0x064a,0x0948,0x062f,0x09ab,0x07bc,0x088e,0x0775,0x0845,0x07b3,0x08ef,
  0x0729,0x0917,0x0788,0x09df,0x07a5,0x0868,0x06c9,0x0908,0x07b3,0x08ef,0x0925,0x0104,0x09a9,0x02e4,0x0650,0x0a0d,
  0x08cf,0x009d,0x064d,0x0a0b,0x08d7,0x010e,0x066c,0x0e2a,0x0780,0x0931,0x0711,0x089c,0x079a,0x090a,0x07cc,0x08d5,
  0x0734,0x084c,0x06ef,0x081d,0x07d2,0x0936,0x075b,0x0836,0x0697,0x081d,0x067d,0x08d1,0x0645,0x0875,0x05bc,0x0884,
  0x0612,0x081d,0x07f1,0x042e,0x08f4,0x040c,0x0582,0x081d,0x05bc,0x0884,0x0645,0x0875,0x0711,0x089c,0x0621,0x08b8,
  0x067d,0x08d1,0x079a,0x090a,0x0780,0x0931,0x0734,0x084c,0x07cc,0x08d5,0x07d2,0x0936,0x08f4,0x040c,0x0621,0x08b8,
  0x06c3,0x0e1c,0x071e,0x0e28,0x066c,0x0dbc,0x06c0,0x0dbd,0x071d,0x0e1c,0x0724,0x0dbe,0x07e0,0x0e1a,0x07e0,0x0e2a,
  0x07e0,0x0dbc,0x07e0,0x0e2a,0x0724,0x0d8d,0x07e0,0x0d8b,0x0724,0x0d5a,0x066c,0x0d8b,0x066c,0x0d58,0x06c0,0x0d7e,
  0x06c2,0x0d59,0x07e0,0x0c98,0x07e0,0x0d58,0x0727,0x0c9f,0x066c,0x0c98,0x06c9,0x0c98,0x06c0,0x0d9a,0x0d4d,0x0cad,
  0x0cea,0x0b78,0x0e60,0x0ca7,0x0a34,0x06b3,0x0ae9,0x06aa,0x09da,0x076b,0x0e50,0x0e51,0x0f70,0x0dda,0x0e61,0x0eaf,
  0x0e68,0x0b7a,0x0ec8,0x0b3d,0x0f92,0x0c32,0x0981,0x06d5,0x0c62,0x08d9,0x0b9a,0x08d9,0x0b9b,0x0918,0x0c61,0x090a,
  0x0c85,0x0e45,0x0d20,0x0d63,0x0e4e,0x0d5a,0x0bbd,0x086b,0x0c3b,0x086b,0x0bde,0x09ee,0x0c15,0x09ee,0x0b9c,0x0958,
  0x0f0e,0x0c99,0x0c9d,0x0b37,0x0d0a,0x0c93,0x0b84,0x0c32,0x0a2c,0x0514,0x097b,0x04fb,0x08b5,0x06d6,0x08b2,0x04f6,
  0x0f02,0x0d7a,0x0b82,0x0ca1,0x0ba2,0x06a5,0x0b9a,0x0503,0x0c5f,0x0958,0x0cae,0x0eab,0x0ae2,0x0506,0x0a51,0x04c1,
  0x0f91,0x0cb4,0x0b9b,0x0d77,0x0c83,0x0d74,0x0c49,0x0504,0x0d38,0x0860,0x0f36,0x09d1,0x0f27,0x087c,0x0d34,0x09c5,
  0x07f6,0x06ba,0x07f0,0x0514,0x0c36,0x0488,0x0c4f,0x06ab,0x0e42,0x05e5,0x0e13,0x0654,0x0cdf,0x056e,0x0d8f,0x0236,
  0x0e19,0x0225,0x0dcf,0x01dc,0x0db0,0x050c,0x0e41,0x0579,0x0b80,0x03ae,0x0c3e,0x02b4,0x0b70,0x0435,0x0d76,0x016f,
  0x0cb6,0x053c,0x0d01,0x0495,0x0cd8,0x0524,0x0da7,0x0309,0x0e06,0x02dc,0x0d4e,0x02e9,0x0e18,0x0288,0x0dc3,0x012f,
  0x0cb6,0x02c5,0x0d4b,0x033c,0x0c90,0x0252,0x0e9f,0x04a8,0x0edc,0x051e,0x0ccf,0x05e9,0x0c93,0x058f,0x0d12,0x04ae,
  0x0d4c,0x00d5,0x0d30,0x013e,0x0d89,0x00e4,0x0cbf,0x062e,0x0d4e,0x0692,0x0ec1,0x065f,0x0f38,0x06e2,0x0e9d,0x06a1,
  0x0dad,0x03e1,0x0dfe,0x0403,0x0d93,0x044d,0x0d65,0x0437,0x0d51,0x01e3,0x0cbf,0x01d4,0x0ec0,0x04e1,0x0eee,0x0598,
  0x0eee,0x05da,0x0edd,0x055b,0x0b89,0x0216,0x0b8e,0x0184,0x0f7f,0x0662,0x0ed0,0x0621,0x0f30,0x0454,0x0f85,0x0473,
  0x0f84,0x053d,0x0d5b,0x03bf,0x0dc7,0x0397,0x0d3c,0x0420,0x0e09,0x0700,0x0e70,0x06b5,0x0e42,0x06da,0x0f8f,0x036c,
  0x0f54,0x034f,0x0f32,0x038a,0x0e4e,0x0419,0x0e8a,0x03ef,0x0e03,0x03ae,0x0dc4,0x0467,0x0a97,0x0184,0x0a8a,0x00f2,
  0x0a77,0x0434,0x0a88,0x03ad,0x0ddb,0x067c,0x0db7,0x06a8,0x0dca,0x0039,0x0e0d,0x009d,0x0f78,0x04dc,0x0eb2,0x076d,
  0x0e4c,0x0767,0x0f8a,0x06c0,0x0b83,0x00f1,0x0db4,0x0354,0x0fe3,0x0588,0x0f94,0x05de,0x0ebf,0x070f,0x0ebe,0x073c,
  0x0a7f,0x0299,0x0a8c,0x0325,0x0a0b,0x02e6,0x0f6e,0x0308,0x0b84,0x0326,0x0eb9,0x0428,0x0d5f,0x0072,0x0c4d,0x02ab,
  0x0a90,0x0215,0x0fe0,0x0236,0x0fae,0x0245,0x0faa,0x0286,0x0fa2,0x01ea,0x0f7f,0x012a,0x0f53,0x0135,0x0f7e,0x017c,
  0x0f38,0x00fc,0x0b7c,0x0299,0x0c3e,0x02b4,0x0b89,0x0216,0x0b7c,0x0299,0x0a0b,0x02e6,0x0a97,0x0184,0x0a8a,0x00f2,
  0x0a77,0x0434,0x0a88,0x03ad,0x0a8c,0x0325,0x0a7f,0x0299,0x0b84,0x0326,0x0b80,0x03ae,0x0a90,0x0215,0x0edc,0x051e,
  0x0f85,0x0473,0x0ec0,0x04e1,0x0e13,0x0654,0x0cdf,0x056e,0x0ccf,0x05e9,0x0b70,0x0435,0x0d4e,0x0692,0x0ddb,0x067c,
  0x0c90,0x0252,0x0cbf,0x01d4,0x0d51,0x01e3,0x0f7f,0x012a,0x0f53,0x0135,0x0f38,0x00fc,0x0f7e,0x017c,0x0cb6,0x053c,
  0x0cd8,0x0524,0x0dad,0x03e1,0x0d65,0x0437,0x0d93,0x044d,0x0db7,0x06a8,0x0dca,0x0039,0x0d89,0x00e4,0x0d5f,0x0072,
  0x0db0,0x050c,0x0e9f,0x04a8,0x0f30,0x0454,0x0e70,0x06b5,0x0eb2,0x076d,0x0ebf,0x070f,0x0d12,0x04ae,0x0d01,0x0495,
  0x0fe0,0x0236,0x0fae,0x0245,0x0fa2,0x01ea,0x0faa,0x0286,0x0e9d,0x06a1,0x0ed0,0x0621,0x0d5b,0x03bf,0x0e42,0x05e5,
  0x0e41,0x0579,0x0b8e,0x0184,0x0c4d,0x02ab,0x0b83,0x00f1,0x0eee,0x05da,0x0edd,0x055b,0x0f94,0x05de,0x0eee,0x0598,
  0x0dc3,0x012f,0x0e0d,0x009d,0x0e06,0x02dc,0x0d4e,0x02e9,0x0d8f,0x0236,0x0d4c,0x00d5,0x0e09,0x0700,0x0e4c,0x0767,
  0x0e42,0x06da,0x0e4e,0x0419,0x0e8a,0x03ef,0x0eb9,0x0428,0x0dc4,0x0467,0x0dfe,0x0403,0x0da7,0x0309,0x0e03,0x03ae,
  0x0db4,0x0354,0x0d4b,0x033c,0x0f8f,0x036c,0x0f54,0x034f,0x0f6e,0x0308,0x0e19,0x0225,0x0e18,0x0288,0x0d3c,0x0420,
  0x0ec2,0x0750,0x0f84,0x053d,0x0fe3,0x0588,0x0d76,0x016f,0x0d30,0x013e,0x0f7f,0x0662,0x0ec1,0x065f,0x0f8a,0x06c0,
  0x0f38,0x06e2,0x0f78,0x04dc,0x0c93,0x058f,0x0cbf,0x062e,0x0dc7,0x0397,0x0f32,0x038a,0x0dcf,0x01dc,0x0cb6,0x02c5,
};
const u16 sonic_m0_col[] = {
  0x7fff,0x7fff,0x7fff,0x7fff,0x7fff,0x7fff,0x7fff,0x7fff,0x7fff,0x7fff,0x7fff,0x7fff,0x7fff,0x7fff,0x7fff,0x7fff,
  0x7fff,0x7fff,0x7fff,0x7fff,0x7fff,0x7fff,0x7fff,0x7fff,0x7fff,0x7fff,0x7fff,0x7fff,0x7fff,0x7fff,0x7fff,0x7fff,
  0x7fff,0x7fff,0x7fff,0x7fff,0x7fff,0x7fff,0x7fff,0x7fff,0x7fff,0x7fff,0x7fff,0x7fff,0x7fff,0x7fff,0x7fff,0x7fff,
  0x7fff,0x7fff,0x7fff,0x7fff,0x7fff,0x7fff,0x7fff,0x7fff,0x7fff,0x7fff,0x7fff,0x7fff,0x7fff,0x7fff,0x7fff,0x7fff,
  0x7fff,0x7fff,0x7fff,0x7fff,0x7fff,0x7fff,0x7fff,0x7fff,0x7fff,0x7fff,0x7fff,0x7fff,0x7fff,0x7fff,0x7fff,0x7fff,
  0x7fff,0x7fff,0x7fff,0x7fff,0x7fff,0x7fff,0x7fff,0x7fff,0x7fff,0x7fff,0x7fff,0x7fff,0x7fff,0x7fff,0x7fff,0x7fff,
  0x7fff,0x7fff,0x7fff,0x7fff,0x7fff,0x7fff,0x7fff,0x7fff,0x7fff,0x7fff,0x7fff,0x7fff,0x7fff,0x7fff,0x7fff,0x7fff,
  0x7fff,0x7fff,0x7fff,0x7fff,0x7fff,0x7fff,0x7fff,0x7fff,0x7fff,0x7fff,0x7fff,0x7fff,0x7fff,0x7fff,0x7fff,0x7fff,
  0x7fff,0x7fff,0x7fff,0x7fff,0x7fff,0x7fff,0x7fff,0x7fff,0x7fff,0x7fff,0x7fff,0x7fff,0x7fff,0x7fff,0x7fff,0x7fff,
  0x7fff,0x7fff,0x7fff,0x7fff,0x7fff,0x7fff,0x7fff,0x7fff,0x7fff,0x7fff,0x7fff,0x7fff,0x7fff,0x7fff,0x7fff,0x7fff,
  0x7fff,0x7fff,0x7fff,0x7fff,0x7fff,0x7fff,0x7fff,0x7fff,0x7fff,0x7fff,0x7fff,0x7fff,0x7fff,0x7fff,0x7fff,0x7fff,
  0x7fff,0x7fff,0x7fff,0x7fff,0x7fff,0x7fff,0x7fff,0x7fff,0x7fff,0x7fff,0x7fff,0x7fff,0x7fff,0x7fff,0x7fff,0x7fff,
  0x7fff,0x7fff,0x7fff,0x7fff,0x7fff,0x7fff,0x7fff,0x7fff,0x7fff,0x7fff,0x7fff,0x7fff,0x7fff,0x7fff,0x7fff,0x7fff,
  0x7fff,0x7fff,0x7fff,0x7fff,0x7fff,0x7fff,0x7fff,0x7fff,0x7fff,0x7fff,0x7fff,0x7fff,0x7fff,0x7fff,0x7fff,0x7fff,
  0x7fff,0x7fff,0x7fff,0x7fff,0x7fff,0x7fff,0x7fff,0x7fff,0x7fff,0x7fff,0x7fff,0x7fff,0x7fff,0x7fff,0x7fff,0x7fff,
  0x7fff,0x7fff,0x7fff,0x7fff,0x7fff,0x7fff,0x7fff,0x7fff,0x7fff,0x7fff,0x7fff,0x7fff,0x7fff,0x7fff,0x7fff,0x7fff,
  0x7fff,0x7fff,0x7fff,0x7fff,0x7fff,0x7fff,0x7fff,0x7fff,0x7fff,0x7fff,0x7fff,0x7fff,0x7fff,0x7fff,0x7fff,0x7fff,
  0x7fff,0x7fff,0x7fff,0x7fff,0x7fff,0x7fff,0x7fff,0x7fff,0x7fff,0x7fff,0x7fff,0x7fff,0x7fff,0x7fff,0x7fff,0x7fff,
  0x7fff,0x7fff,0x7fff,0x7fff,0x7fff,0x7fff,0x7fff,0x7fff,0x7fff,0x7fff,0x7fff,0x7fff,0x7fff,0x7fff,0x7fff,0x7fff,
  0x7fff,0x7fff,0x7fff,0x7fff,0x7fff,0x7fff,0x7fff,0x7fff,0x7fff,0x7fff,0x7fff,0x7fff,0x7fff,0x7fff,0x7fff,0x7fff,
  0x7fff,0x7fff,0x7fff,0x7fff,0x7fff,0x7fff,0x7fff,0x7fff,0x7fff,0x7fff,0x7fff,0x7fff,0x7fff,0x7fff,0x7fff,0x7fff,
  0x7fff,0x7fff,0x7fff,0x7fff,0x7fff,0x7fff,0x7fff,0x7fff,0x7fff,0x7fff,0x7fff,0x7fff,0x7fff,0x7fff,0x7fff,0x7fff,
  0x7fff,0x7fff,0x7fff,0x7fff,0x7fff,0x7fff,0x7fff,0x7fff,0x7fff,0x7fff,0x7fff,0x7fff,0x7fff,0x7fff,0x7fff,0x7fff,
  0x7fff,0x7fff,0x7fff,0x7fff,0x7fff,0x7fff,0x7fff,0x7fff,0x7fff,0x7fff,0x7fff,0x7fff,0x7fff,0x7fff,0x7fff,0x7fff,
  0x7fff,0x7fff,0x7fff,0x7fff,0x7fff,0x7fff,0x7fff,0x7fff,0x7fff,0x7fff,0x7fff,0x7fff,0x7fff,0x7fff,0x7fff,0x7fff,
  0x7fff,0x7fff,0x7fff,0x7fff,0x7fff,0x7fff,0x7fff,0x7fff,0x7fff,0x7fff,0x7fff,0x7fff,0x7fff,0x7fff,0x7fff,0x7fff,
  0x7fff,0x7fff,0x7fff,0x7fff,0x7fff,0x7fff,0x7fff,0x7fff,0x7fff,0x7fff,0x7fff,0x7fff,0x7fff,0x7fff,0x7fff,0x7fff,
  0x7fff,0x7fff,0x7fff,0x7fff,0x7fff,0x7fff,0x7fff,0x7fff,0x7fff,0x7fff,0x7fff,0x7fff,0x7fff,0x7fff,0x7fff,0x7fff,
  0x7fff,0x7fff,0x7fff,0x7fff,0x7fff,0x7fff,0x7fff,0x7fff,0x7fff,0x7fff,0x7fff,0x7fff,0x7fff,0x7fff,0x7fff,0x7fff,
};
const u16 sonic_m0_idx[] = {
  0x0000,0x0001,0x0002,0x0001,0x0000,0x0003,0x0003,0x0004,0x0001,0x0004,0x0003,0x0007,0x0006,0x0004,0x0007,0x0004,
  0x0006,0x0005,0x0002,0x0004,0x0005,0x0005,0x000f,0x0002,0x000f,0x0005,0x000d,0x000d,0x000e,0x000f,0x000e,0x000d,
  0x0010,0x0010,0x000c,0x000e,0x000c,0x0010,0x0008,0x0008,0x000a,0x000c,0x000a,0x0008,0x0009,0x0008,0x0006,0x0009,
  0x0006,0x0008,0x0010,0x0006,0x0010,0x000d,0x0006,0x000d,0x0005,0x000b,0x000c,0x000a,0x0000,0x000e,0x000c,0x000e,
  0x0000,0x000f,0x000f,0x0000,0x0002,0x0001,0x0004,0x0002,0x0011,0x0012,0x0013,0x0014,0x0012,0x0011,0x0015,0x0016,
  0x0017,0x0015,0x0017,0x0018,0x0015,0x0018,0x002e,0x002e,0x0018,0x002a,0x0028,0x002a,0x0018,0x0028,0x0029,0x002a,
  0x0029,0x0028,0x002b,0x0029,0x002b,0x001b,0x001b,0x0027,0x0029,0x001b,0x001c,0x0027,0x001c,0x001b,0x001a,0x0019,
  0x001a,0x001b,0x001a,0x0019,0x001e,0x002c,0x001a,0x001e,0x002c,0x001e,0x0020,0x0022,0x002c,0x0020,0x0016,0x0022,
  0x0020,0x0020,0x0017,0x0016,0x001f,0x0017,0x0020,0x0018,0x0017,0x001f,0x0018,0x001f,0x0021,0x0018,0x0021,0x0028,
  0x002b,0x0028,0x0021,0x001f,0x002b,0x0021,0x001f,0x001d,0x002b,0x001d,0x001f,0x0020,0x001d,0x0020,0x001e,0x0019,
  0x001d,0x001e,0x001d,0x0019,0x001b,0x001d,0x001b,0x002b,0x0023,0x0024,0x0025,0x0023,0x0025,0x0026,0x0025,0x002d,
  0x0026,0x0026,0x002d,0x0030,0x002a,0x0029,0x002f,0x0027,0x002f,0x0029,0x0031,0x0032,0x0033,0x0031,0x0033,0x0034,
  0x0024,0x0023,0x0033,0x0024,0x0033,0x0032,0x0035,0x0036,0x0037,0x0036,0x0035,0x003a,0x003a,0x003d,0x0036,0x003e,
  0x003d,0x003a,0x003d,0x003e,0x003f,0x003f,0x0040,0x003d,0x0040,0x003f,0x0042,0x0040,0x0042,0x0041,0x004a,0x0040,
  0x0041,0x0044,0x0040,0x004a,0x0044,0x003d,0x0040,0x0045,0x003d,0x0044,0x003d,0x0045,0x0036,0x0036,0x0045,0x0038,
  0x0038,0x0037,0x0036,0x0037,0x0038,0x003c,0x0039,0x003a,0x0035,0x003a,0x0039,0x003b,0x003b,0x003e,0x003a,0x003e,
  0x003b,0x0046,0x0046,0x003f,0x003e,0x0046,0x0042,0x003f,0x0042,0x0046,0x0047,0x0042,0x0047,0x0043,0x0041,0x0042,
  0x0043,0x0043,0x004d,0x0041,0x004d,0x0043,0x004c,0x004b,0x004c,0x0043,0x0043,0x0047,0x004b,0x004c,0x004b,0x009b,
  0x0048,0x0041,0x0049,0x0041,0x0048,0x004a,0x004e,0x004f,0x0050,0x0053,0x004e,0x0050,0x004e,0x0053,0x006b,0x0051,
  0x004e,0x006b,0x004e,0x0051,0x0052,0x004e,0x0052,0x0057,0x004f,0x004e,0x0057,0x0057,0x005b,0x004f,0x005d,0x005b,
  0x0057,0x0057,0x005e,0x005d,0x0057,0x0052,0x005e,0x005d,0x005e,0x00a5,0x009d,0x005d,0x00a5,0x005b,0x005d,0x009d,
  0x009c,0x005b,0x009d,0x009d,0x00a0,0x009c,0x00a1,0x00a0,0x009d,0x00a3,0x00a0,0x00a1,0x00a0,0x00a3,0x0062,0x009f,
  0x00a0,0x0062,0x0062,0x005c,0x009f,0x00a2,0x009f,0x005c,0x009c,0x009f,0x00a2,0x00a2,0x009e,0x009c,0x005c,0x009e,
  0x00a2,0x005c,0x005b,0x009e,0x005b,0x005c,0x004f,0x005b,0x009c,0x009e,0x00a0,0x009f,0x009c,0x0054,0x0050,0x0055,
  0x0053,0x0050,0x0054,0x0071,0x0053,0x0054,0x006d,0x0053,0x0071,0x0071,0x0086,0x006d,0x0054,0x0086,0x0071,0x0054,
  0x0088,0x0086,0x0055,0x0088,0x0054,0x0091,0x0088,0x0055,0x006a,0x0091,0x0055,0x0055,0x0056,0x006a,0x0055,0x0050,
  0x0056,0x0058,0x0059,0x005a,0x005a,0x006c,0x0058,0x005a,0x0060,0x006c,0x009a,0x0060,0x005a,0x009a,0x005a,0x0095,
  0x0095,0x005a,0x0059,0x0067,0x0059,0x0058,0x0058,0x0066,0x0067,0x0058,0x0068,0x0066,0x0068,0x0058,0x0069,0x0069,
  0x0082,0x0068,0x0069,0x0080,0x0082,0x0065,0x0080,0x0069,0x0080,0x0065,0x007a,0x0080,0x007a,0x007b,0x0082,0x0080,
  0x007b,0x007b,0x0085,0x0082,0x0085,0x007b,0x007c,0x007c,0x007b,0x0079,0x007b,0x007a,0x0079,0x0078,0x0079,0x007a,
  0x007e,0x0078,0x007a,0x007e,0x007a,0x005f,0x005f,0x007a,0x0065,0x0065,0x0060,0x005f,0x0060,0x0065,0x006c,0x0069,
  0x006c,0x0065,0x0058,0x006c,0x0069,0x005f,0x0060,0x0061,0x0060,0x0098,0x0061,0x0060,0x009a,0x0098,0x0062,0x0063,
  0x0064,0x0070,0x0062,0x0064,0x006d,0x006e,0x006f,0x007d,0x006e,0x006d,0x006d,0x0086,0x007d,0x0077,0x007d,0x0086,
  0x007d,0x0077,0x0076,0x0075,0x0076,0x0077,0x0075,0x0077,0x007f,0x0077,0x0087,0x007f,0x0077,0x0086,0x0087,0x0088,
  0x0087,0x0086,0x0088,0x008a,0x0087,0x0089,0x0087,0x008a,0x008a,0x0090,0x0089,0x008a,0x0094,0x0090,0x00b1,0x0090,
  0x0094,0x00b1,0x00b2,0x0090,0x00b2,0x00b1,0x00b5,0x00b5,0x00b4,0x00b2,0x0094,0x00b4,0x00b5,0x00b5,0x00b1,0x0094,
  0x00b4,0x0094,0x008e,0x008e,0x00b3,0x00b4,0x008e,0x00a3,0x00b3,0x00a1,0x00b3,0x00a3,0x00ae,0x00b3,0x00a1,0x00a4,
  0x00ae,0x00a1,0x00a1,0x009d,0x00a4,0x00a4,0x009d,0x00a6,0x00a8,0x00a4,0x00a6,0x00a6,0x00a7,0x00a8,0x00b7,0x00a7,
  0x00a6,0x005e,0x00a7,0x00b7,0x005e,0x00b7,0x00a5,0x00a5,0x00b7,0x00a6,0x00a6,0x009d,0x00a5,0x0072,0x0073,0x0074,
  0x00b8,0x0074,0x0073,0x0074,0x00b8,0x00b9,0x00bc,0x00b9,0x00b8,0x00b8,0x00bb,0x00bc,0x00b8,0x00ba,0x00bb,0x0073,
  0x00ba,0x00b8,0x00ba,0x00c5,0x00bb,0x00ce,0x00bb,0x00c5,0x00bb,0x00ce,0x00bd,0x00bc,0x00bb,0x00bd,0x00bc,0x00bd,
  0x00be,0x00be,0x00bf,0x00bc,0x00c1,0x00bc,0x00bf,0x0081,0x0068,0x0082,0x0084,0x0081,0x0082,0x0083,0x0081,0x0084,
  0x0081,0x0083,0x00aa,0x00aa,0x00a9,0x0081,0x0068,0x0081,0x00a9,0x00a9,0x0066,0x0068,0x0066,0x00a9,0x00b6,0x00b6,
  0x0096,0x0066,0x0067,0x0066,0x0096,0x0082,0x0085,0x0084,0x008b,0x008c,0x0089,0x0093,0x008b,0x0089,0x0089,0x0090,
  0x0093,0x00ae,0x0093,0x0090,0x00b0,0x0093,0x00ae,0x00b0,0x00ae,0x00ad,0x00ad,0x00af,0x00b0,0x00ad,0x00ac,0x00af,
  0x00a8,0x00ac,0x00ad,0x00ab,0x00ac,0x00a8,0x00a8,0x00a7,0x00ab,0x00ad,0x00a4,0x00a8,0x00ad,0x00ae,0x00a4,0x00b2,
  0x00b3,0x00ae,0x00b2,0x00b4,0x00b3,0x00ae,0x0090,0x00b2,0x008d,0x008e,0x008f,0x008d,0x0092,0x008e,0x0089,0x008c,
  0x0087,0x008c,0x007f,0x0087,0x006f,0x0053,0x006d,0x0053,0x006f,0x006b,0x0099,0x006b,0x006f,0x006b,0x0099,0x0097,
  0x0051,0x006b,0x0097,0x00af,0x00ac,0x008b,0x00b0,0x00af,0x008b,0x00b0,0x008b,0x0093,0x00be,0x00bd,0x00c0,0x00bd,
  0x00c2,0x00c0,0x00c2,0x00bd,0x00ce,0x00ce,0x00c7,0x00c2,0x00c7,0x00ce,0x00c5,0x00c5,0x00c6,0x00c7,0x00c8,0x00c7,
  0x00c6,0x00c8,0x00c2,0x00c7,0x00c4,0x00c2,0x00c8,0x00c4,0x00c3,0x00c2,0x00ca,0x00c3,0x00c4,0x00c4,0x00cb,0x00ca,
  0x00cb,0x00c4,0x00cd,0x00c8,0x00cd,0x00c4,0x00cd,0x00c8,0x00cc,0x00c6,0x00cc,0x00c8,0x00c0,0x00c2,0x00c3,0x00c9,
  0x00ca,0x00cb,0x00cf,0x00d0,0x00d1,0x00cf,0x00d1,0x00e2,0x00cf,0x00e2,0x00e1,0x00cf,0x00e1,0x00ea,0x00d0,0x00cf,
  0x00ea,0x00ea,0x00e9,0x00d0,0x00e9,0x00ea,0x00eb,0x00eb,0x00ea,0x00f1,0x00ea,0x00f9,0x00f1,0x00ea,0x00fa,0x00f9,
  0x00e1,0x00fa,0x00ea,0x00e0,0x00fa,0x00e1,0x00d5,0x00e0,0x00e1,0x00e0,0x00d5,0x00d7,0x00e0,0x00d7,0x00f5,0x00e0,
  0x00f5,0x00f9,0x00f9,0x00fa,0x00e0,0x00d2,0x00d3,0x00d4,0x00db,0x00d2,0x00d4,0x00d2,0x00db,0x00ec,0x00ec,0x00f6,
  0x00d2,0x00ec,0x00f7,0x00f6,0x00ed,0x00f7,0x00ec,0x00ed,0x00ec,0x00db,0x00db,0x00ee,0x00ed,0x00db,0x00d4,0x00ee,
  0x0100,0x00ee,0x00d4,0x0100,0x0101,0x00ee,0x00ef,0x00ee,0x0101,0x00ed,0x00ee,0x00ef,0x00ed,0x00ef,0x00f7,0x0101,
  0x00f7,0x00ef,0x00f3,0x00f6,0x00f7,0x00f6,0x00f3,0x00d3,0x00d3,0x00d2,0x00f6,0x00f2,0x00d3,0x00f3,0x00d3,0x00f2,
  0x00d4,0x0103,0x00d4,0x00f2,0x0103,0x00f2,0x00fb,0x00f3,0x00fb,0x00f2,0x00fb,0x00f3,0x0102,0x00d5,0x00d6,0x00d7,
  0x00d5,0x00f0,0x00d6,0x00d5,0x00e2,0x00f0,0x00d5,0x00e1,0x00e2,0x00d1,0x00f0,0x00e2,0x00d1,0x00e8,0x00f0,0x00e8,
  0x00d1,0x00d8,0x00d8,0x00da,0x00e8,0x00d8,0x00d9,0x00da,0x00d9,0x00d8,0x00e9,0x00e9,0x00d8,0x00d0,0x00d1,0x00d0,
  0x00d8,0x00dc,0x00dd,0x00de,0x00dc,0x00de,0x00df,0x00e7,0x00df,0x00de,0x00e7,0x00f4,0x00df,0x00e7,0x00e6,0x00f4,
  0x00e5,0x00e6,0x00e7,0x00e3,0x00dd,0x00dc,0x00e3,0x00dc,0x00e4,0x00da,0x00f8,0x00e8,0x00d6,0x00e8,0x00f8,0x00e8,
  0x00d6,0x00f0,0x00fc,0x00fd,0x00fe,0x00ff,0x00fd,0x00fc,0x0104,0x0105,0x0106,0x0104,0x0135,0x0105,0x0105,0x0135,
  0x0127,0x0125,0x0127,0x0135,0x0125,0x0126,0x0127,0x0151,0x0126,0x0125,0x0151,0x0125,0x0134,0x0134,0x0125,0x0135,
  0x0107,0x0108,0x0109,0x010f,0x0107,0x0109,0x010f,0x0109,0x0117,0x0107,0x010f,0x012c,0x0115,0x0107,0x012c,0x011a,
  0x0115,0x012c,0x011a,0x0119,0x0115,0x0118,0x0119,0x011a,0x0115,0x0119,0x0113,0x0113,0x0114,0x0115,0x0107,0x0115,
  0x0114,0x0116,0x0107,0x0114,0x0107,0x0116,0x0108,0x010a,0x010b,0x0106,0x0106,0x011f,0x010a,0x0106,0x0112,0x011f,
  0x011d,0x0112,0x0106,0x0112,0x011d,0x0110,0x0110,0x0111,0x0112,0x0112,0x0111,0x011f,0x013b,0x011f,0x0111,0x012b,
  0x011f,0x013b,0x012a,0x011f,0x012b,0x010a,0x011f,0x012a,0x0145,0x010a,0x012a,0x012a,0x0129,0x0145,0x0128,0x0129,
  0x012a,0x0128,0x013a,0x0129,0x0128,0x0139,0x013a,0x0128,0x012b,0x0139,0x012a,0x012b,0x0128,0x0139,0x012b,0x013b,
  0x010c,0x010d,0x010e,0x010c,0x010e,0x0149,0x010c,0x0149,0x015c,0x010c,0x015c,0x010d,0x0169,0x010d,0x015c,0x0169,
  0x015c,0x0158,0x0169,0x0158,0x0132,0x0169,0x0132,0x010d,0x0132,0x0133,0x010d,0x0133,0x0132,0x0146,0x0146,0x0147,
  0x0133,0x0147,0x0146,0x015a,0x0146,0x0160,0x015a,0x0160,0x0146,0x0132,0x0160,0x0132,0x0158,0x0158,0x015a,0x0160,
  0x0158,0x0159,0x015a,0x0158,0x015c,0x0159,0x0159,0x015c,0x0149,0x0149,0x015a,0x0159,0x0149,0x0148,0x015a,0x0148,
  0x0149,0x010e,0x010b,0x011b,0x011c,0x010a,0x011b,0x010b,0x0136,0x011b,0x010a,0x011b,0x0136,0x012e,0x011c,0x011b,
  0x012e,0x012e,0x0137,0x011c,0x012e,0x0136,0x0137,0x014e,0x011c,0x0137,0x0110,0x011d,0x011e,0x011d,0x0123,0x011e,
  0x0123,0x011d,0x0124,0x014a,0x0124,0x011d,0x014a,0x011d,0x0105,0x0105,0x013d,0x014a,0x014a,0x013d,0x013c,0x014b,
  0x014a,0x013c,0x0124,0x014a,0x014b,0x0120,0x0121,0x0122,0x0120,0x0122,0x015e,0x015e,0x0122,0x014c,0x014c,0x0122,
  0x014d,0x014d,0x0122,0x0117,0x012d,0x012c,0x0121,0x012c,0x012d,0x011a,0x0121,0x012c,0x010f,0x012f,0x0130,0x0131,
  0x0138,0x012f,0x0131,0x0154,0x012f,0x0138,0x0154,0x0155,0x012f,0x012f,0x0155,0x0130,0x0131,0x0130,0x0104,0x010b,
  0x0131,0x0104,0x010b,0x0104,0x0106,0x011d,0x0106,0x0105,0x013c,0x013d,0x013e,0x013e,0x0150,0x013c,0x014f,0x0150,
  0x013e,0x013d,0x014f,0x013e,0x0156,0x014f,0x013d,0x014f,0x0156,0x0157,0x013f,0x0140,0x0141,0x015b,0x0140,0x013f,
  0x0142,0x0143,0x0144,0x015d,0x0143,0x0142,0x0152,0x0133,0x0147,0x0152,0x015f,0x0133,0x0113,0x0119,0x0153,0x0153,
  0x0144,0x0113,0x0161,0x0162,0x0163,0x0164,0x0162,0x0161,0x0165,0x0166,0x0167,0x0168,0x0166,0x0165,0x016a,0x016b,
  0x016c,0x0174,0x016a,0x016c,0x0173,0x0174,0x016c,0x016b,0x0173,0x016c,0x0173,0x016b,0x0176,0x0176,0x016d,0x0173,
  0x016d,0x0176,0x016e,0x016d,0x016e,0x016f,0x01a1,0x016f,0x016e,0x016e,0x016b,0x01a1,0x016b,0x016e,0x0176,0x016a,
  0x01a1,0x016b,0x016a,0x0174,0x0175,0x017d,0x016a,0x0175,0x0171,0x017d,0x0175,0x0174,0x0171,0x0175,0x0171,0x0174,
  0x0172,0x0172,0x016d,0x0171,0x016d,0x0172,0x0173,0x0172,0x0174,0x0173,0x016d,0x0170,0x0171,0x017d,0x0171,0x0170,
  0x0177,0x0178,0x0179,0x0178,0x0177,0x01c9,0x0178,0x0192,0x0179,0x0179,0x0192,0x0191,0x0179,0x0191,0x0177,0x0177,
  0x0191,0x01a0,0x01a0,0x0191,0x0190,0x017b,0x01a0,0x0190,0x017b,0x019f,0x01a0,0x017b,0x017a,0x019f,0x017a,0x017b,
  0x017c,0x017a,0x017c,0x017f,0x017f,0x0193,0x017a,0x01ae,0x0193,0x017f,0x01ae,0x017f,0x018c,0x018c,0x017f,0x017e,
  0x017c,0x017e,0x017f,0x017e,0x017c,0x01cb,0x01ca,0x01cb,0x017c,0x01ca,0x017c,0x0187,0x0187,0x017c,0x0188,0x0188,
  0x0197,0x0187,0x0196,0x0197,0x0188,0x0197,0x0196,0x01bf,0x01bf,0x0196,0x018a,0x01bf,0x018a,0x019e,0x019e,0x018a,
  0x0189,0x01cc,0x019e,0x0189,0x01b5,0x01cc,0x0189,0x018b,0x01b5,0x0189,0x0189,0x018a,0x018b,0x018a,0x0196,0x018b,
  0x018b,0x0196,0x0190,0x018b,0x0190,0x01b4,0x01b4,0x01b5,0x018b,0x0180,0x0181,0x0182,0x0182,0x01ab,0x0180,0x0182,
  0x01ac,0x01ab,0x0182,0x01c3,0x01ac,0x01c3,0x0182,0x01c4,0x01c4,0x0182,0x0181,0x018e,0x01c4,0x01ad,0x018f,0x018e,
  0x01ad,0x018d,0x018e,0x018f,0x01a9,0x018e,0x018d,0x01a8,0x018e,0x01a9,0x01a8,0x01ce,0x01c3,0x01ce,0x01ac,0x01c3,
  0x01ce,0x01bd,0x01ac,0x01bd,0x01be,0x01ac,0x01aa,0x01ac,0x01be,0x01aa,0x01ab,0x01ac,0x01ab,0x01aa,0x01b6,0x01b6,
  0x01b9,0x01ab,0x01b8,0x01b9,0x01b6,0x01b6,0x01b7,0x01b8,0x01b7,0x01b2,0x01b1,0x01b1,0x01b2,0x01b3,0x0183,0x0184,
  0x0185,0x0186,0x0184,0x0183,0x0190,0x0191,0x0192,0x0190,0x0196,0x017b,0x0196,0x0188,0x017b,0x017b,0x0188,0x017c,
  0x0193,0x0194,0x0195,0x01b0,0x0194,0x0193,0x01b0,0x01af,0x0194,0x01ae,0x01af,0x01b0,0x01b0,0x0193,0x01ae,0x0198,
  0x0199,0x019a,0x019b,0x0199,0x0198,0x019c,0x019d,0x017a,0x019d,0x019c,0x01c6,0x019d,0x01c6,0x01c5,0x01c5,0x01c6,
  0x01c7,0x01c6,0x01c8,0x01c7,0x019c,0x01c8,0x01c6,0x01a1,0x01a2,0x01a3,0x016f,0x01a1,0x01a3,0x019f,0x01a4,0x01a5,
  0x019f,0x01a5,0x01a0,0x017a,0x019d,0x019f,0x01a4,0x01a6,0x01a7,0x01a5,0x01a4,0x01a7,0x01a5,0x01a7,0x01c1,0x01c1,
  0x01a7,0x01c2,0x01a7,0x01a6,0x01c2,0x01ab,0x01b9,0x0180,0x0180,0x01b9,0x01cf,0x01ba,0x01bb,0x01bc,0x01cd,0x01bb,
  0x01ba,0x01c0,0x0195,0x0194,
};
const u16 sonic_m1_vtx[] = {
  0xfc7e,0x0ad3,0x0006,0xfc14,0x0ad7,0x0006,0xfc14,0x0a43,0x005b,0xfc7e,0x0a43,0x0058,0xfc14,0x0a43,0xffa8,0xfc14,
  0x0a43,0x005b,0xfbc1,0x0a43,0x005d,0xfbc1,0x0a43,0xffa7,0xfe1a,0x0abb,0x0008,0xfdaa,0x0a3f,0xffb8,0xfda5,0x0ac6,
  0x0008,0xfc7e,0x0a43,0x0058,0xfc7e,0x0a42,0xffab,0xfe1b,0x0a48,0x0044,0xfdaa,0x0a3f,0x004f,0xfe1b,0x0a48,0xffc7,
  0xfdaa,0x0a3f,0x004f,0xf97b,0x0a42,0x0063,0xf97b,0x0a42,0xffa0,0xfe57,0x0a88,0x0007,0xfbc1,0x0adb,0x0006,0xfe1b,
  0x0a48,0x0044,0xf97b,0x0ade,0x0006,0xfbc1,0x0a43,0x005d,0xf97b,0x0a42,0x0063,0x03ec,0x0a43,0x005b,0x043f,0x0a43,
  0x005d,0x043f,0x0adb,0x0006,0x03ec,0x0ad7,0x0006,0x03ec,0x0a43,0xffa8,0x0382,0x0a42,0xffab,0x0382,0x0ad3,0x0006,
  0x043f,0x0a43,0xffa7,0x03ec,0x0a43,0x005b,0x0382,0x0a43,0x0058,0x043f,0x0a43,0x005d,0x0382,0x0a43,0x0058,0x0256,
  0x0a3f,0x004f,0x0256,0x0a3f,0xffb8,0x01e5,0x0a48,0xffc7,0x01e6,0x0abb,0x0008,0x025b,0x0ac6,0x0008,0x01a9,0x0a88,
  0x0007,0x01e5,0x0a48,0x0044,0x01e5,0x0a48,0x0044,0x0256,0x0a3f,0x004f,0x0685,0x0a42,0x0063,0x0685,0x0ade,0x0006,
  0x0685,0x0a42,0xffa0,0x0685,0x0a42,0x0063,
};
const u16 sonic_m1_uv[] = {
  0x0691,0x0eef,0x06b3,0x0eef,0x06b3,0x0f17,0x0690,0x0f16,0x06b4,0x0ec7,0x06b4,0x0ead,0x06e1,0x0eae,0x06e0,0x0ec7,
  0x0610,0x0eed,0x063a,0x0ec6,0x0634,0x0eee,0x0692,0x0ead,0x0692,0x0ec7,0x060f,0x0f15,0x0633,0x0f16,0x0610,0x0ec6,
  0x0638,0x0eac,0x07ec,0x0eb0,0x07eb,0x0eca,0x05bf,0x0efa,0x06e0,0x0eef,0x0611,0x0eac,0x07eb,0x0ef1,0x06df,0x0f17,
  0x07ea,0x0f19,0x06b3,0x0f17,0x06df,0x0f17,0x06e0,0x0eef,0x06b3,0x0eef,0x06b4,0x0ec7,0x0692,0x0ec7,0x0691,0x0eef,
  0x06e0,0x0ec7,0x06b4,0x0ead,0x0692,0x0ead,0x06e1,0x0eae,0x0690,0x0f16,0x0638,0x0eac,0x063a,0x0ec6,0x0610,0x0ec6,
  0x0610,0x0eed,0x0634,0x0eee,0x05bf,0x0efa,0x0611,0x0eac,0x060f,0x0f15,0x0633,0x0f16,0x07ea,0x0f19,0x07eb,0x0ef1,
  0x07eb,0x0eca,0x07ec,0x0eb0,
};
const u16 sonic_m1_col[] = {
  0x7fff,0x7fff,0x7fff,0x7fff,0x7fff,0x7fff,0x7fff,0x7fff,0x7fff,0x7fff,0x7fff,0x7fff,0x7fff,0x7fff,0x7fff,0x7fff,
  0x7fff,0x7fff,0x7fff,0x7fff,0x7fff,0x7fff,0x7fff,0x7fff,0x7fff,0x7fff,0x7fff,0x7fff,0x7fff,0x7fff,0x7fff,0x7fff,
  0x7fff,0x7fff,0x7fff,0x7fff,0x7fff,0x7fff,0x7fff,0x7fff,0x7fff,0x7fff,0x7fff,0x7fff,0x7fff,0x7fff,0x7fff,0x7fff,
  0x7fff,0x7fff,
};
const u16 sonic_m1_idx[] = {
  0x0000,0x0001,0x0002,0x0000,0x0002,0x0003,0x000e,0x0000,0x0003,0x000e,0x000a,0x0000,0x000d,0x000a,0x000e,0x000a,
  0x000d,0x0008,0x0008,0x0009,0x000a,0x0009,0x0008,0x000f,0x000f,0x0010,0x0009,0x0010,0x000f,0x0015,0x0013,0x0015,
  0x000f,0x0013,0x000f,0x0008,0x0013,0x0008,0x000d,0x0004,0x0005,0x0006,0x0004,0x0006,0x0007,0x0001,0x0004,0x0007,
  0x0001,0x0007,0x0014,0x0001,0x0014,0x0017,0x0001,0x0017,0x0002,0x0000,0x0004,0x0001,0x0000,0x000c,0x0004,0x000a,
  0x000c,0x0000,0x000a,0x0009,0x000c,0x0009,0x000b,0x000c,0x0009,0x0010,0x000b,0x000b,0x0005,0x0004,0x000b,0x0004,
  0x000c,0x0011,0x0012,0x0007,0x0011,0x0007,0x0006,0x0014,0x0007,0x0012,0x0014,0x0012,0x0016,0x0017,0x0014,0x0016,
  0x0017,0x0016,0x0018,0x0019,0x001a,0x001b,0x0019,0x001b,0x001c,0x0024,0x0019,0x001c,0x0024,0x001c,0x001f,0x0024,
  0x001f,0x0029,0x0024,0x0029,0x002d,0x002d,0x0029,0x002c,0x0028,0x002c,0x0029,0x002c,0x0028,0x002a,0x0028,0x0027,
  0x002a,0x0027,0x0028,0x0026,0x0026,0x0025,0x0027,0x001e,0x0025,0x0026,0x001e,0x0022,0x0025,0x001e,0x0021,0x0022,
  0x001e,0x001d,0x0021,0x001c,0x001d,0x001e,0x001c,0x001e,0x001f,0x001f,0x001e,0x0026,0x001f,0x0026,0x0029,0x0029,
  0x0026,0x0028,0x001b,0x0020,0x001d,0x001b,0x001d,0x001c,0x002e,0x002f,0x001b,0x002e,0x001b,0x001a,0x002f,0x0020,
  0x001b,0x002f,0x0030,0x0020,0x0023,0x0020,0x0030,0x0020,0x0023,0x0021,0x0020,0x0021,0x001d,0x002b,0x0027,0x0025,
  0x0027,0x002b,0x002a,0x0023,0x0030,0x0031,
};
const u16 sonic_m2_vtx[] = {
  0xfb80,0x1044,0xfed8,0xfc6d,0x1225,0xff35,0xfb88,0x10ff,0xfdd4,0xfcbb,0x1235,0xfbb4,0xfb26,0x1006,0xfc95,0x0345,
  0x1235,0xfbb4,0x046b,0x1114,0xfdb1,0x04d9,0x1006,0xfc95,0x0480,0x1044,0xfed8,0x0393,0x1225,0xff35,0xfbae,0x0e69,
  0xfc31,0xfb22,0x0e88,0xfb4e,0xfe01,0x0e6d,0xfbe6,0xfd1a,0x0ee0,0xfa0a,0xfb22,0x0e88,0xfb4e,0xfb02,0x0da4,0xf863,
  0xfe01,0x0e6d,0xfbe6,0xfdf6,0x1056,0xfad2,0xfbd5,0x0e99,0xfdf9,0xfbfc,0x10c4,0xfa56,0xfd67,0x133a,0xff87,0xfe6a,
  0x1180,0xfc25,0xfdaa,0x12d7,0xfd46,0xfb02,0x0da4,0xf863,0x01ff,0x0e6d,0xfbe6,0x04de,0x0e88,0xfb4e,0x0452,0x0e69,
  0xfc31,0x04fe,0x0da4,0xf863,0x04de,0x0e88,0xfb4e,0x02e6,0x0ee0,0xfa0a,0x01ff,0x0e6d,0xfbe6,0x020a,0x1056,0xfad2,
  0x042b,0x0e99,0xfdf9,0x0404,0x10c4,0xfa56,0x0299,0x133a,0xff87,0x0196,0x1180,0xfc25,0x0256,0x12d7,0xfd46,0x04fe,
  0x0da4,0xf863,0x0078,0x0d3d,0x051b,0x0000,0x0da2,0x05a8,0x0000,0x0cf8,0x052a,0x0000,0x0dc0,0x050c,0x0000,0x0d2e,
  0x03ee,0x0043,0x0cff,0x03fc,0xff88,0x0d3d,0x051b,0xffbd,0x0cff,0x03fc,0x0000,0x0cb3,0x03e6,0xfcce,0x0e8c,0x0271,
  0xfcab,0x0e4d,0x026c,0xfd23,0x0dc0,0x0293,0x0332,0x0e8c,0x0271,0x02da,0x0db8,0x028f,0x0355,0x0e4d,0x026c,0xfdb6,
  0x113b,0x033a,0xfd6d,0x11b2,0x0375,0xfcef,0x1162,0x0301,0xfd2c,0x1111,0x02cb,0xfdf9,0x1187,0x03d1,0xfe35,0x110e,
  0x038e,0xfea9,0x108a,0x03d3,0xfe69,0x1113,0x041a,0xff07,0x1044,0x0481,0x0000,0x0e2e,0xfc66,0xfee2,0x0b74,0xfd9b,
  0xfee5,0x0ded,0xfc37,0xff18,0x0b63,0xfec3,0xfcbc,0x0b64,0xfe9b,0xfbc6,0x0ee8,0x001e,0xfbfc,0x0ce4,0xfe98,0x0000,
  0x0b63,0xfda1,0x0000,0x0b4a,0xfebf,0x0000,0x0b5e,0x0081,0xff0d,0x0b66,0x0082,0xfb80,0x1450,0x0174,0xfbd1,0x10f3,
  0x00d7,0xfe36,0x11cb,0x035f,0x0000,0x123e,0x037d,0xff11,0x1229,0x036f,0xfedf,0x1160,0x03db,0x0000,0x102c,0x0465,
  0xff4c,0x1078,0x0459,0xff61,0x0f5d,0x048a,0xfbc4,0x0ded,0xfca6,0xff1a,0x0f74,0x040f,0xffa1,0x0ebb,0x041a,0xfee0,
  0x101c,0x03f6,0xfe3a,0x0b8a,0x008d,0x0000,0x0ea9,0x0420,0x0000,0x0e9a,0x0468,0x0000,0x0f02,0x04a3,0xfd75,0x11e2,
  0x02ee,0xfcc4,0x1168,0x0282,0xfd66,0x1239,0x0105,0xfdcd,0x1281,0x027b,0xfc17,0x0fad,0x0219,0x0000,0x12fc,0x02c2,
  0xfc94,0x1088,0x0287,0xfca7,0x0fe9,0x0264,0xfca5,0x0f3c,0x0263,0xfc8b,0x0ddc,0x0242,0xfcb6,0x0d0f,0x017f,0xfcee,
  0x0d48,0x0232,0xfd50,0x0d51,0x02a6,0xfe05,0x1395,0x00a5,0xfc05,0x0ddb,0x004a,0xfcbf,0x0c9b,0x00e6,0xfcf7,0x0d52,
  0xffc7,0xfd49,0x0c66,0x0041,0xfd34,0x0c2e,0x008f,0xfe3a,0x0b8a,0x008d,0xfd34,0x0c2e,0x008f,0xfcbd,0x109b,0x026b,
  0xfcbc,0x0b64,0xfe9b,0xfbd1,0x10f3,0x00d7,0xfd66,0x1239,0x0105,0xfb80,0x1450,0x0174,0xfdcd,0x1281,0x027b,0xfbc4,
  0x0ded,0xfca6,0xfbae,0x0e69,0xfc31,0xfe01,0x0e6d,0xfbe6,0x0000,0x13d7,0x01ab,0x02b7,0x0c66,0x0041,0x0344,0x0b64,
  0xfe9b,0x0309,0x0d52,0xffc7,0x01ca,0x11cb,0x035f,0x0197,0x1113,0x041a,0x0207,0x1187,0x03d1,0x0121,0x1160,0x03db,
  0x0293,0x11b2,0x0375,0x028b,0x11e2,0x02ee,0x024a,0x113b,0x033a,0x02d4,0x1111,0x02cb,0x0311,0x1162,0x0301,0x01cb,
  0x110e,0x038e,0x0157,0x108a,0x03d3,0x00f9,0x1044,0x0481,0x011b,0x0ded,0xfc37,0x011e,0x0b74,0xfd9b,0x0344,0x0b64,
  0xfe9b,0x00e8,0x0b63,0xfec3,0x0404,0x0ce4,0xfe98,0x043a,0x0ee8,0x001e,0x00f3,0x0b66,0x0082,0x0480,0x1450,0x0174,
  0x042f,0x10f3,0x00d7,0x00ef,0x1229,0x036f,0x00b4,0x1078,0x0459,0x009f,0x0f5d,0x048a,0x043c,0x0ded,0xfca6,0x005f,
  0x0ebb,0x041a,0x00e6,0x0f74,0x040f,0x0120,0x101c,0x03f6,0x01c6,0x0b8a,0x008d,0x033c,0x1168,0x0282,0x0233,0x1281,
  0x027b,0x029a,0x1239,0x0105,0x03e9,0x0fad,0x0219,0x036c,0x1088,0x0287,0x0359,0x0fe9,0x0264,0x035b,0x0f3c,0x0263,
  0x0375,0x0ddc,0x0242,0x0312,0x0d48,0x0232,0x034a,0x0d0f,0x017f,0x02b0,0x0d51,0x02a6,0x01fb,0x1395,0x00a5,0x0341,
  0x0c9b,0x00e6,0x03fb,0x0ddb,0x004a,0x02cc,0x0c2e,0x008f,0x02cc,0x0c2e,0x008f,0x01c6,0x0b8a,0x008d,0x0343,0x109b,
  0x026b,0x0480,0x1450,0x0174,0x029a,0x1239,0x0105,0x042f,0x10f3,0x00d7,0x0233,0x1281,0x027b,0x01ff,0x0e6d,0xfbe6,
  0x0452,0x0e69,0xfc31,0x043c,0x0ded,0xfca6,0x0000,0x1354,0xf848,0xfe8c,0x137d,0xfb0a,0x0000,0x14c6,0xfb37,0x0000,
  0x0db0,0xf85e,0x0000,0x0e4b,0xf9fd,0xfeb0,0x0ed9,0xfaa1,0xfe60,0x147a,0xfcbb,0x0000,0x1509,0xfdc3,0xfee5,0x0ded,
  0xfc37,0x0000,0x0e2e,0xfc66,0xff4e,0x0ef0,0xf932,0x0000,0x0f67,0xf8c1,0x0000,0x10ba,0xf9ec,0xfe6a,0x1180,0xfc25,
  0x0000,0x1197,0xfb36,0xfe9e,0x1029,0xfa32,0x0000,0x14be,0xffc6,0x0000,0x1216,0xfa79,0x0000,0x1197,0xfb36,0xfe01,
  0x0e6d,0xfbe6,0x0174,0x137d,0xfb0a,0x0150,0x0ed9,0xfaa1,0x01a0,0x147a,0xfcbb,0x011b,0x0ded,0xfc37,0x00b2,0x0ef0,
  0xf932,0x0196,0x1180,0xfc25,0x0162,0x1029,0xfa32,0x01ff,0x0e6d,0xfbe6,0xfb62,0x0cfb,0xfc03,0xfcf3,0x0bd2,0xfa89,
  0xfb63,0x0bb8,0xfb34,0xfd61,0x0a50,0xfb06,0xfbaa,0x0971,0xfaef,0xfe92,0x0b50,0xfbd6,0xfe14,0x0dca,0xfbf1,0xfbdf,
  0x0ad2,0xfcbe,0xfb5d,0x0bc9,0xfc8e,0xfbdf,0x0ad2,0xfcbe,0xfe92,0x0b50,0xfbd6,0xfe01,0x0e6d,0xfbe6,0xfee5,0x0ded,
  0xfc37,0xfbdf,0x0ad2,0xfcbe,0xfbaa,0x0971,0xfaef,0x0421,0x0ad2,0xfcbe,0x049d,0x0bb8,0xfb34,0x04a3,0x0bc9,0xfc8e,
  0x0456,0x0971,0xfaef,0x016e,0x0b50,0xfbd6,0x0421,0x0ad2,0xfcbe,0x049e,0x0cfb,0xfc03,0x030d,0x0bd2,0xfa89,0x029f,
  0x0a50,0xfb06,0x016e,0x0b50,0xfbd6,0x01ec,0x0dca,0xfbf1,0x0421,0x0ad2,0xfcbe,0x011b,0x0ded,0xfc37,0x01ff,0x0e6d,
  0xfbe6,0x0456,0x0971,0xfaef,
};
const u16 sonic_m2_uv[] = {
  0x022b,0x0ccf,0x0184,0x0d64,0x0257,0x0d1d,0x02a1,0x0d9d,0x02b6,0x0d52,0x02a1,0x0d9d,0x025d,0x0d25,0x02b6,0x0d52,
  0x022b,0x0ccf,0x0184,0x0d64,0x0430,0x0cac,0x0422,0x0d3c,0x0453,0x0cf2,0x03ad,0x0eab,0x03c3,0x0ef1,0x04f4,0x0f41,
  0x02df,0x0eb3,0x02f0,0x0e53,0x0273,0x0c61,0x0399,0x0e27,0x0150,0x0d89,0x0244,0x0e66,0x01e9,0x0e01,0x04f4,0x0f3f,
  0x0453,0x0cf2,0x0422,0x0d3c,0x0430,0x0cac,0x04f4,0x0f41,0x03c3,0x0ef1,0x03ad,0x0eab,0x02df,0x0eb3,0x02f0,0x0e53,
  0x0273,0x0c61,0x0399,0x0e27,0x0150,0x0d89,0x0244,0x0e66,0x01e9,0x0e01,0x04f4,0x0f3f,0x0554,0x0df0,0x057d,0x0dff,
  0x0568,0x0de0,0x056c,0x0de7,0x0546,0x0dae,0x0539,0x0db6,0x057e,0x0dd3,0x0551,0x0da6,0x0540,0x0da6,0x00f5,0x0c2b,
  0x00ff,0x0c1e,0x00ec,0x0c08,0x00f5,0x0c2b,0x00ec,0x0c05,0x00ff,0x0c1e,0x00c5,0x0cda,0x00d2,0x0cf7,0x00f5,0x0ce5,
  0x00e9,0x0cce,0x00a4,0x0cee,0x00a5,0x0cd5,0x0089,0x0cbd,0x008e,0x0cd5,0x0066,0x0ca8,0x0135,0x0af3,0x00e3,0x0a8c,
  0x00e4,0x0aff,0x00f3,0x0a37,0x0046,0x0a42,0x01ca,0x0c35,0x0267,0x0ba2,0x0135,0x0a8a,0x0135,0x0a37,0x0135,0x09b7,
  0x00f0,0x09b7,0x0145,0x0d27,0x0174,0x0d0a,0x00af,0x0d0c,0x001d,0x0d2e,0x0073,0x0d28,0x007a,0x0cf1,0x001d,0x0caa,
  0x0057,0x0cb8,0x0054,0x0c6c,0x03dc,0x0c22,0x006b,0x0c76,0x0053,0x0c32,0x007a,0x0ca0,0x00b3,0x09b5,0x001f,0x0c2e,
  0x001d,0x0c33,0x001d,0x0c3e,0x00e5,0x0d07,0x0110,0x0ce7,0x014c,0x0d12,0x011f,0x0d1e,0x012c,0x0c72,0x001d,0x0d61,
  0x0104,0x0cae,0x00ff,0x0c85,0x00fb,0x0c54,0x0113,0x0c0a,0x013b,0x0be7,0x0113,0x0bf4,0x00e8,0x0bf5,0x0104,0x0d7b,
  0x01b4,0x0be9,0x015a,0x0bbd,0x01c1,0x0bb7,0x018d,0x0b7b,0x0167,0x0b82,0x0142,0x0b21,0x0167,0x0b82,0x00f9,0x0cb1,
  0x0264,0x0b42,0x039b,0x0f07,0x0308,0x0f1b,0x0317,0x0fee,0x029d,0x0f2b,0x034d,0x0eee,0x0365,0x0eee,0x02ea,0x0ec2,
  0x001d,0x0da5,0x018d,0x0b7b,0x0264,0x0b42,0x01c1,0x0bb7,0x00af,0x0d0c,0x008e,0x0cd5,0x00a4,0x0cee,0x007a,0x0cf1,
  0x00d2,0x0cf7,0x00e5,0x0d07,0x00c5,0x0cda,0x00e9,0x0cce,0x00f5,0x0ce5,0x00a5,0x0cd5,0x0089,0x0cbd,0x0066,0x0ca8,
  0x00e4,0x0aff,0x00e3,0x0a8c,0x0046,0x0a42,0x00f3,0x0a37,0x0267,0x0ba2,0x01ca,0x0c35,0x00f0,0x09b7,0x0145,0x0d27,
  0x0174,0x0d0a,0x0073,0x0d28,0x0057,0x0cb8,0x0054,0x0c6c,0x03dc,0x0c22,0x0053,0x0c32,0x006b,0x0c76,0x007a,0x0ca0,
  0x00b3,0x09b5,0x0110,0x0ce7,0x011f,0x0d1e,0x014c,0x0d12,0x012c,0x0c72,0x0104,0x0cae,0x00ff,0x0c85,0x00fb,0x0c54,
  0x0113,0x0c0a,0x0113,0x0bf4,0x013b,0x0be7,0x00e8,0x0bf5,0x0104,0x0d7b,0x015a,0x0bbd,0x01b4,0x0be9,0x0167,0x0b82,
  0x0167,0x0b82,0x0142,0x0b21,0x00f9,0x0cb1,0x0317,0x0fee,0x0308,0x0f1b,0x039b,0x0f07,0x029d,0x0f2b,0x02ea,0x0ec2,
  0x0365,0x0eee,0x034d,0x0eee,0x001d,0x0fee,0x0103,0x0f31,0x001d,0x0f27,0x062c,0x0d92,0x0643,0x0c5a,0x05dc,0x0be9,
  0x0109,0x0eaf,0x001d,0x0e89,0x0610,0x0b06,0x062a,0x0b04,0x05d0,0x0cba,0x0594,0x0cdb,0x051b,0x0c2e,0x04ee,0x0b65,
  0x04ae,0x0b85,0x0565,0x0bfe,0x001d,0x0e19,0x01c8,0x0f67,0x02a2,0x0ec9,0x05d5,0x0b15,0x0103,0x0f31,0x05dc,0x0be9,
  0x0109,0x0eaf,0x0610,0x0b06,0x05d0,0x0cba,0x04ee,0x0b65,0x0565,0x0bfe,0x05d5,0x0b15,0x032b,0x0b7c,0x03a2,0x0b2a,
  0x0336,0x0ae8,0x03e2,0x0aa4,0x0279,0x09c4,0x044d,0x0bd4,0x034e,0x0c26,0x042e,0x0ab0,0x02fe,0x0b0f,0x0006,0x0ac7,
  0x00cc,0x0b0c,0x02ff,0x0c58,0x0370,0x0c3c,0x0292,0x0a97,0x02a4,0x09bb,0x0292,0x0a97,0x0336,0x0ae8,0x02fe,0x0b0f,
  0x0279,0x09c4,0x00cc,0x0b0c,0x0006,0x0ac7,0x032b,0x0b7c,0x03a2,0x0b2a,0x03e2,0x0aa4,0x044d,0x0bd4,0x034e,0x0c26,
  0x042e,0x0ab0,0x0370,0x0c3c,0x02ff,0x0c58,0x02a4,0x09bb,
};
const u16 sonic_m2_col[] = {
  0x7fff,0x7fff,0x7fff,0x7fff,0x7fff,0x7fff,0x7fff,0x7fff,0x7fff,0x7fff,0x7fff,0x7fff,0x7fff,0x7fff,0x7fff,0x7fff,
  0x7fff,0x7fff,0x7fff,0x7fff,0x7fff,0x7fff,0x7fff,0x7fff,0x7fff,0x7fff,0x7fff,0x7fff,0x7fff,0x7fff,0x7fff,0x7fff,
  0x7fff,0x7fff,0x7fff,0x7fff,0x7fff,0x7fff,0x7fff,0x7fff,0x7fff,0x7fff,0x7fff,0x7fff,0x7fff,0x7fff,0x7fff,0x7fff,
  0x7fff,0x7fff,0x7fff,0x7fff,0x7fff,0x7fff,0x7fff,0x7fff,0x7fff,0x7fff,0x7fff,0x7fff,0x7fff,0x7fff,0x7fff,0x7fff,
  0x7fff,0x7fff,0x7fff,0x7fff,0x7fff,0x7fff,0x7fff,0x7fff,0x7fff,0x7fff,0x7fff,0x7fff,0x7fff,0x7fff,0x7fff,0x7fff,
  0x7fff,0x7fff,0x7fff,0x7fff,0x7fff,0x7fff,0x7fff,0x7fff,0x7fff,0x7fff,0x7fff,0x7fff,0x7fff,0x7fff,0x7fff,0x7fff,
  0x7fff,0x7fff,0x7fff,0x7fff,0x7fff,0x7fff,0x7fff,0x7fff,0x7fff,0x7fff,0x7fff,0x7fff,0x7fff,0x7fff,0x7fff,0x7fff,
  0x7fff,0x7fff,0x7fff,0x7fff,0x7fff,0x7fff,0x7fff,0x7fff,0x7fff,0x7fff,0x7fff,0x7fff,0x7fff,0x7fff,0x7fff,0x7fff,
  0x7fff,0x7fff,0x7fff,0x7fff,0x7fff,0x7fff,0x7fff,0x7fff,0x7fff,0x7fff,0x7fff,0x7fff,0x7fff,0x7fff,0x7fff,0x7fff,
  0x7fff,0x7fff,0x7fff,0x7fff,0x7fff,0x7fff,0x7fff,0x7fff,0x7fff,0x7fff,0x7fff,0x7fff,0x7fff,0x7fff,0x7fff,0x7fff,
  0x7fff,0x7fff,0x7fff,0x7fff,0x7fff,0x7fff,0x7fff,0x7fff,0x7fff,0x7fff,0x7fff,0x7fff,0x7fff,0x7fff,0x7fff,0x7fff,
  0x7fff,0x7fff,0x7fff,0x7fff,0x7fff,0x7fff,0x7fff,0x7fff,0x7fff,0x7fff,0x7fff,0x7fff,0x7fff,0x7fff,0x7fff,0x7fff,
  0x7fff,0x7fff,0x7fff,0x7fff,0x7fff,0x7fff,0x7fff,0x7fff,0x7fff,0x7fff,0x7fff,0x7fff,0x7fff,0x7fff,0x7fff,0x7fff,
  0x7fff,0x7fff,0x7fff,0x7fff,0x7fff,0x7fff,0x7fff,0x7fff,0x7fff,0x7fff,0x7fff,0x7fff,0x7fff,0x7fff,0x7fff,0x7fff,
  0x7fff,0x7fff,0x7fff,0x7fff,0x7fff,0x7fff,0x7fff,0x7fff,0x7fff,0x7fff,0x7fff,0x7fff,
};
const u16 sonic_m2_idx[] = {
  0x0000,0x0001,0x0002,0x0000,0x0002,0x0004,0x0004,0x0012,0x0000,0x000a,0x0012,0x0004,0x000b,0x000a,0x0004,0x000a,
  0x000b,0x000c,0x0012,0x000a,0x0052,0x0052,0x0044,0x0012,0x0044,0x0052,0x00ce,0x00ce,0x00d6,0x0044,0x00d0,0x00d6,
  0x00ce,0x00ce,0x00cf,0x00d0,0x00cf,0x00ce,0x00d4,0x00d4,0x00d3,0x00cf,0x00d4,0x00da,0x00d3,0x00d9,0x00da,0x00d4,
  0x00d4,0x0052,0x00d9,0x00ce,0x0052,0x00d4,0x0003,0x0004,0x0002,0x0003,0x0002,0x0001,0x0014,0x0003,0x0001,0x0003,
  0x0014,0x0016,0x0016,0x0015,0x0003,0x0015,0x0016,0x00b3,0x00c3,0x0015,0x00b3,0x0015,0x00c3,0x00c4,0x00c4,0x00c3,
  0x0023,0x00c6,0x0023,0x00c3,0x00c6,0x0024,0x0023,0x0024,0x00c6,0x00c8,0x00c8,0x0022,0x0024,0x0022,0x00c8,0x00c2,
  0x0022,0x00c2,0x00a4,0x0022,0x00a4,0x008f,0x008f,0x0009,0x0022,0x008f,0x0090,0x0009,0x0009,0x0090,0x0008,0x0008,
  0x0006,0x0009,0x0007,0x0006,0x0008,0x0005,0x0006,0x0007,0x0009,0x0006,0x0005,0x0009,0x0005,0x0022,0x0024,0x0022,
  0x0005,0x0005,0x0023,0x0024,0x001f,0x0023,0x0005,0x0023,0x001f,0x001e,0x001d,0x001e,0x001f,0x001d,0x001c,0x001e,
  0x001b,0x001c,0x001d,0x0021,0x001b,0x001d,0x001f,0x0021,0x001d,0x0005,0x0021,0x001f,0x0007,0x0021,0x0005,0x0007,
  0x0019,0x0021,0x0007,0x001a,0x0019,0x0007,0x0020,0x001a,0x0008,0x0020,0x0007,0x008d,0x0020,0x0008,0x008c,0x0020,
  0x008d,0x0020,0x008c,0x0094,0x0094,0x001a,0x0020,0x00e3,0x0094,0x008c,0x008c,0x00df,0x00e3,0x008c,0x00dd,0x00df,
  0x007a,0x00dd,0x008c,0x008c,0x007b,0x007a,0x008d,0x007b,0x008c,0x007b,0x008d,0x00a6,0x00a6,0x0079,0x007b,0x00a6,
  0x00a5,0x0079,0x00a5,0x00a6,0x00a2,0x00a0,0x00a2,0x00a6,0x00a0,0x00a1,0x00a2,0x00a1,0x00a0,0x00a3,0x0034,0x00a3,
  0x00a0,0x0034,0x00a0,0x009c,0x009c,0x009f,0x0034,0x009f,0x009c,0x009e,0x009d,0x009e,0x009c,0x009d,0x009c,0x0099,
  0x009d,0x0099,0x0084,0x009d,0x0084,0x0083,0x00aa,0x009d,0x0083,0x009e,0x009d,0x00aa,0x000d,0x000e,0x000f,0x0010,
  0x000e,0x000d,0x0011,0x0010,0x000d,0x000d,0x0013,0x0011,0x000d,0x000f,0x0013,0x0003,0x0013,0x0004,0x0011,0x0013,
  0x0003,0x0003,0x0015,0x0011,0x0010,0x0011,0x0015,0x0017,0x000b,0x0013,0x0013,0x000b,0x0004,0x0018,0x0019,0x001a,
  0x0021,0x0019,0x0025,0x0026,0x0027,0x0028,0x0029,0x0027,0x0026,0x0026,0x002a,0x0029,0x002b,0x002a,0x0026,0x0026,
  0x002e,0x002b,0x002e,0x0026,0x0028,0x0028,0x002c,0x002e,0x0028,0x0027,0x002c,0x002c,0x0027,0x0029,0x0029,0x002a,
  0x002c,0x002c,0x002a,0x002d,0x002d,0x002e,0x002c,0x002f,0x0030,0x0031,0x0030,0x002f,0x0062,0x0030,0x0062,0x005e,
  0x005e,0x0063,0x0030,0x005e,0x0043,0x0063,0x0043,0x005e,0x004a,0x0043,0x004a,0x0000,0x0000,0x0012,0x0043,0x0043,
  0x0012,0x0044,0x0044,0x006a,0x0043,0x0070,0x006a,0x0044,0x006a,0x0070,0x006b,0x006a,0x006b,0x0069,0x006a,0x0069,
  0x0068,0x0068,0x0043,0x006a,0x0068,0x0063,0x0043,0x0068,0x0064,0x0063,0x0064,0x0068,0x0069,0x0064,0x0065,0x0063,
  0x0066,0x0063,0x0065,0x0063,0x0066,0x0030,0x0066,0x0031,0x0030,0x0032,0x0033,0x0034,0x009f,0x0032,0x0034,0x0034,
  0x0033,0x00a3,0x0035,0x0036,0x0037,0x0035,0x0037,0x0038,0x0038,0x0037,0x0060,0x0038,0x0060,0x006f,0x006f,0x0060,
  0x0061,0x005e,0x0061,0x0060,0x005b,0x005e,0x0060,0x005e,0x005b,0x004a,0x005b,0x005c,0x004a,0x005c,0x005b,0x005a,
  0x005c,0x005a,0x005d,0x004d,0x005d,0x005a,0x005d,0x004d,0x005f,0x0078,0x005d,0x005f,0x0078,0x0067,0x005d,0x00c2,
  0x0067,0x0078,0x0067,0x00c2,0x0014,0x0049,0x0067,0x0014,0x0014,0x0001,0x0049,0x0001,0x004a,0x0049,0x0000,0x004a,
  0x0001,0x0039,0x0035,0x003a,0x003a,0x003c,0x0039,0x003b,0x003c,0x003a,0x003c,0x003b,0x003d,0x003d,0x0050,0x003c,
  0x0051,0x0050,0x003d,0x003d,0x0055,0x0051,0x0055,0x003d,0x003b,0x0053,0x0051,0x0055,0x0051,0x0053,0x0054,0x0054,
  0x0058,0x0051,0x0057,0x0058,0x0054,0x0095,0x0058,0x0057,0x0093,0x0058,0x0095,0x0095,0x0096,0x0093,0x0097,0x0093,
  0x0096,0x0093,0x0097,0x0087,0x0087,0x0092,0x0093,0x007d,0x0092,0x0087,0x0087,0x0086,0x007d,0x0086,0x0087,0x0097,
  0x0085,0x007d,0x0086,0x007e,0x007d,0x0085,0x007c,0x007d,0x007e,0x007d,0x007c,0x007f,0x0092,0x007d,0x007f,0x0092,
  0x007f,0x004c,0x0092,0x004c,0x004f,0x004f,0x0093,0x0092,0x004f,0x0059,0x0093,0x0050,0x0059,0x004f,0x004f,0x004c,
  0x0050,0x004c,0x004e,0x0050,0x004c,0x004d,0x004e,0x004d,0x004c,0x005f,0x005f,0x004c,0x0091,0x005f,0x0091,0x009a,
  0x005f,0x009a,0x0078,0x009a,0x00a4,0x0078,0x009a,0x008f,0x00a4,0x009a,0x0081,0x0099,0x009a,0x0099,0x009b,0x0090,
  0x009b,0x0099,0x0090,0x0099,0x009c,0x0090,0x009c,0x008d,0x0008,0x0090,0x008d,0x008d,0x00a0,0x00a6,0x00a0,0x008d,
  0x009c,0x003e,0x003f,0x0040,0x003f,0x003e,0x0045,0x003f,0x0045,0x0046,0x003f,0x0046,0x0041,0x003f,0x0041,0x0042,
  0x00d7,0x003f,0x0042,0x003f,0x00d7,0x00d8,0x003f,0x00d8,0x0040,0x0041,0x0047,0x0048,0x0056,0x0041,0x0048,0x0042,
  0x0041,0x0056,0x0047,0x0041,0x0046,0x0046,0x008b,0x0047,0x008b,0x0046,0x0045,0x008b,0x0045,0x0089,0x008a,0x008b,
  0x0089,0x0098,0x008b,0x008a,0x008e,0x008b,0x0098,0x008e,0x0047,0x008b,0x004b,0x0036,0x0039,0x005a,0x0036,0x004b,
  0x0036,0x005a,0x005b,0x0036,0x005b,0x0037,0x0037,0x005b,0x0060,0x004d,0x004b,0x004e,0x004b,0x004d,0x005a,0x004e,
  0x004b,0x003c,0x004e,0x003c,0x0050,0x0039,0x003c,0x004b,0x0036,0x0035,0x0039,0x0059,0x0051,0x0058,0x0050,0x0051,
  0x0059,0x0058,0x0093,0x0059,0x0061,0x005e,0x0062,0x0069,0x006b,0x006c,0x006b,0x006d,0x006e,0x006b,0x0070,0x006d,
  0x0044,0x00db,0x0070,0x00d6,0x00db,0x0044,0x00db,0x00d6,0x00d2,0x00d2,0x00d6,0x00d0,0x00cf,0x00d2,0x00d0,0x00d1,
  0x00d2,0x00cf,0x00d1,0x00cf,0x00d3,0x00d3,0x00d5,0x00d1,0x00dc,0x00d1,0x00d5,0x0071,0x0072,0x0073,0x0073,0x0072,
  0x0074,0x0075,0x0076,0x0077,0x0067,0x0049,0x005d,0x0079,0x007a,0x007b,0x00a9,0x007a,0x0079,0x00a8,0x00a9,0x0079,
  0x00a7,0x0079,0x00a5,0x007c,0x0080,0x0081,0x007e,0x0080,0x007c,0x007e,0x0082,0x0080,0x0085,0x0082,0x007e,0x0083,
  0x0080,0x0082,0x0083,0x0084,0x0080,0x0084,0x0081,0x0080,0x0084,0x0099,0x0081,0x0081,0x0091,0x007c,0x0081,0x009a,
  0x0091,0x007f,0x0091,0x004c,0x007f,0x007c,0x0091,0x0088,0x0089,0x003e,0x0088,0x00e1,0x0089,0x00e1,0x00e2,0x0089,
  0x008a,0x0089,0x00e2,0x0045,0x003e,0x0089,0x00ab,0x00ac,0x00ad,0x00ae,0x00ac,0x00ab,0x00af,0x00b0,0x00b1,0x00b2,
  0x00b3,0x00b4,0x00c3,0x00b3,0x00b2,0x00b2,0x00c6,0x00c3,0x00b4,0x00c6,0x00b2,0x00c6,0x00b4,0x00c8,0x00b9,0x00c8,
  0x00b4,0x00b4,0x00b8,0x00b9,0x00b8,0x00b4,0x00b3,0x00b8,0x00b3,0x0016,0x0016,0x0014,0x00b8,0x00c2,0x00b8,0x0014,
  0x00b8,0x00c2,0x00b9,0x00b9,0x00c2,0x00c8,0x0078,0x00a4,0x00c2,0x00b5,0x00b6,0x00b7,0x00bc,0x00b5,0x00b7,0x00b5,
  0x00bc,0x00bd,0x00bd,0x00ca,0x00b5,0x00ca,0x00bd,0x00cc,0x00c7,0x00ca,0x00cc,0x00c7,0x00b5,0x00ca,0x00c7,0x00b6,
  0x00b5,0x00b6,0x00c7,0x00bb,0x00bb,0x00b7,0x00b6,0x00ba,0x00b7,0x00bb,0x00ba,0x00c5,0x00b7,0x00b7,0x00c5,0x00bf,
  0x00bf,0x00c1,0x00b7,0x00c1,0x00bf,0x00be,0x00bd,0x00c1,0x00be,0x00c1,0x00bd,0x00bc,0x00c1,0x00bc,0x00b7,0x00be,
  0x00bf,0x00c0,0x00c0,0x00cb,0x00be,0x00be,0x00cb,0x00cc,0x00be,0x00cc,0x00bd,0x00c7,0x00cc,0x00cb,0x00cb,0x00cd,
  0x00c7,0x00c7,0x00cd,0x00c9,0x00bb,0x00c7,0x00c9,0x00de,0x00df,0x00e0,0x00e3,0x00df,0x00de,0x00de,0x00e4,0x00e3,
  0x00de,0x00e0,0x00e4,0x00e4,0x00e0,0x00e5,0x00e6,0x00e4,0x00e5,0x00e4,0x00e6,0x00e7,0x00e7,0x00e3,0x00e4,0x00e7,
  0x0094,0x00e3,0x00ea,0x0094,0x00e7,0x00e7,0x00e9,0x00ea,0x00e6,0x00e9,0x00e7,0x00e5,0x00e8,0x00e6,0x00e8,0x00e5,
  0x00eb,0x00e0,0x00df,0x00dd,
};
const u16 sonic_m3_vtx[] = {
  0xff2a,0x0194,0x03d4,0x0000,0x016c,0x03e6,0xffbd,0x01b9,0x03fc,0xff6e,0x0121,0x038e,0x0000,0x006a,0x02cb,0x0092,
  0x0121,0x038e,0x00d6,0x0194,0x03d4,0x0043,0x01b9,0x03fc,0xfe8c,0x00cb,0x02df,0xfe68,0x01cc,0x0352,0xfd68,0x01b3,
  0x02be,0xfd1d,0x018a,0x024f,0xfdac,0x00e4,0x0237,0xfd08,0x011a,0x0169,0xfe24,0x006c,0x01bd,0xff29,0x0082,0x02cb,
  0xfee4,0x001f,0x01a2,0x0000,0xfffb,0x01bc,0x0174,0x00cb,0x02df,0x0198,0x01cc,0x0352,0x0298,0x01b3,0x02be,0x02e3,
  0x018a,0x024f,0x0254,0x00e4,0x0237,0x02f8,0x011a,0x0169,0x01dc,0x006c,0x01bd,0x02cc,0x00e7,0x008f,0x01c6,0x0044,
  0x008d,0x011c,0x001f,0x01a2,0x00d7,0x0082,0x02cb,0x0000,0x0018,0x0081,0xff0d,0x0020,0x0082,0xfe3a,0x0044,0x008d,
  0xfd34,0x00e7,0x008f,0x0000,0x0018,0x0081,0x00f3,0x0020,0x0082,0xfdd9,0x01e8,0x02fc,0xfd50,0x020a,0x02a6,0xfcee,
  0x0202,0x0232,0xfcb6,0x01c8,0x017f,0xfcbf,0x0154,0x00e6,0x02b0,0x020a,0x02a6,0x0312,0x0202,0x0232,0x0227,0x01e8,
  0x02fc,0x034a,0x01c8,0x017f,0x0341,0x0154,0x00e6,0xff44,0x01d9,0x03ad,0x0000,0x01e8,0x03ee,0x00bc,0x01d9,0x03ad,
  0x0000,0x020c,0x03e6,0x0000,0x020c,0x03e6,
};
const u16 sonic_m3_uv[] = {
  0x0208,0x01ab,0x025a,0x01b1,0x0233,0x01b5,0x0217,0x0166,0x025c,0x00df,0x02a3,0x0165,0x02cc,0x01a8,0x028a,0x01b4,
  0x018e,0x0131,0x01a4,0x01dc,0x0138,0x01ee,0x0104,0x01e7,0x0116,0x015f,0x00a6,0x019f,0x0103,0x00ea,0x01dd,0x00e7,
  0x0131,0x0078,0x0263,0x0040,0x032f,0x0131,0x0318,0x01dc,0x0385,0x01ee,0x03b9,0x01e7,0x03a7,0x015f,0x0416,0x019f,
  0x03ba,0x00ea,0x0484,0x0159,0x0445,0x00b3,0x038e,0x0077,0x02e2,0x00e7,0x0156,0x0050,0x00e2,0x0068,0x0078,0x00b3,
  0x0039,0x0159,0x0366,0x0050,0x03da,0x0068,0x0171,0x01ff,0x012e,0x0223,0x00ee,0x0227,0x00af,0x0216,0x006d,0x01d5,
  0x038e,0x0223,0x03ce,0x0227,0x034d,0x01ff,0x040e,0x0217,0x0450,0x01d4,0x0212,0x01ce,0x025e,0x01ce,0x02a7,0x01cf,
  0x0250,0x01e2,0x026d,0x01e2,
};
const u16 sonic_m3_col[] = {
  0x7fff,0x7fff,0x7fff,0x7fff,0x7fff,0x7fff,0x7fff,0x7fff,0x7fff,0x7fff,0x7fff,0x7fff,0x7fff,0x7fff,0x7fff,0x7fff,
  0x7fff,0x7fff,0x7fff,0x7fff,0x7fff,0x7fff,0x7fff,0x7fff,0x7fff,0x7fff,0x7fff,0x7fff,0x7fff,0x7fff,0x7fff,0x7fff,
  0x7fff,0x7fff,0x7fff,0x7fff,0x7fff,0x7fff,0x7fff,0x7fff,0x7fff,0x7fff,0x7fff,0x7fff,0x7fff,0x7fff,0x7fff,0x7fff,
  0x7fff,0x7fff,
};
const u16 sonic_m3_idx[] = {
  0x0000,0x0001,0x0002,0x0003,0x0001,0x0000,0x0004,0x0001,0x0003,0x0005,0x0001,0x0004,0x0006,0x0001,0x0005,0x0007,
  0x0001,0x0006,0x002e,0x0007,0x0006,0x002e,0x0006,0x002f,0x002f,0x0031,0x002e,0x0013,0x002f,0x0006,0x0012,0x0013,
  0x0006,0x0012,0x0006,0x0005,0x0012,0x0005,0x001c,0x0018,0x0012,0x001c,0x0018,0x001c,0x001b,0x0018,0x001b,0x001a,
  0x0019,0x0018,0x001a,0x0017,0x0018,0x0019,0x0017,0x0016,0x0018,0x0016,0x0017,0x0015,0x0012,0x0016,0x0015,0x0012,
  0x0015,0x0014,0x0012,0x0014,0x0013,0x002a,0x0013,0x0014,0x002a,0x0014,0x0028,0x0028,0x0014,0x0015,0x0028,0x0015,
  0x0029,0x0015,0x002b,0x0029,0x0017,0x002b,0x0015,0x002b,0x0017,0x002c,0x0017,0x0019,0x002c,0x0003,0x0000,0x0008,
  0x000f,0x0003,0x0008,0x000f,0x0008,0x000e,0x0010,0x000f,0x000e,0x0011,0x000f,0x0010,0x0004,0x000f,0x0011,0x000f,
  0x0004,0x0003,0x0011,0x001c,0x0004,0x001b,0x001c,0x0011,0x001b,0x0011,0x0021,0x0022,0x001b,0x0021,0x001a,0x001b,
  0x0022,0x0000,0x0009,0x0008,0x0000,0x002d,0x0009,0x002d,0x0000,0x0002,0x002d,0x0002,0x002e,0x002e,0x0030,0x002d,
  0x0009,0x000a,0x0008,0x000a,0x0009,0x0023,0x000a,0x0023,0x0024,0x0025,0x000a,0x0024,0x0025,0x000b,0x000a,0x0025,
  0x0026,0x000b,0x000b,0x0026,0x000d,0x000b,0x000d,0x000c,0x000b,0x000c,0x0008,0x000a,0x000b,0x0008,0x000e,0x0008,
  0x000c,0x000e,0x000c,0x000d,0x0020,0x000e,0x000d,0x001f,0x000e,0x0020,0x001f,0x0010,0x000e,0x001e,0x0010,0x001f,
  0x001d,0x0010,0x001e,0x001d,0x0011,0x0010,0x0005,0x0004,0x001c,0x0016,0x0012,0x0018,0x0027,0x000d,0x0026,0x0027,
  0x0020,0x000d,
};
const u16 sonic_m4_vtx[] = {
  0xfd23,0x0279,0x0293,0xfd50,0x020a,0x02a6,0xfd95,0x0264,0x02f8,0xfdd9,0x01e8,0x02fc,0xfe68,0x01cc,0x0352,0xfe62,
  0x027d,0x0387,0xff44,0x01d9,0x03ad,0xff2e,0x0295,0x03e5,0xfe49,0x036f,0x03bb,0xff20,0x0380,0x040a,0xfd62,0x0354,
  0x0311,0xfcce,0x0346,0x0271,0xfd58,0x04b4,0x0323,0xfd59,0x0406,0x0321,0xfe3e,0x0420,0x03c6,0xfe3a,0x04cc,0x03c1,
  0xfca5,0x03f6,0x0263,0xfca7,0x04a3,0x0264,0xfd65,0x0560,0x031a,0xfcbd,0x0555,0x026b,0xfd2c,0x05cb,0x02cb,0xfdb6,
  0x05f4,0x033a,0xfe35,0x05c7,0x038e,0xfee0,0x04d6,0x03f6,0xfea9,0x0543,0x03d3,0xff1a,0x042d,0x040f,0xffa1,0x0375,
  0x041a,0x0000,0x029c,0x0401,0x0000,0x0363,0x0420,0x0000,0x020c,0x03e6,0x005f,0x0375,0x041a,0x00d2,0x0295,0x03e5,
  0x00e0,0x0380,0x040a,0x0227,0x01e8,0x02fc,0x02b0,0x020a,0x02a6,0x026b,0x0264,0x02f8,0x01cb,0x05c7,0x038e,0x01c6,
  0x04cc,0x03c1,0x02a8,0x04b4,0x0323,0x029b,0x0560,0x031a,0x01c2,0x0420,0x03c6,0x01b7,0x036f,0x03bb,0x029e,0x0354,
  0x0311,0x02a7,0x0406,0x0321,0x00e6,0x042d,0x040f,0x019e,0x027d,0x0387,0x0198,0x01cc,0x0352,0x0359,0x04a3,0x0264,
  0x0343,0x0555,0x026b,0x02d4,0x05cb,0x02cb,0x024a,0x05f4,0x033a,0x0332,0x0346,0x0271,0x035b,0x03f6,0x0263,0x00bc,
  0x01d9,0x03ad,0x02da,0x0272,0x028f,0x0120,0x04d6,0x03f6,0x0157,0x0543,0x03d3,
};
const u16 sonic_m4_uv[] = {
  0x0a9d,0x0d00,0x0a81,0x0ccb,0x0a56,0x0cfe,0x0a2b,0x0cbe,0x09d1,0x0cb3,0x09d5,0x0d12,0x0946,0x0cbf,0x0954,0x0d22,
  0x09e4,0x0d91,0x095c,0x0d9e,0x0a76,0x0d7b,0x0ad4,0x0d6c,0x0a7c,0x0e32,0x0a7c,0x0dd8,0x09ec,0x0ded,0x09ee,0x0e46,
  0x0aee,0x0dc6,0x0aed,0x0e20,0x0a75,0x0e8a,0x0ade,0x0e7c,0x0a99,0x0ebe,0x0a41,0x0ed9,0x09f1,0x0ec5,0x0985,0x0e4e,
  0x09a8,0x0e85,0x0961,0x0df8,0x090b,0x0d99,0x08cf,0x0d27,0x08ce,0x0d91,0x08cf,0x0cdc,0x090b,0x0d99,0x0954,0x0d22,
  0x095c,0x0d9e,0x0a2b,0x0cbe,0x0a81,0x0ccb,0x0a56,0x0cfe,0x09f1,0x0ec5,0x09ee,0x0e46,0x0a7c,0x0e32,0x0a75,0x0e8a,
  0x09ec,0x0ded,0x09e4,0x0d91,0x0a76,0x0d7b,0x0a7c,0x0dd8,0x0961,0x0df8,0x09d5,0x0d12,0x09d1,0x0cb3,0x0aed,0x0e20,
  0x0ade,0x0e7c,0x0a99,0x0ebe,0x0a41,0x0ed9,0x0ad4,0x0d6c,0x0aee,0x0dc6,0x0946,0x0cbf,0x0a9d,0x0d00,0x0985,0x0e4e,
  0x09a8,0x0e85,
};
const u16 sonic_m4_col[] = {
  0x7fff,0x7fff,0x7fff,0x7fff,0x7fff,0x7fff,0x7fff,0x7fff,0x7fff,0x7fff,0x7fff,0x7fff,0x7fff,0x7fff,0x7fff,0x7fff,
  0x7fff,0x7fff,0x7fff,0x7fff,0x7fff,0x7fff,0x7fff,0x7fff,0x7fff,0x7fff,0x7fff,0x7fff,0x7fff,0x7fff,0x7fff,0x7fff,
  0x7fff,0x7fff,0x7fff,0x7fff,0x7fff,0x7fff,0x7fff,0x7fff,0x7fff,0x7fff,0x7fff,0x7fff,0x7fff,0x7fff,0x7fff,0x7fff,
  0x7fff,0x7fff,0x7fff,0x7fff,0x7fff,0x7fff,0x7fff,0x7fff,0x7fff,
};
const u16 sonic_m4_idx[] = {
  0x0000,0x0001,0x0002,0x000a,0x0000,0x0002,0x000a,0x0002,0x0005,0x000a,0x0005,0x0008,0x000d,0x000a,0x0008,0x000d,
  0x0008,0x000e,0x000c,0x000d,0x000e,0x000c,0x000e,0x000f,0x0012,0x000c,0x000f,0x000c,0x0012,0x0013,0x000c,0x0013,
  0x0011,0x0010,0x000c,0x0011,0x0010,0x000d,0x000c,0x000a,0x000d,0x0010,0x000a,0x0010,0x000b,0x000a,0x000b,0x0000,
  0x0002,0x0001,0x0003,0x0002,0x0003,0x0004,0x0002,0x0004,0x0005,0x0005,0x0004,0x0006,0x0005,0x0006,0x0007,0x0008,
  0x0005,0x0007,0x0008,0x0007,0x0009,0x000e,0x0008,0x0009,0x000e,0x0009,0x0019,0x000f,0x000e,0x0019,0x000f,0x0019,
  0x0017,0x0016,0x000f,0x0017,0x0012,0x000f,0x0016,0x0015,0x0012,0x0016,0x0012,0x0015,0x0014,0x0012,0x0014,0x0013,
  0x0016,0x0017,0x0018,0x0009,0x001a,0x0019,0x0009,0x001c,0x001a,0x0009,0x001b,0x001c,0x0009,0x0007,0x001b,0x0007,
  0x001d,0x001b,0x0007,0x0006,0x001d,0x001b,0x001d,0x0035,0x001b,0x0035,0x001f,0x001e,0x001b,0x001f,0x001e,0x001c,
  0x001b,0x001e,0x001f,0x0020,0x002c,0x001e,0x0020,0x002c,0x0020,0x0029,0x002c,0x0029,0x0028,0x0037,0x002c,0x0028,
  0x0037,0x0028,0x0025,0x0038,0x0037,0x0025,0x0038,0x0025,0x0024,0x0024,0x0025,0x0026,0x0024,0x0026,0x0027,0x0024,
  0x0027,0x0032,0x0031,0x0032,0x0027,0x0030,0x0031,0x0027,0x002f,0x0030,0x0027,0x002f,0x0027,0x0026,0x002f,0x0026,
  0x002b,0x002f,0x002b,0x0034,0x0033,0x0034,0x002b,0x0033,0x002b,0x002a,0x0036,0x0033,0x002a,0x0023,0x0036,0x002a,
  0x0029,0x0023,0x002a,0x0028,0x0029,0x002a,0x0028,0x002a,0x002b,0x0025,0x0028,0x002b,0x0025,0x002b,0x0026,0x0021,
  0x0022,0x0023,0x002d,0x0021,0x0023,0x002d,0x002e,0x0021,0x001f,0x002e,0x002d,0x0020,0x001f,0x002d,0x0020,0x002d,
  0x0029,0x0029,0x002d,0x0023,0x0023,0x0022,0x0036,0x001f,0x0035,0x002e,
};
const u16 sonic_m5_vtx[] = {
  0xfb80,0x1044,0xfed8,0xfc6d,0x1225,0xff35,0xfb88,0x10ff,0xfdd4,0xfcbb,0x1235,0xfbb4,0xfb26,0x1006,0xfc95,0x0345,
  0x1235,0xfbb4,0x046b,0x1114,0xfdb1,0x04d9,0x1006,0xfc95,0x0480,0x1044,0xfed8,0x0393,0x1225,0xff35,0xfbae,0x0e69,
  0xfc31,0xfb22,0x0e88,0xfb4e,0xfe01,0x0e6d,0xfbe6,0xfd1a,0x0ee0,0xfa0a,0xfb22,0x0e88,0xfb4e,0xfb02,0x0da4,0xf863,
  0xfe01,0x0e6d,0xfbe6,0xfdf6,0x1056,0xfad2,0xfbd5,0x0e99,0xfdf9,0xfbfc,0x10c4,0xfa56,0xfd67,0x133a,0xff87,0xfe6a,
  0x1180,0xfc25,0xfdaa,0x12d7,0xfd46,0xfb02,0x0da4,0xf863,0x01ff,0x0e6d,0xfbe6,0x04de,0x0e88,0xfb4e,0x0452,0x0e69,
  0xfc31,0x04fe,0x0da4,0xf863,0x04de,0x0e88,0xfb4e,0x02e6,0x0ee0,0xfa0a,0x01ff,0x0e6d,0xfbe6,0x020a,0x1056,0xfad2,
  0x042b,0x0e99,0xfdf9,0x0404,0x10c4,0xfa56,0x0299,0x133a,0xff87,0x0196,0x1180,0xfc25,0x0256,0x12d7,0xfd46,0x04fe,
  0x0da4,0xf863,0x0078,0x0d3d,0x051b,0x0000,0x0da2,0x05a8,0x0000,0x0cf8,0x052a,0x0000,0x0dc0,0x050c,0x0000,0x0d2e,
  0x03ee,0x0043,0x0cff,0x03fc,0xff88,0x0d3d,0x051b,0xffbd,0x0cff,0x03fc,0x0000,0x0cb3,0x03e6,0xfcce,0x0e8c,0x0271,
  0xfcab,0x0e4d,0x026c,0xfd23,0x0dc0,0x0293,0x0332,0x0e8c,0x0271,0x02da,0x0db8,0x028f,0x0355,0x0e4d,0x026c,0xfdb6,
  0x113b,0x033a,0xfd6d,0x11b2,0x0375,0xfcef,0x1162,0x0301,0xfd2c,0x1111,0x02cb,0xfdf9,0x1187,0x03d1,0xfe35,0x110e,
  0x038e,0xfea9,0x108a,0x03d3,0xfe69,0x1113,0x041a,0xff07,0x1044,0x0481,0x0000,0x0e2e,0xfc66,0xfee2,0x0b74,0xfd9b,
  0xfee5,0x0ded,0xfc37,0xff18,0x0b63,0xfec3,0xfcbc,0x0b64,0xfe9b,0xfbc6,0x0ee8,0x001e,0xfbfc,0x0ce4,0xfe98,0x0000,
  0x0b63,0xfda1,0x0000,0x0b4a,0xfebf,0x0000,0x0b5e,0x0081,0xff0d,0x0b66,0x0082,0xfb80,0x1450,0x0174,0xfbd1,0x10f3,
  0x00d7,0xfe36,0x11cb,0x035f,0x0000,0x123e,0x037d,0xff11,0x1229,0x036f,0xfedf,0x1160,0x03db,0x0000,0x102c,0x0465,
  0xff4c,0x1078,0x0459,0xff61,0x0f5d,0x048a,0xfbc4,0x0ded,0xfca6,0xff1a,0x0f74,0x040f,0xffa1,0x0ebb,0x041a,0xfee0,
  0x101c,0x03f6,0xfe3a,0x0b8a,0x008d,0x0000,0x0ea9,0x0420,0x0000,0x0e9a,0x0468,0x0000,0x0f02,0x04a3,0xfd75,0x11e2,
  0x02ee,0xfcc4,0x1168,0x0282,0xfd66,0x1239,0x0105,0xfdcd,0x1281,0x027b,0xfc17,0x0fad,0x0219,0x0000,0x12fc,0x02c2,
  0xfc94,0x1088,0x0287,0xfca7,0x0fe9,0x0264,0xfca5,0x0f3c,0x0263,0xfc8b,0x0ddc,0x0242,0xfcb6,0x0d0f,0x017f,0xfcee,
  0x0d48,0x0232,0xfd50,0x0d51,0x02a6,0xfe05,0x1395,0x00a5,0xfc05,0x0ddb,0x004a,0xfcbf,0x0c9b,0x00e6,0xfcf7,0x0d52,
  0xffc7,0xfd49,0x0c66,0x0041,0xfd34,0x0c2e,0x008f,0xfe3a,0x0b8a,0x008d,0xfd34,0x0c2e,0x008f,0xfcbd,0x109b,0x026b,
  0xfcbc,0x0b64,0xfe9b,0xfbd1,0x10f3,0x00d7,0xfd66,0x1239,0x0105,0xfb80,0x1450,0x0174,0xfdcd,0x1281,0x027b,0xfbc4,
  0x0ded,0xfca6,0xfbae,0x0e69,0xfc31,0xfe01,0x0e6d,0xfbe6,0x0000,0x13d7,0x01ab,0x02b7,0x0c66,0x0041,0x0344,0x0b64,
  0xfe9b,0x0309,0x0d52,0xffc7,0x01ca,0x11cb,0x035f,0x0197,0x1113,0x041a,0x0207,0x1187,0x03d1,0x0121,0x1160,0x03db,
  0x0293,0x11b2,0x0375,0x028b,0x11e2,0x02ee,0x024a,0x113b,0x033a,0x02d4,0x1111,0x02cb,0x0311,0x1162,0x0301,0x01cb,
  0x110e,0x038e,0x0157,0x108a,0x03d3,0x00f9,0x1044,0x0481,0x011b,0x0ded,0xfc37,0x011e,0x0b74,0xfd9b,0x0344,0x0b64,
  0xfe9b,0x00e8,0x0b63,0xfec3,0x0404,0x0ce4,0xfe98,0x043a,0x0ee8,0x001e,0x00f3,0x0b66,0x0082,0x0480,0x1450,0x0174,
  0x042f,0x10f3,0x00d7,0x00ef,0x1229,0x036f,0x00b4,0x1078,0x0459,0x009f,0x0f5d,0x048a,0x043c,0x0ded,0xfca6,0x005f,
  0x0ebb,0x041a,0x00e6,0x0f74,0x040f,0x0120,0x101c,0x03f6,0x01c6,0x0b8a,0x008d,0x033c,0x1168,0x0282,0x0233,0x1281,
  0x027b,0x029a,0x1239,0x0105,0x03e9,0x0fad,0x0219,0x036c,0x1088,0x0287,0x0359,0x0fe9,0x0264,0x035b,0x0f3c,0x0263,
  0x0375,0x0ddc,0x0242,0x0312,0x0d48,0x0232,0x034a,0x0d0f,0x017f,0x02b0,0x0d51,0x02a6,0x01fb,0x1395,0x00a5,0x0341,
  0x0c9b,0x00e6,0x03fb,0x0ddb,0x004a,0x02cc,0x0c2e,0x008f,0x02cc,0x0c2e,0x008f,0x01c6,0x0b8a,0x008d,0x0343,0x109b,
  0x026b,0x0480,0x1450,0x0174,0x029a,0x1239,0x0105,0x042f,0x10f3,0x00d7,0x0233,0x1281,0x027b,0x01ff,0x0e6d,0xfbe6,
  0x0452,0x0e69,0xfc31,0x043c,0x0ded,0xfca6,0x0000,0x1354,0xf848,0xfe8c,0x137d,0xfb0a,0x0000,0x14c6,0xfb37,0x0000,
  0x0db0,0xf85e,0x0000,0x0e4b,0xf9fd,0xfeb0,0x0ed9,0xfaa1,0xfe60,0x147a,0xfcbb,0x0000,0x1509,0xfdc3,0xfee5,0x0ded,
  0xfc37,0x0000,0x0e2e,0xfc66,0xff4e,0x0ef0,0xf932,0x0000,0x0f67,0xf8c1,0x0000,0x10ba,0xf9ec,0xfe6a,0x1180,0xfc25,
  0x0000,0x1197,0xfb36,0xfe9e,0x1029,0xfa32,0x0000,0x14be,0xffc6,0x0000,0x1216,0xfa79,0x0000,0x1197,0xfb36,0xfe01,
  0x0e6d,0xfbe6,0x0174,0x137d,0xfb0a,0x0150,0x0ed9,0xfaa1,0x01a0,0x147a,0xfcbb,0x011b,0x0ded,0xfc37,0x00b2,0x0ef0,
  0xf932,0x0196,0x1180,0xfc25,0x0162,0x1029,0xfa32,0x01ff,0x0e6d,0xfbe6,0xfb62,0x0cfb,0xfc03,0xfcf3,0x0bd2,0xfa89,
  0xfb63,0x0bb8,0xfb34,0xfd61,0x0a50,0xfb06,0xfbaa,0x0971,0xfaef,0xfe92,0x0b50,0xfbd6,0xfe14,0x0dca,0xfbf1,0xfbdf,
  0x0ad2,0xfcbe,0xfb5d,0x0bc9,0xfc8e,0xfbdf,0x0ad2,0xfcbe,0xfe92,0x0b50,0xfbd6,0xfe01,0x0e6d,0xfbe6,0xfee5,0x0ded,
  0xfc37,0xfbdf,0x0ad2,0xfcbe,0xfbaa,0x0971,0xfaef,0x0421,0x0ad2,0xfcbe,0x049d,0x0bb8,0xfb34,0x04a3,0x0bc9,0xfc8e,
  0x0456,0x0971,0xfaef,0x016e,0x0b50,0xfbd6,0x0421,0x0ad2,0xfcbe,0x049e,0x0cfb,0xfc03,0x030d,0x0bd2,0xfa89,0x029f,
  0x0a50,0xfb06,0x016e,0x0b50,0xfbd6,0x01ec,0x0dca,0xfbf1,0x0421,0x0ad2,0xfcbe,0x011b,0x0ded,0xfc37,0x01ff,0x0e6d,
  0xfbe6,0x0456,0x0971,0xfaef,
};
const u16 sonic_m5_uv[] = {
  0x022b,0x0ccf,0x0184,0x0d64,0x0257,0x0d1d,0x02a1,0x0d9d,0x02b6,0x0d52,0x02a1,0x0d9d,0x025d,0x0d25,0x02b6,0x0d52,
  0x022b,0x0ccf,0x0184,0x0d64,0x0430,0x0cac,0x0422,0x0d3c,0x0453,0x0cf2,0x03ad,0x0eab,0x03c3,0x0ef1,0x04f4,0x0f41,
  0x02df,0x0eb3,0x02f0,0x0e53,0x0273,0x0c61,0x0399,0x0e27,0x0150,0x0d89,0x0244,0x0e66,0x01e9,0x0e01,0x04f4,0x0f3f,
  0x0453,0x0cf2,0x0422,0x0d3c,0x0430,0x0cac,0x04f4,0x0f41,0x03c3,0x0ef1,0x03ad,0x0eab,0x02df,0x0eb3,0x02f0,0x0e53,
  0x0273,0x0c61,0x0399,0x0e27,0x0150,0x0d89,0x0244,0x0e66,0x01e9,0x0e01,0x04f4,0x0f3f,0x0554,0x0df0,0x057d,0x0dff,
  0x0568,0x0de0,0x056c,0x0de7,0x0546,0x0dae,0x0539,0x0db6,0x057e,0x0dd3,0x0551,0x0da6,0x0540,0x0da6,0x00f5,0x0c2b,
  0x00ff,0x0c1e,0x00ec,0x0c08,0x00f5,0x0c2b,0x00ec,0x0c05,0x00ff,0x0c1e,0x00c5,0x0cda,0x00d2,0x0cf7,0x00f5,0x0ce5,
  0x00e9,0x0cce,0x00a4,0x0cee,0x00a5,0x0cd5,0x0089,0x0cbd,0x008e,0x0cd5,0x0066,0x0ca8,0x0135,0x0af3,0x00e3,0x0a8c,
  0x00e4,0x0aff,0x00f3,0x0a37,0x0046,0x0a42,0x01ca,0x0c35,0x0267,0x0ba2,0x0135,0x0a8a,0x0135,0x0a37,0x0135,0x09b7,
  0x00f0,0x09b7,0x0145,0x0d27,0x0174,0x0d0a,0x00af,0x0d0c,0x001d,0x0d2e,0x0073,0x0d28,0x007a,0x0cf1,0x001d,0x0caa,
  0x0057,0x0cb8,0x0054,0x0c6c,0x03dc,0x0c22,0x006b,0x0c76,0x0053,0x0c32,0x007a,0x0ca0,0x00b3,0x09b5,0x001f,0x0c2e,
  0x001d,0x0c33,0x001d,0x0c3e,0x00e5,0x0d07,0x0110,0x0ce7,0x014c,0x0d12,0x011f,0x0d1e,0x012c,0x0c72,0x001d,0x0d61,
  0x0104,0x0cae,0x00ff,0x0c85,0x00fb,0x0c54,0x0113,0x0c0a,0x013b,0x0be7,0x0113,0x0bf4,0x00e8,0x0bf5,0x0104,0x0d7b,
  0x01b4,0x0be9,0x015a,0x0bbd,0x01c1,0x0bb7,0x018d,0x0b7b,0x0167,0x0b82,0x0142,0x0b21,0x0167,0x0b82,0x00f9,0x0cb1,
  0x0264,0x0b42,0x039b,0x0f07,0x0308,0x0f1b,0x0317,0x0fee,0x029d,0x0f2b,0x034d,0x0eee,0x0365,0x0eee,0x02ea,0x0ec2,
  0x001d,0x0da5,0x018d,0x0b7b,0x0264,0x0b42,0x01c1,0x0bb7,0x00af,0x0d0c,0x008e,0x0cd5,0x00a4,0x0cee,0x007a,0x0cf1,
  0x00d2,0x0cf7,0x00e5,0x0d07,0x00c5,0x0cda,0x00e9,0x0cce,0x00f5,0x0ce5,0x00a5,0x0cd5,0x0089,0x0cbd,0x0066,0x0ca8,
  0x00e4,0x0aff,0x00e3,0x0a8c,0x0046,0x0a42,0x00f3,0x0a37,0x0267,0x0ba2,0x01ca,0x0c35,0x00f0,0x09b7,0x0145,0x0d27,
  0x0174,0x0d0a,0x0073,0x0d28,0x0057,0x0cb8,0x0054,0x0c6c,0x03dc,0x0c22,0x0053,0x0c32,0x006b,0x0c76,0x007a,0x0ca0,
  0x00b3,0x09b5,0x0110,0x0ce7,0x011f,0x0d1e,0x014c,0x0d12,0x012c,0x0c72,0x0104,0x0cae,0x00ff,0x0c85,0x00fb,0x0c54,
  0x0113,0x0c0a,0x0113,0x0bf4,0x013b,0x0be7,0x00e8,0x0bf5,0x0104,0x0d7b,0x015a,0x0bbd,0x01b4,0x0be9,0x0167,0x0b82,
  0x0167,0x0b82,0x0142,0x0b21,0x00f9,0x0cb1,0x0317,0x0fee,0x0308,0x0f1b,0x039b,0x0f07,0x029d,0x0f2b,0x02ea,0x0ec2,
  0x0365,0x0eee,0x034d,0x0eee,0x001d,0x0fee,0x0103,0x0f31,0x001d,0x0f27,0x062c,0x0d92,0x0643,0x0c5a,0x05dc,0x0be9,
  0x0109,0x0eaf,0x001d,0x0e89,0x0610,0x0b06,0x062a,0x0b04,0x05d0,0x0cba,0x0594,0x0cdb,0x051b,0x0c2e,0x04ee,0x0b65,
  0x04ae,0x0b85,0x0565,0x0bfe,0x001d,0x0e19,0x01c8,0x0f67,0x02a2,0x0ec9,0x05d5,0x0b15,0x0103,0x0f31,0x05dc,0x0be9,
  0x0109,0x0eaf,0x0610,0x0b06,0x05d0,0x0cba,0x04ee,0x0b65,0x0565,0x0bfe,0x05d5,0x0b15,0x032b,0x0b7c,0x03a2,0x0b2a,
  0x0336,0x0ae8,0x03e2,0x0aa4,0x0279,0x09c4,0x044d,0x0bd4,0x034e,0x0c26,0x042e,0x0ab0,0x02fe,0x0b0f,0x0006,0x0ac7,
  0x00cc,0x0b0c,0x02ff,0x0c58,0x0370,0x0c3c,0x0292,0x0a97,0x02a4,0x09bb,0x0292,0x0a97,0x0336,0x0ae8,0x02fe,0x0b0f,
  0x0279,0x09c4,0x00cc,0x0b0c,0x0006,0x0ac7,0x032b,0x0b7c,0x03a2,0x0b2a,0x03e2,0x0aa4,0x044d,0x0bd4,0x034e,0x0c26,
  0x042e,0x0ab0,0x0370,0x0c3c,0x02ff,0x0c58,0x02a4,0x09bb,
};
const u16 sonic_m5_col[] = {
  0x7fff,0x7fff,0x7fff,0x7fff,0x7fff,0x7fff,0x7fff,0x7fff,0x7fff,0x7fff,0x7fff,0x7fff,0x7fff,0x7fff,0x7fff,0x7fff,
  0x7fff,0x7fff,0x7fff,0x7fff,0x7fff,0x7fff,0x7fff,0x7fff,0x7fff,0x7fff,0x7fff,0x7fff,0x7fff,0x7fff,0x7fff,0x7fff,
  0x7fff,0x7fff,0x7fff,0x7fff,0x7fff,0x7fff,0x7fff,0x7fff,0x7fff,0x7fff,0x7fff,0x7fff,0x7fff,0x7fff,0x7fff,0x7fff,
  0x7fff,0x7fff,0x7fff,0x7fff,0x7fff,0x7fff,0x7fff,0x7fff,0x7fff,0x7fff,0x7fff,0x7fff,0x7fff,0x7fff,0x7fff,0x7fff,
  0x7fff,0x7fff,0x7fff,0x7fff,0x7fff,0x7fff,0x7fff,0x7fff,0x7fff,0x7fff,0x7fff,0x7fff,0x7fff,0x7fff,0x7fff,0x7fff,
  0x7fff,0x7fff,0x7fff,0x7fff,0x7fff,0x7fff,0x7fff,0x7fff,0x7fff,0x7fff,0x7fff,0x7fff,0x7fff,0x7fff,0x7fff,0x7fff,
  0x7fff,0x7fff,0x7fff,0x7fff,0x7fff,0x7fff,0x7fff,0x7fff,0x7fff,0x7fff,0x7fff,0x7fff,0x7fff,0x7fff,0x7fff,0x7fff,
  0x7fff,0x7fff,0x7fff,0x7fff,0x7fff,0x7fff,0x7fff,0x7fff,0x7fff,0x7fff,0x7fff,0x7fff,0x7fff,0x7fff,0x7fff,0x7fff,
  0x7fff,0x7fff,0x7fff,0x7fff,0x7fff,0x7fff,0x7fff,0x7fff,0x7fff,0x7fff,0x7fff,0x7fff,0x7fff,0x7fff,0x7fff,0x7fff,
  0x7fff,0x7fff,0x7fff,0x7fff,0x7fff,0x7fff,0x7fff,0x7fff,0x7fff,0x7fff,0x7fff,0x7fff,0x7fff,0x7fff,0x7fff,0x7fff,
  0x7fff,0x7fff,0x7fff,0x7fff,0x7fff,0x7fff,0x7fff,0x7fff,0x7fff,0x7fff,0x7fff,0x7fff,0x7fff,0x7fff,0x7fff,0x7fff,
  0x7fff,0x7fff,0x7fff,0x7fff,0x7fff,0x7fff,0x7fff,0x7fff,0x7fff,0x7fff,0x7fff,0x7fff,0x7fff,0x7fff,0x7fff,0x7fff,
  0x7fff,0x7fff,0x7fff,0x7fff,0x7fff,0x7fff,0x7fff,0x7fff,0x7fff,0x7fff,0x7fff,0x7fff,0x7fff,0x7fff,0x7fff,0x7fff,
  0x7fff,0x7fff,0x7fff,0x7fff,0x7fff,0x7fff,0x7fff,0x7fff,0x7fff,0x7fff,0x7fff,0x7fff,0x7fff,0x7fff,0x7fff,0x7fff,
  0x7fff,0x7fff,0x7fff,0x7fff,0x7fff,0x7fff,0x7fff,0x7fff,0x7fff,0x7fff,0x7fff,0x7fff,
};
const u16 sonic_m5_idx[] = {
  0x0000,0x0001,0x0002,0x0000,0x0002,0x0004,0x0004,0x0012,0x0000,0x000a,0x0012,0x0004,0x000b,0x000a,0x0004,0x000a,
  0x000b,0x000c,0x0012,0x000a,0x0052,0x0052,0x0044,0x0012,0x0044,0x0052,0x00ce,0x00ce,0x00d6,0x0044,0x00d0,0x00d6,
  0x00ce,0x00ce,0x00cf,0x00d0,0x00cf,0x00ce,0x00d4,0x00d4,0x00d3,0x00cf,0x00d4,0x00da,0x00d3,0x00d9,0x00da,0x00d4,
  0x00d4,0x0052,0x00d9,0x00ce,0x0052,0x00d4,0x0003,0x0004,0x0002,0x0003,0x0002,0x0001,0x0014,0x0003,0x0001,0x0003,
  0x0014,0x0016,0x0016,0x0015,0x0003,0x0015,0x0016,0x00b3,0x00c3,0x0015,0x00b3,0x0015,0x00c3,0x00c4,0x00c4,0x00c3,
  0x0023,0x00c6,0x0023,0x00c3,0x00c6,0x0024,0x0023,0x0024,0x00c6,0x00c8,0x00c8,0x0022,0x0024,0x0022,0x00c8,0x00c2,
  0x0022,0x00c2,0x00a4,0x0022,0x00a4,0x008f,0x008f,0x0009,0x0022,0x008f,0x0090,0x0009,0x0009,0x0090,0x0008,0x0008,
  0x0006,0x0009,0x0007,0x0006,0x0008,0x0005,0x0006,0x0007,0x0009,0x0006,0x0005,0x0009,0x0005,0x0022,0x0024,0x0022,
  0x0005,0x0005,0x0023,0x0024,0x001f,0x0023,0x0005,0x0023,0x001f,0x001e,0x001d,0x001e,0x001f,0x001d,0x001c,0x001e,
  0x001b,0x001c,0x001d,0x0021,0x001b,0x001d,0x001f,0x0021,0x001d,0x0005,0x0021,0x001f,0x0007,0x0021,0x0005,0x0007,
  0x0019,0x0021,0x0007,0x001a,0x0019,0x0007,0x0020,0x001a,0x0008,0x0020,0x0007,0x008d,0x0020,0x0008,0x008c,0x0020,
  0x008d,0x0020,0x008c,0x0094,0x0094,0x001a,0x0020,0x00e3,0x0094,0x008c,0x008c,0x00df,0x00e3,0x008c,0x00dd,0x00df,
  0x007a,0x00dd,0x008c,0x008c,0x007b,0x007a,0x008d,0x007b,0x008c,0x007b,0x008d,0x00a6,0x00a6,0x0079,0x007b,0x00a6,
  0x00a5,0x0079,0x00a5,0x00a6,0x00a2,0x00a0,0x00a2,0x00a6,0x00a0,0x00a1,0x00a2,0x00a1,0x00a0,0x00a3,0x0034,0x00a3,
  0x00a0,0x0034,0x00a0,0x009c,0x009c,0x009f,0x0034,0x009f,0x009c,0x009e,0x009d,0x009e,0x009c,0x009d,0x009c,0x0099,
  0x009d,0x0099,0x0084,0x009d,0x0084,0x0083,0x00aa,0x009d,0x0083,0x009e,0x009d,0x00aa,0x000d,0x000e,0x000f,0x0010,
  0x000e,0x000d,0x0011,0x0010,0x000d,0x000d,0x0013,0x0011,0x000d,0x000f,0x0013,0x0003,0x0013,0x0004,0x0011,0x0013,
  0x0003,0x0003,0x0015,0x0011,0x0010,0x0011,0x0015,0x0017,0x000b,0x0013,0x0013,0x000b,0x0004,0x0018,0x0019,0x001a,
  0x0021,0x0019,0x0025,0x0026,0x0027,0x0028,0x0029,0x0027,0x0026,0x0026,0x002a,0x0029,0x002b,0x002a,0x0026,0x0026,
  0x002e,0x002b,0x002e,0x0026,0x0028,0x0028,0x002c,0x002e,0x0028,0x0027,0x002c,0x002c,0x0027,0x0029,0x0029,0x002a,
  0x002c,0x002c,0x002a,0x002d,0x002d,0x002e,0x002c,0x002f,0x0030,0x0031,0x0030,0x002f,0x0062,0x0030,0x0062,0x005e,
  0x005e,0x0063,0x0030,0x005e,0x0043,0x0063,0x0043,0x005e,0x004a,0x0043,0x004a,0x0000,0x0000,0x0012,0x0043,0x0043,
  0x0012,0x0044,0x0044,0x006a,0x0043,0x0070,0x006a,0x0044,0x006a,0x0070,0x006b,0x006a,0x006b,0x0069,0x006a,0x0069,
  0x0068,0x0068,0x0043,0x006a,0x0068,0x0063,0x0043,0x0068,0x0064,0x0063,0x0064,0x0068,0x0069,0x0064,0x0065,0x0063,
  0x0066,0x0063,0x0065,0x0063,0x0066,0x0030,0x0066,0x0031,0x0030,0x0032,0x0033,0x0034,0x009f,0x0032,0x0034,0x0034,
  0x0033,0x00a3,0x0035,0x0036,0x0037,0x0035,0x0037,0x0038,0x0038,0x0037,0x0060,0x0038,0x0060,0x006f,0x006f,0x0060,
  0x0061,0x005e,0x0061,0x0060,0x005b,0x005e,0x0060,0x005e,0x005b,0x004a,0x005b,0x005c,0x004a,0x005c,0x005b,0x005a,
  0x005c,0x005a,0x005d,0x004d,0x005d,0x005a,0x005d,0x004d,0x005f,0x0078,0x005d,0x005f,0x0078,0x0067,0x005d,0x00c2,
  0x0067,0x0078,0x0067,0x00c2,0x0014,0x0049,0x0067,0x0014,0x0014,0x0001,0x0049,0x0001,0x004a,0x0049,0x0000,0x004a,
  0x0001,0x0039,0x0035,0x003a,0x003a,0x003c,0x0039,0x003b,0x003c,0x003a,0x003c,0x003b,0x003d,0x003d,0x0050,0x003c,
  0x0051,0x0050,0x003d,0x003d,0x0055,0x0051,0x0055,0x003d,0x003b,0x0053,0x0051,0x0055,0x0051,0x0053,0x0054,0x0054,
  0x0058,0x0051,0x0057,0x0058,0x0054,0x0095,0x0058,0x0057,0x0093,0x0058,0x0095,0x0095,0x0096,0x0093,0x0097,0x0093,
  0x0096,0x0093,0x0097,0x0087,0x0087,0x0092,0x0093,0x007d,0x0092,0x0087,0x0087,0x0086,0x007d,0x0086,0x0087,0x0097,
  0x0085,0x007d,0x0086,0x007e,0x007d,0x0085,0x007c,0x007d,0x007e,0x007d,0x007c,0x007f,0x0092,0x007d,0x007f,0x0092,
  0x007f,0x004c,0x0092,0x004c,0x004f,0x004f,0x0093,0x0092,0x004f,0x0059,0x0093,0x0050,0x0059,0x004f,0x004f,0x004c,
  0x0050,0x004c,0x004e,0x0050,0x004c,0x004d,0x004e,0x004d,0x004c,0x005f,0x005f,0x004c,0x0091,0x005f,0x0091,0x009a,
  0x005f,0x009a,0x0078,0x009a,0x00a4,0x0078,0x009a,0x008f,0x00a4,0x009a,0x0081,0x0099,0x009a,0x0099,0x009b,0x0090,
  0x009b,0x0099,0x0090,0x0099,0x009c,0x0090,0x009c,0x008d,0x0008,0x0090,0x008d,0x008d,0x00a0,0x00a6,0x00a0,0x008d,
  0x009c,0x003e,0x003f,0x0040,0x003f,0x003e,0x0045,0x003f,0x0045,0x0046,0x003f,0x0046,0x0041,0x003f,0x0041,0x0042,
  0x00d7,0x003f,0x0042,0x003f,0x00d7,0x00d8,0x003f,0x00d8,0x0040,0x0041,0x0047,0x0048,0x0056,0x0041,0x0048,0x0042,
  0x0041,0x0056,0x0047,0x0041,0x0046,0x0046,0x008b,0x0047,0x008b,0x0046,0x0045,0x008b,0x0045,0x0089,0x008a,0x008b,
  0x0089,0x0098,0x008b,0x008a,0x008e,0x008b,0x0098,0x008e,0x0047,0x008b,0x004b,0x0036,0x0039,0x005a,0x0036,0x004b,
  0x0036,0x005a,0x005b,0x0036,0x005b,0x0037,0x0037,0x005b,0x0060,0x004d,0x004b,0x004e,0x004b,0x004d,0x005a,0x004e,
  0x004b,0x003c,0x004e,0x003c,0x0050,0x0039,0x003c,0x004b,0x0036,0x0035,0x0039,0x0059,0x0051,0x0058,0x0050,0x0051,
  0x0059,0x0058,0x0093,0x0059,0x0061,0x005e,0x0062,0x0069,0x006b,0x006c,0x006b,0x006d,0x006e,0x006b,0x0070,0x006d,
  0x0044,0x00db,0x0070,0x00d6,0x00db,0x0044,0x00db,0x00d6,0x00d2,0x00d2,0x00d6,0x00d0,0x00cf,0x00d2,0x00d0,0x00d1,
  0x00d2,0x00cf,0x00d1,0x00cf,0x00d3,0x00d3,0x00d5,0x00d1,0x00dc,0x00d1,0x00d5,0x0071,0x0072,0x0073,0x0073,0x0072,
  0x0074,0x0075,0x0076,0x0077,0x0067,0x0049,0x005d,0x0079,0x007a,0x007b,0x00a9,0x007a,0x0079,0x00a8,0x00a9,0x0079,
  0x00a7,0x0079,0x00a5,0x007c,0x0080,0x0081,0x007e,0x0080,0x007c,0x007e,0x0082,0x0080,0x0085,0x0082,0x007e,0x0083,
  0x0080,0x0082,0x0083,0x0084,0x0080,0x0084,0x0081,0x0080,0x0084,0x0099,0x0081,0x0081,0x0091,0x007c,0x0081,0x009a,
  0x0091,0x007f,0x0091,0x004c,0x007f,0x007c,0x0091,0x0088,0x0089,0x003e,0x0088,0x00e1,0x0089,0x00e1,0x00e2,0x0089,
  0x008a,0x0089,0x00e2,0x0045,0x003e,0x0089,0x00ab,0x00ac,0x00ad,0x00ae,0x00ac,0x00ab,0x00af,0x00b0,0x00b1,0x00b2,
  0x00b3,0x00b4,0x00c3,0x00b3,0x00b2,0x00b2,0x00c6,0x00c3,0x00b4,0x00c6,0x00b2,0x00c6,0x00b4,0x00c8,0x00b9,0x00c8,
  0x00b4,0x00b4,0x00b8,0x00b9,0x00b8,0x00b4,0x00b3,0x00b8,0x00b3,0x0016,0x0016,0x0014,0x00b8,0x00c2,0x00b8,0x0014,
  0x00b8,0x00c2,0x00b9,0x00b9,0x00c2,0x00c8,0x0078,0x00a4,0x00c2,0x00b5,0x00b6,0x00b7,0x00bc,0x00b5,0x00b7,0x00b5,
  0x00bc,0x00bd,0x00bd,0x00ca,0x00b5,0x00ca,0x00bd,0x00cc,0x00c7,0x00ca,0x00cc,0x00c7,0x00b5,0x00ca,0x00c7,0x00b6,
  0x00b5,0x00b6,0x00c7,0x00bb,0x00bb,0x00b7,0x00b6,0x00ba,0x00b7,0x00bb,0x00ba,0x00c5,0x00b7,0x00b7,0x00c5,0x00bf,
  0x00bf,0x00c1,0x00b7,0x00c1,0x00bf,0x00be,0x00bd,0x00c1,0x00be,0x00c1,0x00bd,0x00bc,0x00c1,0x00bc,0x00b7,0x00be,
  0x00bf,0x00c0,0x00c0,0x00cb,0x00be,0x00be,0x00cb,0x00cc,0x00be,0x00cc,0x00bd,0x00c7,0x00cc,0x00cb,0x00cb,0x00cd,
  0x00c7,0x00c7,0x00cd,0x00c9,0x00bb,0x00c7,0x00c9,0x00de,0x00df,0x00e0,0x00e3,0x00df,0x00de,0x00de,0x00e4,0x00e3,
  0x00de,0x00e0,0x00e4,0x00e4,0x00e0,0x00e5,0x00e6,0x00e4,0x00e5,0x00e4,0x00e6,0x00e7,0x00e7,0x00e3,0x00e4,0x00e7,
  0x0094,0x00e3,0x00ea,0x0094,0x00e7,0x00e7,0x00e9,0x00ea,0x00e6,0x00e9,0x00e7,0x00e5,0x00e8,0x00e6,0x00e8,0x00e5,
  0x00eb,0x00e0,0x00df,0x00dd,
};
const u16 sonic_m6_vtx[] = {
  0xff2a,0x0194,0x03d4,0x0000,0x016c,0x03e6,0xffbd,0x01b9,0x03fc,0xff6e,0x0121,0x038e,0x0000,0x006a,0x02cb,0x0092,
  0x0121,0x038e,0x00d6,0x0194,0x03d4,0x0043,0x01b9,0x03fc,0xfe8c,0x00cb,0x02df,0xfe68,0x01cc,0x0352,0xfd68,0x01b3,
  0x02be,0xfd1d,0x018a,0x024f,0xfdac,0x00e4,0x0237,0xfd08,0x011a,0x0169,0xfe24,0x006c,0x01bd,0xff29,0x0082,0x02cb,
  0xfee4,0x001f,0x01a2,0x0000,0xfffb,0x01bc,0x0174,0x00cb,0x02df,0x0198,0x01cc,0x0352,0x0298,0x01b3,0x02be,0x02e3,
  0x018a,0x024f,0x0254,0x00e4,0x0237,0x02f8,0x011a,0x0169,0x01dc,0x006c,0x01bd,0x02cc,0x00e7,0x008f,0x01c6,0x0044,
  0x008d,0x011c,0x001f,0x01a2,0x00d7,0x0082,0x02cb,0x0000,0x0018,0x0081,0xff0d,0x0020,0x0082,0xfe3a,0x0044,0x008d,
  0xfd34,0x00e7,0x008f,0x0000,0x0018,0x0081,0x00f3,0x0020,0x0082,0xfdd9,0x01e8,0x02fc,0xfd50,0x020a,0x02a6,0xfcee,
  0x0202,0x0232,0xfcb6,0x01c8,0x017f,0xfcbf,0x0154,0x00e6,0x02b0,0x020a,0x02a6,0x0312,0x0202,0x0232,0x0227,0x01e8,
  0x02fc,0x034a,0x01c8,0x017f,0x0341,0x0154,0x00e6,0xff44,0x01d9,0x03ad,0x0000,0x01e8,0x03ee,0x00bc,0x01d9,0x03ad,
  0x0000,0x020c,0x03e6,0x0000,0x020c,0x03e6,
};
const u16 sonic_m6_uv[] = {
  0x0215,0x0434,0x0266,0x043a,0x0240,0x043e,0x0222,0x03f9,0x0267,0x0372,0x02ae,0x03f8,0x02d8,0x0431,0x0297,0x043d,
  0x0198,0x03c4,0x01ae,0x046f,0x0142,0x0481,0x010e,0x047a,0x0120,0x03f2,0x00b1,0x0432,0x010e,0x037d,0x01e7,0x037a,
  0x013b,0x030b,0x026e,0x02d3,0x0339,0x03c4,0x0323,0x046f,0x0390,0x0481,0x03c3,0x047a,0x03b1,0x03f2,0x0421,0x0432,
  0x03c4,0x037d,0x048e,0x03ec,0x044f,0x0346,0x0399,0x030b,0x02ed,0x037a,0x0161,0x02e3,0x00ed,0x02fb,0x0083,0x0346,
  0x0043,0x03ec,0x0371,0x02e3,0x03e5,0x02fb,0x017c,0x0492,0x0138,0x04b6,0x00f9,0x04ba,0x00b9,0x04aa,0x0077,0x0468,
  0x0399,0x04b6,0x03d9,0x04ba,0x0358,0x0492,0x0418,0x04aa,0x045a,0x0468,0x021f,0x0457,0x026b,0x0458,0x02b4,0x0458,
  0x025c,0x046b,0x0279,0x046b,
};
const u16 sonic_m6_col[] = {
  0x7fff,0x7fff,0x7fff,0x7fff,0x7fff,0x7fff,0x7fff,0x7fff,0x7fff,0x7fff,0x7fff,0x7fff,0x7fff,0x7fff,0x7fff,0x7fff,
  0x7fff,0x7fff,0x7fff,0x7fff,0x7fff,0x7fff,0x7fff,0x7fff,0x7fff,0x7fff,0x7fff,0x7fff,0x7fff,0x7fff,0x7fff,0x7fff,
  0x7fff,0x7fff,0x7fff,0x7fff,0x7fff,0x7fff,0x7fff,0x7fff,0x7fff,0x7fff,0x7fff,0x7fff,0x7fff,0x7fff,0x7fff,0x7fff,
  0x7fff,0x7fff,
};
const u16 sonic_m6_idx[] = {
  0x0000,0x0001,0x0002,0x0003,0x0001,0x0000,0x0004,0x0001,0x0003,0x0005,0x0001,0x0004,0x0006,0x0001,0x0005,0x0007,
  0x0001,0x0006,0x002e,0x0007,0x0006,0x002e,0x0006,0x002f,0x002f,0x0031,0x002e,0x0013,0x002f,0x0006,0x0012,0x0013,
  0x0006,0x0012,0x0006,0x0005,0x0012,0x0005,0x001c,0x0018,0x0012,0x001c,0x0018,0x001c,0x001b,0x0018,0x001b,0x001a,
  0x0019,0x0018,0x001a,0x0017,0x0018,0x0019,0x0017,0x0016,0x0018,0x0016,0x0017,0x0015,0x0012,0x0016,0x0015,0x0012,
  0x0015,0x0014,0x0012,0x0014,0x0013,0x002a,0x0013,0x0014,0x002a,0x0014,0x0028,0x0028,0x0014,0x0015,0x0028,0x0015,
  0x0029,0x0015,0x002b,0x0029,0x0017,0x002b,0x0015,0x002b,0x0017,0x002c,0x0017,0x0019,0x002c,0x0003,0x0000,0x0008,
  0x000f,0x0003,0x0008,0x000f,0x0008,0x000e,0x0010,0x000f,0x000e,0x0011,0x000f,0x0010,0x0004,0x000f,0x0011,0x000f,
  0x0004,0x0003,0x0011,0x001c,0x0004,0x001b,0x001c,0x0011,0x001b,0x0011,0x0021,0x0022,0x001b,0x0021,0x001a,0x001b,
  0x0022,0x0000,0x0009,0x0008,0x0000,0x002d,0x0009,0x002d,0x0000,0x0002,0x002d,0x0002,0x002e,0x002e,0x0030,0x002d,
  0x0009,0x000a,0x0008,0x000a,0x0009,0x0023,0x000a,0x0023,0x0024,0x0025,0x000a,0x0024,0x0025,0x000b,0x000a,0x0025,
  0x0026,0x000b,0x000b,0x0026,0x000d,0x000b,0x000d,0x000c,0x000b,0x000c,0x0008,0x000a,0x000b,0x0008,0x000e,0x0008,
  0x000c,0x000e,0x000c,0x000d,0x0020,0x000e,0x000d,0x001f,0x000e,0x0020,0x001f,0x0010,0x000e,0x001e,0x0010,0x001f,
  0x001d,0x0010,0x001e,0x001d,0x0011,0x0010,0x0005,0x0004,0x001c,0x0016,0x0012,0x0018,0x0027,0x000d,0x0026,0x0027,
  0x0020,0x000d,
};
const u16 sonic_m7_vtx[] = {
  0xfd23,0x0279,0x0293,0xfd50,0x020a,0x02a6,0xfd95,0x0264,0x02f8,0xfdd9,0x01e8,0x02fc,0xfe68,0x01cc,0x0352,0xfe62,
  0x027d,0x0387,0xff44,0x01d9,0x03ad,0xff2e,0x0295,0x03e5,0xfe49,0x036f,0x03bb,0xff20,0x0380,0x040a,0xfd62,0x0354,
  0x0311,0xfcce,0x0346,0x0271,0xfd58,0x04b4,0x0323,0xfd59,0x0406,0x0321,0xfe3e,0x0420,0x03c6,0xfe3a,0x04cc,0x03c1,
  0xfca5,0x03f6,0x0263,0xfca7,0x04a3,0x0264,0xfd65,0x0560,0x031a,0xfcbd,0x0555,0x026b,0xfd2c,0x05cb,0x02cb,0xfdb6,
  0x05f4,0x033a,0xfe35,0x05c7,0x038e,0xfee0,0x04d6,0x03f6,0xfea9,0x0543,0x03d3,0xff1a,0x042d,0x040f,0xffa1,0x0375,
  0x041a,0x0000,0x029c,0x0401,0x0000,0x0363,0x0420,0x0000,0x020c,0x03e6,0x005f,0x0375,0x041a,0x00d2,0x0295,0x03e5,
  0x00e0,0x0380,0x040a,0x0227,0x01e8,0x02fc,0x02b0,0x020a,0x02a6,0x026b,0x0264,0x02f8,0x01cb,0x05c7,0x038e,0x01c6,
  0x04cc,0x03c1,0x02a8,0x04b4,0x0323,0x029b,0x0560,0x031a,0x01c2,0x0420,0x03c6,0x01b7,0x036f,0x03bb,0x029e,0x0354,
  0x0311,0x02a7,0x0406,0x0321,0x00e6,0x042d,0x040f,0x019e,0x027d,0x0387,0x0198,0x01cc,0x0352,0x0359,0x04a3,0x0264,
  0x0343,0x0555,0x026b,0x02d4,0x05cb,0x02cb,0x024a,0x05f4,0x033a,0x0332,0x0346,0x0271,0x035b,0x03f6,0x0263,0x00bc,
  0x01d9,0x03ad,0x02da,0x0272,0x028f,0x0120,0x04d6,0x03f6,0x0157,0x0543,0x03d3,
};
const u16 sonic_m7_uv[] = {
  0x0a9d,0x0d00,0x0a81,0x0ccb,0x0a56,0x0cfe,0x0a2b,0x0cbe,0x09d1,0x0cb3,0x09d5,0x0d12,0x0946,0x0cbf,0x0954,0x0d22,
  0x09e4,0x0d91,0x095c,0x0d9e,0x0a76,0x0d7b,0x0ad4,0x0d6c,0x0a7c,0x0e32,0x0a7c,0x0dd8,0x09ec,0x0ded,0x09ee,0x0e46,
  0x0aee,0x0dc6,0x0aed,0x0e20,0x0a75,0x0e8a,0x0ade,0x0e7c,0x0a99,0x0ebe,0x0a41,0x0ed9,0x09f1,0x0ec5,0x0985,0x0e4e,
  0x09a8,0x0e85,0x0961,0x0df8,0x090b,0x0d99,0x08cf,0x0d27,0x08ce,0x0d91,0x08cf,0x0cdc,0x090b,0x0d99,0x0954,0x0d22,
  0x095c,0x0d9e,0x0a2b,0x0cbe,0x0a81,0x0ccb,0x0a56,0x0cfe,0x09f1,0x0ec5,0x09ee,0x0e46,0x0a7c,0x0e32,0x0a75,0x0e8a,
  0x09ec,0x0ded,0x09e4,0x0d91,0x0a76,0x0d7b,0x0a7c,0x0dd8,0x0961,0x0df8,0x09d5,0x0d12,0x09d1,0x0cb3,0x0aed,0x0e20,
  0x0ade,0x0e7c,0x0a99,0x0ebe,0x0a41,0x0ed9,0x0ad4,0x0d6c,0x0aee,0x0dc6,0x0946,0x0cbf,0x0a9d,0x0d00,0x0985,0x0e4e,
  0x09a8,0x0e85,
};
const u16 sonic_m7_col[] = {
  0x7fff,0x7fff,0x7fff,0x7fff,0x7fff,0x7fff,0x7fff,0x7fff,0x7fff,0x7fff,0x7fff,0x7fff,0x7fff,0x7fff,0x7fff,0x7fff,
  0x7fff,0x7fff,0x7fff,0x7fff,0x7fff,0x7fff,0x7fff,0x7fff,0x7fff,0x7fff,0x7fff,0x7fff,0x7fff,0x7fff,0x7fff,0x7fff,
  0x7fff,0x7fff,0x7fff,0x7fff,0x7fff,0x7fff,0x7fff,0x7fff,0x7fff,0x7fff,0x7fff,0x7fff,0x7fff,0x7fff,0x7fff,0x7fff,
  0x7fff,0x7fff,0x7fff,0x7fff,0x7fff,0x7fff,0x7fff,0x7fff,0x7fff,
};
const u16 sonic_m7_idx[] = {
  0x0000,0x0001,0x0002,0x000a,0x0000,0x0002,0x000a,0x0002,0x0005,0x000a,0x0005,0x0008,0x000d,0x000a,0x0008,0x000d,
  0x0008,0x000e,0x000c,0x000d,0x000e,0x000c,0x000e,0x000f,0x0012,0x000c,0x000f,0x000c,0x0012,0x0013,0x000c,0x0013,
  0x0011,0x0010,0x000c,0x0011,0x0010,0x000d,0x000c,0x000a,0x000d,0x0010,0x000a,0x0010,0x000b,0x000a,0x000b,0x0000,
  0x0002,0x0001,0x0003,0x0002,0x0003,0x0004,0x0002,0x0004,0x0005,0x0005,0x0004,0x0006,0x0005,0x0006,0x0007,0x0008,
  0x0005,0x0007,0x0008,0x0007,0x0009,0x000e,0x0008,0x0009,0x000e,0x0009,0x0019,0x000f,0x000e,0x0019,0x000f,0x0019,
  0x0017,0x0016,0x000f,0x0017,0x0012,0x000f,0x0016,0x0015,0x0012,0x0016,0x0012,0x0015,0x0014,0x0012,0x0014,0x0013,
  0x0016,0x0017,0x0018,0x0009,0x001a,0x0019,0x0009,0x001c,0x001a,0x0009,0x001b,0x001c,0x0009,0x0007,0x001b,0x0007,
  0x001d,0x001b,0x0007,0x0006,0x001d,0x001b,0x001d,0x0035,0x001b,0x0035,0x001f,0x001e,0x001b,0x001f,0x001e,0x001c,
  0x001b,0x001e,0x001f,0x0020,0x002c,0x001e,0x0020,0x002c,0x0020,0x0029,0x002c,0x0029,0x0028,0x0037,0x002c,0x0028,
  0x0037,0x0028,0x0025,0x0038,0x0037,0x0025,0x0038,0x0025,0x0024,0x0024,0x0025,0x0026,0x0024,0x0026,0x0027,0x0024,
  0x0027,0x0032,0x0031,0x0032,0x0027,0x0030,0x0031,0x0027,0x002f,0x0030,0x0027,0x002f,0x0027,0x0026,0x002f,0x0026,
  0x002b,0x002f,0x002b,0x0034,0x0033,0x0034,0x002b,0x0033,0x002b,0x002a,0x0036,0x0033,0x002a,0x0023,0x0036,0x002a,
  0x0029,0x0023,0x002a,0x0028,0x0029,0x002a,0x0028,0x002a,0x002b,0x0025,0x0028,0x002b,0x0025,0x002b,0x0026,0x0021,
  0x0022,0x0023,0x002d,0x0021,0x0023,0x002d,0x002e,0x0021,0x001f,0x002e,0x002d,0x0020,0x001f,0x002d,0x0020,0x002d,
  0x0029,0x0029,0x002d,0x0023,0x0023,0x0022,0x0036,0x001f,0x0035,0x002e,
};
const u16 sonic_m8_vtx[] = {
  0xfb80,0x1044,0xfed8,0xfc6d,0x1225,0xff35,0xfb88,0x10ff,0xfdd4,0xfcbb,0x1235,0xfbb4,0xfb26,0x1006,0xfc95,0x0345,
  0x1235,0xfbb4,0x046b,0x1114,0xfdb1,0x04d9,0x1006,0xfc95,0x0480,0x1044,0xfed8,0x0393,0x1225,0xff35,0xfbae,0x0e69,
  0xfc31,0xfb22,0x0e88,0xfb4e,0xfe01,0x0e6d,0xfbe6,0xfd1a,0x0ee0,0xfa0a,0xfb22,0x0e88,0xfb4e,0xfb02,0x0da4,0xf863,
  0xfe01,0x0e6d,0xfbe6,0xfdf6,0x1056,0xfad2,0xfbd5,0x0e99,0xfdf9,0xfbfc,0x10c4,0xfa56,0xfd67,0x133a,0xff87,0xfe6a,
  0x1180,0xfc25,0xfdaa,0x12d7,0xfd46,0xfb02,0x0da4,0xf863,0x04fe,0x0da4,0xf863,0x04de,0x0e88,0xfb4e,0x02e6,0x0ee0,
  0xfa0a,0x01ff,0x0e6d,0xfbe6,0x020a,0x1056,0xfad2,0x0452,0x0e69,0xfc31,0x04de,0x0e88,0xfb4e,0x042b,0x0e99,0xfdf9,
  0x0404,0x10c4,0xfa56,0x0299,0x133a,0xff87,0x0196,0x1180,0xfc25,0x0256,0x12d7,0xfd46,0x04fe,0x0da4,0xf863,0x0078,
  0x0d3d,0x051b,0x0000,0x0da2,0x05a8,0x0000,0x0cf8,0x052a,0x0000,0x0dc0,0x050c,0x0000,0x0d2e,0x03ee,0x0043,0x0cff,
  0x03fc,0xff88,0x0d3d,0x051b,0xffbd,0x0cff,0x03fc,0x0000,0x0cb3,0x03e6,0xfcce,0x0e8c,0x0271,0xfcab,0x0e4d,0x026c,
  0xfd23,0x0dc0,0x0293,0x0332,0x0e8c,0x0271,0x02da,0x0db8,0x028f,0x0355,0x0e4d,0x026c,0xfdb6,0x113b,0x033a,0xfd6d,
  0x11b2,0x0375,0xfcef,0x1162,0x0301,0xfd2c,0x1111,0x02cb,0xfdf9,0x1187,0x03d1,0xfe35,0x110e,0x038e,0xfea9,0x108a,
  0x03d3,0xfe69,0x10b8,0x0460,0xff07,0x0f35,0x049e,0x0000,0x0e2e,0xfc66,0xfee2,0x0b74,0xfd9b,0xfee5,0x0ded,0xfc37,
  0xff18,0x0b63,0xfec3,0xfcbc,0x0b64,0xfe9b,0xfbc6,0x0ee8,0x001e,0xfbfc,0x0ce4,0xfe98,0x0000,0x0b63,0xfda1,0x0000,
  0x0b4a,0xfebf,0x0000,0x0b5e,0x0081,0xff0d,0x0b66,0x0082,0xfb80,0x1450,0x0174,0xfbd1,0x10f3,0x00d7,0xfe36,0x11cb,
  0x035f,0x0000,0x123e,0x037d,0xff11,0x1229,0x036f,0xfedf,0x1160,0x03db,0x0000,0x0f1d,0x0482,0xff4c,0x0f6a,0x0476,
  0xff61,0x0e57,0x0490,0xfbc4,0x0ded,0xfca6,0xff27,0x0e9e,0x0403,0xff85,0x0df0,0x03c3,0xfee0,0x0f8c,0x0409,0xfe3a,
  0x0b8a,0x008d,0x0000,0x0db3,0x03fd,0x0000,0x0dfa,0x045d,0xfd75,0x11e2,0x02ee,0xfcc4,0x1168,0x0282,0xfd66,0x1239,
  0x0105,0xfdcd,0x1281,0x027b,0xfc17,0x0fad,0x0219,0x0000,0x12fc,0x02c2,0xfc94,0x1088,0x0287,0xfca7,0x0fe9,0x0264,
  0xfca5,0x0f3c,0x0263,0xfc8b,0x0ddc,0x0242,0xfcb6,0x0d0f,0x017f,0xfcee,0x0d48,0x0232,0xfd50,0x0d51,0x02a6,0xfe05,
  0x1395,0x00a5,0xfc05,0x0ddb,0x004a,0xfcbf,0x0c9b,0x00e6,0xfcf7,0x0d52,0xffc7,0xfd49,0x0c66,0x0041,0xfd34,0x0c2e,
  0x008f,0xfe3a,0x0b8a,0x008d,0xfd34,0x0c2e,0x008f,0xfcbd,0x109b,0x026b,0xfcbc,0x0b64,0xfe9b,0xfbd1,0x10f3,0x00d7,
  0xfd66,0x1239,0x0105,0xfb80,0x1450,0x0174,0xfdcd,0x1281,0x027b,0xfbc4,0x0ded,0xfca6,0xfbae,0x0e69,0xfc31,0xfe01,
  0x0e6d,0xfbe6,0x0000,0x13d7,0x01ab,0x02b7,0x0c66,0x0041,0x0344,0x0b64,0xfe9b,0x0309,0x0d52,0xffc7,0x01ca,0x11cb,
  0x035f,0x0197,0x10b8,0x0460,0x0207,0x1187,0x03d1,0x0121,0x1160,0x03db,0x0293,0x11b2,0x0375,0x028b,0x11e2,0x02ee,
  0x024a,0x113b,0x033a,0x02d4,0x1111,0x02cb,0x0311,0x1162,0x0301,0x01cb,0x110e,0x038e,0x0157,0x108a,0x03d3,0x00f9,
  0x0f35,0x049e,0x011b,0x0ded,0xfc37,0x011e,0x0b74,0xfd9b,0x01ff,0x0e6d,0xfbe6,0x0344,0x0b64,0xfe9b,0x00e8,0x0b63,
  0xfec3,0x0404,0x0ce4,0xfe98,0x043a,0x0ee8,0x001e,0x00f3,0x0b66,0x0082,0x0480,0x1450,0x0174,0x042f,0x10f3,0x00d7,
  0x00ef,0x1229,0x036f,0x00b4,0x0f6a,0x0476,0x009f,0x0e57,0x0490,0x043c,0x0ded,0xfca6,0x007b,0x0df0,0x03c3,0x00d9,
  0x0e9e,0x0403,0x0120,0x0f8c,0x0409,0x01c6,0x0b8a,0x008d,0x033c,0x1168,0x0282,0x0233,0x1281,0x027b,0x029a,0x1239,
  0x0105,0x03e9,0x0fad,0x0219,0x036c,0x1088,0x0287,0x0359,0x0fe9,0x0264,0x035b,0x0f3c,0x0263,0x0375,0x0ddc,0x0242,
  0x0312,0x0d48,0x0232,0x034a,0x0d0f,0x017f,0x02b0,0x0d51,0x02a6,0x01fb,0x1395,0x00a5,0x0341,0x0c9b,0x00e6,0x03fb,
  0x0ddb,0x004a,0x02cc,0x0c2e,0x008f,0x02cc,0x0c2e,0x008f,0x01c6,0x0b8a,0x008d,0x0343,0x109b,0x026b,0x0480,0x1450,
  0x0174,0x029a,0x1239,0x0105,0x042f,0x10f3,0x00d7,0x0233,0x1281,0x027b,0x01ff,0x0e6d,0xfbe6,0x0452,0x0e69,0xfc31,
  0x043c,0x0ded,0xfca6,0x0000,0x1354,0xf848,0xfe8c,0x137d,0xfb0a,0x0000,0x14c6,0xfb37,0x0000,0x0db0,0xf85e,0x0000,
  0x0e4b,0xf9fd,0xfeb0,0x0ed9,0xfaa1,0xfe60,0x147a,0xfcbb,0x0000,0x1509,0xfdc3,0xfee5,0x0ded,0xfc37,0x0000,0x0e2e,
  0xfc66,0xff4e,0x0ef0,0xf932,0x0000,0x0f67,0xf8c1,0x0000,0x10ba,0xf9ec,0xfe6a,0x1180,0xfc25,0x0000,0x1197,0xfb36,
  0xfe9e,0x1029,0xfa32,0x0000,0x14be,0xffc6,0x0196,0x1180,0xfc25,0x01ff,0x0e6d,0xfbe6,0x0150,0x0ed9,0xfaa1,0x0000,
  0x1216,0xfa79,0x0000,0x1197,0xfb36,0xfe01,0x0e6d,0xfbe6,0x0174,0x137d,0xfb0a,0x01a0,0x147a,0xfcbb,0x011b,0x0ded,
  0xfc37,0x00b2,0x0ef0,0xf932,0x0162,0x1029,0xfa32,0xfb62,0x0cfb,0xfc03,0xfcf3,0x0bd2,0xfa89,0xfb63,0x0bb8,0xfb34,
  0xfd61,0x0a50,0xfb06,0xfbaa,0x0971,0xfaef,0xfe92,0x0b50,0xfbd6,0xfe14,0x0dca,0xfbf1,0xfbdf,0x0ad2,0xfcbe,0xfb5d,
  0x0bc9,0xfc8e,0xfbdf,0x0ad2,0xfcbe,0xfe92,0x0b50,0xfbd6,0xfe01,0x0e6d,0xfbe6,0xfee5,0x0ded,0xfc37,0xfbdf,0x0ad2,
  0xfcbe,0xfbaa,0x0971,0xfaef,0x0421,0x0ad2,0xfcbe,0x049d,0x0bb8,0xfb34,0x04a3,0x0bc9,0xfc8e,0x0456,0x0971,0xfaef,
  0x016e,0x0b50,0xfbd6,0x0421,0x0ad2,0xfcbe,0x049e,0x0cfb,0xfc03,0x030d,0x0bd2,0xfa89,0x029f,0x0a50,0xfb06,0x016e,
  0x0b50,0xfbd6,0x01ec,0x0dca,0xfbf1,0x0421,0x0ad2,0xfcbe,0x011b,0x0ded,0xfc37,0x01ff,0x0e6d,0xfbe6,0x0456,0x0971,
  0xfaef,
};
const u16 sonic_m8_uv[] = {
  0x022b,0x0ccf,0x0184,0x0d64,0x0257,0x0d1d,0x02a1,0x0d9d,0x02b6,0x0d52,0x02a1,0x0d9d,0x025d,0x0d25,0x02b6,0x0d52,
  0x022b,0x0ccf,0x0184,0x0d64,0x0430,0x0cac,0x0422,0x0d3c,0x0453,0x0cf2,0x03ad,0x0eab,0x03c3,0x0ef1,0x04f4,0x0f41,
  0x02df,0x0eb3,0x02f0,0x0e53,0x0273,0x0c61,0x0399,0x0e27,0x0150,0x0d89,0x0244,0x0e66,0x01e9,0x0e01,0x04f4,0x0f3f,
  0x04f4,0x0f41,0x03c3,0x0ef1,0x03ad,0x0eab,0x02df,0x0eb3,0x02f0,0x0e53,0x0430,0x0cac,0x0422,0x0d3c,0x0273,0x0c61,
  0x0399,0x0e27,0x0150,0x0d89,0x0244,0x0e66,0x01e9,0x0e01,0x04f4,0x0f3f,0x0554,0x0df0,0x057d,0x0dff,0x0568,0x0de0,
  0x056c,0x0de7,0x0546,0x0dae,0x0539,0x0db6,0x057e,0x0dd3,0x0551,0x0da6,0x0540,0x0da6,0x00f5,0x0c2b,0x00ff,0x0c1e,
  0x00ec,0x0c08,0x00f5,0x0c2b,0x00ec,0x0c05,0x00ff,0x0c1e,0x00c5,0x0cda,0x00d2,0x0cf7,0x00f5,0x0ce5,0x00e9,0x0cce,
  0x00a4,0x0cee,0x00a5,0x0cd5,0x0089,0x0cbd,0x008e,0x0cd5,0x0066,0x0ca8,0x0135,0x0af3,0x00e3,0x0a8c,0x00e4,0x0aff,
  0x00f3,0x0a37,0x0046,0x0a42,0x01ca,0x0c35,0x0267,0x0ba2,0x0135,0x0a8a,0x0135,0x0a37,0x0135,0x09b7,0x00f0,0x09b7,
  0x0145,0x0d27,0x0174,0x0d0a,0x00af,0x0d0c,0x001d,0x0d2e,0x0073,0x0d28,0x007a,0x0cf1,0x001d,0x0caa,0x0057,0x0cb8,
  0x0054,0x0c6c,0x03dc,0x0c22,0x006b,0x0c76,0x0053,0x0c32,0x007a,0x0ca0,0x00b3,0x09b5,0x001d,0x0c33,0x001d,0x0c3e,
  0x00e5,0x0d07,0x0110,0x0ce7,0x014c,0x0d12,0x011f,0x0d1e,0x012c,0x0c72,0x001d,0x0d61,0x0104,0x0cae,0x00ff,0x0c85,
  0x00fb,0x0c54,0x0113,0x0c0a,0x013b,0x0be7,0x0113,0x0bf4,0x00e8,0x0bf5,0x0104,0x0d7b,0x01b4,0x0be9,0x015a,0x0bbd,
  0x01c1,0x0bb7,0x018d,0x0b7b,0x0167,0x0b82,0x0142,0x0b21,0x0167,0x0b82,0x00f9,0x0cb1,0x0264,0x0b42,0x039b,0x0f07,
  0x0308,0x0f1b,0x0317,0x0fee,0x029d,0x0f2b,0x034d,0x0eee,0x0365,0x0eee,0x02ea,0x0ec2,0x001d,0x0da5,0x018d,0x0b7b,
  0x0264,0x0b42,0x01c1,0x0bb7,0x00af,0x0d0c,0x008e,0x0cd5,0x00a4,0x0cee,0x007a,0x0cf1,0x00d2,0x0cf7,0x00e5,0x0d07,
  0x00c5,0x0cda,0x00e9,0x0cce,0x00f5,0x0ce5,0x00a5,0x0cd5,0x0089,0x0cbd,0x0066,0x0ca8,0x00e4,0x0aff,0x00e3,0x0a8c,
  0x0453,0x0cf2,0x0046,0x0a42,0x00f3,0x0a37,0x0267,0x0ba2,0x01ca,0x0c35,0x00f0,0x09b7,0x0145,0x0d27,0x0174,0x0d0a,
  0x0073,0x0d28,0x0057,0x0cb8,0x0054,0x0c6c,0x03dc,0x0c22,0x0053,0x0c32,0x006b,0x0c76,0x007a,0x0ca0,0x00b3,0x09b5,
  0x0110,0x0ce7,0x011f,0x0d1e,0x014c,0x0d12,0x012c,0x0c72,0x0104,0x0cae,0x00ff,0x0c85,0x00fb,0x0c54,0x0113,0x0c0a,
  0x0113,0x0bf4,0x013b,0x0be7,0x00e8,0x0bf5,0x0104,0x0d7b,0x015a,0x0bbd,0x01b4,0x0be9,0x0167,0x0b82,0x0167,0x0b82,
  0x0142,0x0b21,0x00f9,0x0cb1,0x0317,0x0fee,0x0308,0x0f1b,0x039b,0x0f07,0x029d,0x0f2b,0x02ea,0x0ec2,0x0365,0x0eee,
  0x034d,0x0eee,0x001d,0x0fee,0x0103,0x0f31,0x001d,0x0f27,0x062c,0x0d92,0x0643,0x0c5a,0x05dc,0x0be9,0x0109,0x0eaf,
  0x001d,0x0e89,0x0610,0x0b06,0x062a,0x0b04,0x05d0,0x0cba,0x0594,0x0cdb,0x051b,0x0c2e,0x04ee,0x0b65,0x04ae,0x0b85,
  0x0565,0x0bfe,0x001d,0x0e19,0x04ee,0x0b65,0x05d5,0x0b15,0x05dc,0x0be9,0x01c8,0x0f67,0x02a2,0x0ec9,0x05d5,0x0b15,
  0x0103,0x0f31,0x0109,0x0eaf,0x0610,0x0b06,0x05d0,0x0cba,0x0565,0x0bfe,0x032b,0x0b7c,0x03a2,0x0b2a,0x0336,0x0ae8,
  0x03e2,0x0aa4,0x0279,0x09c4,0x044d,0x0bd4,0x034e,0x0c26,0x042e,0x0ab0,0x02fe,0x0b0f,0x0006,0x0ac7,0x00cc,0x0b0c,
  0x02ff,0x0c58,0x0370,0x0c3c,0x0292,0x0a97,0x02a4,0x09bb,0x0292,0x0a97,0x0336,0x0ae8,0x02fe,0x0b0f,0x0279,0x09c4,
  0x00cc,0x0b0c,0x0006,0x0ac7,0x032b,0x0b7c,0x03a2,0x0b2a,0x03e2,0x0aa4,0x044d,0x0bd4,0x034e,0x0c26,0x042e,0x0ab0,
  0x0370,0x0c3c,0x02ff,0x0c58,0x02a4,0x09bb,
};
const u16 sonic_m8_col[] = {
  0x7fff,0x7fff,0x7fff,0x7fff,0x7fff,0x7fff,0x7fff,0x7fff,0x7fff,0x7fff,0x7fff,0x7fff,0x7fff,0x7fff,0x7fff,0x7fff,
  0x7fff,0x7fff,0x7fff,0x7fff,0x7fff,0x7fff,0x7fff,0x7fff,0x7fff,0x7fff,0x7fff,0x7fff,0x7fff,0x7fff,0x7fff,0x7fff,
  0x7fff,0x7fff,0x7fff,0x7fff,0x7fff,0x7fff,0x7fff,0x7fff,0x7fff,0x7fff,0x7fff,0x7fff,0x7fff,0x7fff,0x7fff,0x7fff,
  0x7fff,0x7fff,0x7fff,0x7fff,0x7fff,0x7fff,0x7fff,0x7fff,0x7fff,0x7fff,0x7fff,0x7fff,0x7fff,0x7fff,0x7fff,0x7fff,
  0x7fff,0x7fff,0x7fff,0x7fff,0x7fff,0x7fff,0x7fff,0x7fff,0x7fff,0x7fff,0x7fff,0x7fff,0x7fff,0x7fff,0x7fff,0x7fff,
  0x7fff,0x7fff,0x7fff,0x7fff,0x7fff,0x7fff,0x7fff,0x7fff,0x7fff,0x7fff,0x7fff,0x7fff,0x7fff,0x7fff,0x7fff,0x7fff,
  0x7fff,0x7fff,0x7fff,0x7fff,0x7fff,0x7fff,0x7fff,0x7fff,0x7fff,0x7fff,0x7fff,0x7fff,0x7fff,0x7fff,0x7fff,0x7fff,
  0x7fff,0x7fff,0x7fff,0x7fff,0x7fff,0x7fff,0x7fff,0x7fff,0x7fff,0x7fff,0x7fff,0x7fff,0x7fff,0x7fff,0x7fff,0x7fff,
  0x7fff,0x7fff,0x7fff,0x7fff,0x7fff,0x7fff,0x7fff,0x7fff,0x7fff,0x7fff,0x7fff,0x7fff,0x7fff,0x7fff,0x7fff,0x7fff,
  0x7fff,0x7fff,0x7fff,0x7fff,0x7fff,0x7fff,0x7fff,0x7fff,0x7fff,0x7fff,0x7fff,0x7fff,0x7fff,0x7fff,0x7fff,0x7fff,
  0x7fff,0x7fff,0x7fff,0x7fff,0x7fff,0x7fff,0x7fff,0x7fff,0x7fff,0x7fff,0x7fff,0x7fff,0x7fff,0x7fff,0x7fff,0x7fff,
  0x7fff,0x7fff,0x7fff,0x7fff,0x7fff,0x7fff,0x7fff,0x7fff,0x7fff,0x7fff,0x7fff,0x7fff,0x7fff,0x7fff,0x7fff,0x7fff,
  0x7fff,0x7fff,0x7fff,0x7fff,0x7fff,0x7fff,0x7fff,0x7fff,0x7fff,0x7fff,0x7fff,0x7fff,0x7fff,0x7fff,0x7fff,0x7fff,
  0x7fff,0x7fff,0x7fff,0x7fff,0x7fff,0x7fff,0x7fff,0x7fff,0x7fff,0x7fff,0x7fff,0x7fff,0x7fff,0x7fff,0x7fff,0x7fff,
  0x7fff,0x7fff,0x7fff,0x7fff,0x7fff,0x7fff,0x7fff,0x7fff,0x7fff,0x7fff,0x7fff,
};
const u16 sonic_m8_idx[] = {
  0x0000,0x0001,0x0002,0x0000,0x0002,0x0004,0x0004,0x0012,0x0000,0x000a,0x0012,0x0004,0x000b,0x000a,0x0004,0x000a,
  0x000b,0x000c,0x0012,0x000a,0x0051,0x0051,0x0043,0x0012,0x0043,0x0051,0x00cd,0x00cd,0x00d5,0x0043,0x00cf,0x00d5,
  0x00cd,0x00cd,0x00ce,0x00cf,0x00ce,0x00cd,0x00d3,0x00d3,0x00d2,0x00ce,0x00d3,0x00d9,0x00d2,0x00d8,0x00d9,0x00d3,
  0x00d3,0x0051,0x00d8,0x00cd,0x0051,0x00d3,0x0003,0x0004,0x0002,0x0003,0x0002,0x0001,0x0014,0x0003,0x0001,0x0003,
  0x0014,0x0016,0x0016,0x0015,0x0003,0x0015,0x0016,0x00b2,0x00c5,0x0015,0x00b2,0x0015,0x00c5,0x00c6,0x00c6,0x00c5,
  0x0022,0x00c8,0x0022,0x00c5,0x00b1,0x00c8,0x00c5,0x00c5,0x00b2,0x00b1,0x00b1,0x00b2,0x00b3,0x00b3,0x00c8,0x00b1,
  0x00c8,0x00b3,0x00c9,0x0023,0x00c8,0x00c9,0x00c8,0x0023,0x0022,0x0005,0x0022,0x0023,0x0023,0x0021,0x0005,0x00c9,
  0x0021,0x0023,0x0021,0x00c9,0x00c1,0x0021,0x00c1,0x00a3,0x0021,0x00a3,0x008e,0x008e,0x0009,0x0021,0x008e,0x008f,
  0x0009,0x0009,0x008f,0x0008,0x0008,0x0006,0x0009,0x0007,0x0006,0x0008,0x0005,0x0006,0x0007,0x0009,0x0006,0x0005,
  0x0009,0x0005,0x0021,0x0007,0x0020,0x0005,0x0007,0x001e,0x0020,0x0007,0x001d,0x001e,0x0007,0x001f,0x001d,0x0008,
  0x001f,0x0007,0x008c,0x001f,0x0008,0x008b,0x001f,0x008c,0x001f,0x008b,0x0093,0x0093,0x001d,0x001f,0x00e2,0x0093,
  0x008b,0x008b,0x00de,0x00e2,0x008b,0x00dc,0x00de,0x0078,0x00dc,0x008b,0x008b,0x0079,0x0078,0x008c,0x0079,0x008b,
  0x0079,0x008c,0x00a5,0x00a5,0x0077,0x0079,0x00a5,0x00a4,0x0077,0x00a4,0x00a5,0x00a1,0x009f,0x00a1,0x00a5,0x009f,
  0x00a0,0x00a1,0x00a0,0x009f,0x00a2,0x0033,0x00a2,0x009f,0x0033,0x009f,0x009b,0x009b,0x009e,0x0033,0x009e,0x009b,
  0x009d,0x009c,0x009d,0x009b,0x009c,0x009b,0x0098,0x009c,0x0098,0x0082,0x009c,0x0082,0x0081,0x00a9,0x009c,0x0081,
  0x009d,0x009c,0x00a9,0x000d,0x000e,0x000f,0x0010,0x000e,0x000d,0x0011,0x0010,0x000d,0x000d,0x0013,0x0011,0x000d,
  0x000f,0x0013,0x0003,0x0013,0x0004,0x0011,0x0013,0x0003,0x0003,0x0015,0x0011,0x0010,0x0011,0x0015,0x0017,0x000b,
  0x0013,0x0013,0x000b,0x0004,0x0018,0x0019,0x001a,0x0020,0x0018,0x001a,0x001c,0x0020,0x001a,0x001a,0x001b,0x001c,
  0x001a,0x0019,0x001b,0x0022,0x001c,0x001b,0x001c,0x0022,0x0005,0x0005,0x0020,0x001c,0x0020,0x001e,0x0024,0x0088,
  0x001e,0x001d,0x0025,0x0026,0x0027,0x0028,0x0026,0x0025,0x0025,0x0029,0x0028,0x002a,0x0029,0x0025,0x0025,0x002d,
  0x002a,0x002d,0x0025,0x0027,0x0027,0x002b,0x002d,0x0027,0x0026,0x002b,0x002b,0x0026,0x0028,0x0028,0x0029,0x002b,
  0x002b,0x0029,0x002c,0x002c,0x002d,0x002b,0x002e,0x002f,0x0030,0x002f,0x002e,0x0060,0x002f,0x0060,0x005c,0x005c,
  0x0061,0x002f,0x005c,0x0042,0x0061,0x0042,0x005c,0x0049,0x0042,0x0049,0x0000,0x0000,0x0012,0x0042,0x0042,0x0012,
  0x0043,0x0043,0x0068,0x0042,0x006e,0x0068,0x0043,0x0068,0x006e,0x0069,0x0068,0x0069,0x0067,0x0068,0x0067,0x0066,
  0x0066,0x0042,0x0068,0x0066,0x0061,0x0042,0x0066,0x0062,0x0061,0x0062,0x0066,0x0067,0x0062,0x0063,0x0061,0x0064,
  0x0061,0x0063,0x0061,0x0064,0x002f,0x0064,0x0030,0x002f,0x0031,0x0032,0x0033,0x009e,0x0031,0x0033,0x0033,0x0032,
  0x00a2,0x0034,0x0035,0x0036,0x0034,0x0036,0x0037,0x0037,0x0036,0x005e,0x0037,0x005e,0x006d,0x006d,0x005e,0x005f,
  0x005c,0x005f,0x005e,0x0059,0x005c,0x005e,0x005c,0x0059,0x0049,0x0059,0x005a,0x0049,0x005a,0x0059,0x0058,0x005a,
  0x0058,0x005b,0x004c,0x005b,0x0058,0x005b,0x004c,0x005d,0x0076,0x005b,0x005d,0x0076,0x0065,0x005b,0x00c1,0x0065,
  0x0076,0x0065,0x00c1,0x0014,0x0048,0x0065,0x0014,0x0014,0x0001,0x0048,0x0001,0x0049,0x0048,0x0000,0x0049,0x0001,
  0x0038,0x0034,0x0039,0x0039,0x003b,0x0038,0x003a,0x003b,0x0039,0x003b,0x003a,0x003c,0x003c,0x004f,0x003b,0x0050,
  0x004f,0x003c,0x003c,0x0054,0x0050,0x0054,0x003c,0x003a,0x0052,0x0050,0x0054,0x0050,0x0052,0x0053,0x0053,0x0056,
  0x0050,0x0057,0x0050,0x0056,0x004f,0x0050,0x0057,0x004f,0x0057,0x004e,0x004e,0x004b,0x004f,0x0091,0x004b,0x004e,
  0x0091,0x007d,0x004b,0x0091,0x007b,0x007d,0x007b,0x0091,0x0085,0x0085,0x0084,0x007b,0x0084,0x0085,0x0096,0x0092,
  0x0096,0x0085,0x0085,0x0091,0x0092,0x004e,0x0092,0x0091,0x004e,0x0057,0x0092,0x0056,0x0092,0x0057,0x0092,0x0056,
  0x0094,0x0094,0x0095,0x0092,0x0096,0x0092,0x0095,0x003d,0x003e,0x003f,0x003e,0x003d,0x0044,0x003e,0x0044,0x0045,
  0x003e,0x0045,0x0040,0x003e,0x0040,0x0041,0x00d6,0x003e,0x0041,0x003e,0x00d6,0x00d7,0x003e,0x00d7,0x003f,0x0040,
  0x0046,0x0047,0x0055,0x0040,0x0047,0x0041,0x0040,0x0055,0x0046,0x0040,0x0045,0x0045,0x008a,0x0046,0x008a,0x0045,
  0x0044,0x008a,0x0044,0x0087,0x0089,0x008a,0x0087,0x0097,0x008a,0x0089,0x008d,0x008a,0x0097,0x008d,0x0046,0x008a,
  0x004a,0x0035,0x0038,0x0058,0x0035,0x004a,0x0035,0x0058,0x0059,0x0035,0x0059,0x0036,0x0036,0x0059,0x005e,0x004b,
  0x004c,0x004d,0x004b,0x004d,0x004f,0x004d,0x003b,0x004f,0x004d,0x004a,0x003b,0x004c,0x004a,0x004d,0x004a,0x004c,
  0x0058,0x0038,0x003b,0x004a,0x0035,0x0034,0x0038,0x004c,0x004b,0x005d,0x005d,0x004b,0x0090,0x005d,0x0090,0x0099,
  0x005d,0x0099,0x0076,0x0099,0x00a3,0x0076,0x0099,0x008e,0x00a3,0x0099,0x007f,0x0098,0x0099,0x0098,0x009a,0x008f,
  0x009a,0x0098,0x008f,0x0098,0x009b,0x008f,0x009b,0x008c,0x0008,0x008f,0x008c,0x008c,0x009f,0x00a5,0x009f,0x008c,
  0x009b,0x005f,0x005c,0x0060,0x0067,0x0069,0x006a,0x0069,0x006b,0x006c,0x0069,0x006e,0x006b,0x0043,0x00da,0x006e,
  0x00d5,0x00da,0x0043,0x00da,0x00d5,0x00d1,0x00d1,0x00d5,0x00cf,0x00ce,0x00d1,0x00cf,0x00d0,0x00d1,0x00ce,0x00d0,
  0x00ce,0x00d2,0x00d2,0x00d4,0x00d0,0x00db,0x00d0,0x00d4,0x006f,0x0070,0x0071,0x0071,0x0070,0x0072,0x0073,0x0074,
  0x0075,0x0065,0x0048,0x005b,0x0077,0x0078,0x0079,0x00a8,0x0078,0x0077,0x00a7,0x00a8,0x0077,0x00a6,0x0077,0x00a4,
  0x007a,0x007b,0x007c,0x007b,0x007a,0x007d,0x007d,0x007a,0x0090,0x007d,0x0090,0x004b,0x007f,0x0090,0x007a,0x007a,
  0x007e,0x007f,0x007c,0x007e,0x007a,0x007c,0x0080,0x007e,0x0083,0x0080,0x007c,0x007c,0x007b,0x0083,0x0083,0x007b,
  0x0084,0x0081,0x0082,0x007e,0x0081,0x007e,0x0080,0x0082,0x007f,0x007e,0x0082,0x0098,0x007f,0x007f,0x0099,0x0090,
  0x0086,0x0087,0x003d,0x0086,0x00e0,0x0087,0x00e0,0x00e1,0x0087,0x0089,0x0087,0x00e1,0x0044,0x003d,0x0087,0x00aa,
  0x00ab,0x00ac,0x00ad,0x00ab,0x00aa,0x00ae,0x00af,0x00b0,0x00b4,0x00b5,0x00b6,0x00bb,0x00b4,0x00b6,0x00b4,0x00bb,
  0x00bc,0x00bc,0x00cb,0x00b4,0x00cb,0x00bc,0x00cc,0x00c4,0x00cb,0x00cc,0x00c4,0x00b4,0x00cb,0x00c4,0x00b5,0x00b4,
  0x00b5,0x00c4,0x00ba,0x00ba,0x00b6,0x00b5,0x00b9,0x00b6,0x00ba,0x00b9,0x00c7,0x00b6,0x00b6,0x00c7,0x00be,0x00be,
  0x00c0,0x00b6,0x00c0,0x00be,0x00bd,0x00bc,0x00c0,0x00bd,0x00c0,0x00bc,0x00bb,0x00c0,0x00bb,0x00b6,0x00b3,0x00b7,
  0x00b8,0x00b7,0x00b3,0x00b2,0x00b7,0x00b2,0x0016,0x0016,0x0014,0x00b7,0x00c1,0x00b7,0x0014,0x00b7,0x00c1,0x00b8,
  0x00b8,0x00c1,0x00c9,0x00b8,0x00c9,0x00b3,0x00bd,0x00be,0x00bf,0x00bf,0x00c2,0x00bd,0x00bd,0x00c2,0x00cc,0x00bd,
  0x00cc,0x00bc,0x00c4,0x00cc,0x00c2,0x00c2,0x00c3,0x00c4,0x00c4,0x00c3,0x00ca,0x00ba,0x00c4,0x00ca,0x0076,0x00a3,
  0x00c1,0x00dd,0x00de,0x00df,0x00e2,0x00de,0x00dd,0x00dd,0x00e3,0x00e2,0x00dd,0x00df,0x00e3,0x00e3,0x00df,0x00e4,
  0x00e5,0x00e3,0x00e4,0x00e3,0x00e5,0x00e6,0x00e6,0x00e2,0x00e3,0x00e6,0x0093,0x00e2,0x00e9,0x0093,0x00e6,0x00e6,
  0x00e8,0x00e9,0x00e5,0x00e8,0x00e6,0x00e4,0x00e7,0x00e5,0x00e7,0x00e4,0x00ea,0x00df,0x00de,0x00dc,
};
const u16 sonic_m9_vtx[] = {
  0xff2a,0x0194,0x03d4,0x0000,0x016c,0x03e6,0xffbd,0x01b9,0x03fc,0xff6e,0x0121,0x038e,0x0000,0x006a,0x02cb,0x0092,
  0x0121,0x038e,0x00d6,0x0194,0x03d4,0x0043,0x01b9,0x03fc,0xfe8c,0x00cb,0x02df,0xfe68,0x01cc,0x0352,0xfd68,0x01b3,
  0x02be,0xfd1d,0x018a,0x024f,0xfdac,0x00e4,0x0237,0xfd08,0x011a,0x0169,0xfe24,0x006c,0x01bd,0xff29,0x0082,0x02cb,
  0xfee4,0x001f,0x01a2,0x0000,0xfffb,0x01bc,0x0174,0x00cb,0x02df,0x0198,0x01cc,0x0352,0x0298,0x01b3,0x02be,0x02e3,
  0x018a,0x024f,0x0254,0x00e4,0x0237,0x02f8,0x011a,0x0169,0x01dc,0x006c,0x01bd,0x02cc,0x00e7,0x008f,0x01c6,0x0044,
  0x008d,0x011c,0x001f,0x01a2,0x00d7,0x0082,0x02cb,0x0000,0x0018,0x0081,0xff0d,0x0020,0x0082,0xfe3a,0x0044,0x008d,
  0xfd34,0x00e7,0x008f,0x0000,0x0018,0x0081,0x00f3,0x0020,0x0082,0xfdd9,0x01e8,0x02fc,0xfd50,0x020a,0x02a6,0xfcee,
  0x0202,0x0232,0xfcb6,0x01c8,0x017f,0xfcbf,0x0154,0x00e6,0x02b0,0x020a,0x02a6,0x0312,0x0202,0x0232,0x0227,0x01e8,
  0x02fc,0x034a,0x01c8,0x017f,0x0341,0x0154,0x00e6,0xff44,0x01d9,0x03ad,0x0000,0x01e8,0x03ee,0x00bc,0x01d9,0x03ad,
  0x0000,0x020c,0x03e6,0x0000,0x020c,0x03e6,
};
const u16 sonic_m9_uv[] = {
  0x021b,0x078c,0x0267,0x0757,0x0240,0x075c,0x0222,0x070e,0x0267,0x065a,0x02a5,0x0717,0x02df,0x0787,0x0297,0x075b,
  0x017a,0x0699,0x01b1,0x07b3,0x0142,0x07cf,0x010f,0x07bc,0x0120,0x0706,0x00b1,0x075c,0x0109,0x0630,0x01e8,0x0664,
  0x01aa,0x05ad,0x0268,0x05b2,0x0363,0x0695,0x0326,0x07af,0x0390,0x07cf,0x03c3,0x07bc,0x03b2,0x0706,0x0421,0x075c,
  0x03b0,0x0630,0x048f,0x06fd,0x044f,0x061e,0x031e,0x05ad,0x02ed,0x0664,0x0161,0x059a,0x00ed,0x05ba,0x0083,0x061e,
  0x0044,0x06fe,0x0371,0x059a,0x03e5,0x05ba,0x017d,0x07ea,0x0139,0x0816,0x00f9,0x0813,0x00ba,0x07fc,0x0078,0x07a4,
  0x0399,0x0816,0x03d9,0x0813,0x0359,0x07eb,0x0419,0x07fc,0x045a,0x07a3,0x0225,0x07ba,0x026b,0x077f,0x02ba,0x07bb,
  0x025d,0x0799,0x0279,0x0799,
};
const u16 sonic_m9_col[] = {
  0x7fff,0x7fff,0x7fff,0x7fff,0x7fff,0x7fff,0x7fff,0x7fff,0x7fff,0x7fff,0x7fff,0x7fff,0x7fff,0x7fff,0x7fff,0x7fff,
  0x7fff,0x7fff,0x7fff,0x7fff,0x7fff,0x7fff,0x7fff,0x7fff,0x7fff,0x7fff,0x7fff,0x7fff,0x7fff,0x7fff,0x7fff,0x7fff,
  0x7fff,0x7fff,0x7fff,0x7fff,0x7fff,0x7fff,0x7fff,0x7fff,0x7fff,0x7fff,0x7fff,0x7fff,0x7fff,0x7fff,0x7fff,0x7fff,
  0x7fff,0x7fff,
};
const u16 sonic_m9_idx[] = {
  0x0000,0x0001,0x0002,0x0003,0x0001,0x0000,0x0004,0x0001,0x0003,0x0005,0x0001,0x0004,0x0006,0x0001,0x0005,0x0007,
  0x0001,0x0006,0x002e,0x0007,0x0006,0x002e,0x0006,0x002f,0x002f,0x0031,0x002e,0x0013,0x002f,0x0006,0x0012,0x0013,
  0x0006,0x0012,0x0006,0x0005,0x0012,0x0005,0x001c,0x0018,0x0012,0x001c,0x0018,0x001c,0x001b,0x0018,0x001b,0x001a,
  0x0019,0x0018,0x001a,0x0017,0x0018,0x0019,0x0017,0x0016,0x0018,0x0016,0x0017,0x0015,0x0012,0x0016,0x0015,0x0012,
  0x0015,0x0014,0x0012,0x0014,0x0013,0x002a,0x0013,0x0014,0x002a,0x0014,0x0028,0x0028,0x0014,0x0015,0x0028,0x0015,
  0x0029,0x0015,0x002b,0x0029,0x0017,0x002b,0x0015,0x002b,0x0017,0x002c,0x0017,0x0019,0x002c,0x0003,0x0000,0x0008,
  0x000f,0x0003,0x0008,0x000f,0x0008,0x000e,0x0010,0x000f,0x000e,0x0011,0x000f,0x0010,0x0004,0x000f,0x0011,0x000f,
  0x0004,0x0003,0x0011,0x001c,0x0004,0x001b,0x001c,0x0011,0x001b,0x0011,0x0021,0x0022,0x001b,0x0021,0x001a,0x001b,
  0x0022,0x0000,0x0009,0x0008,0x0000,0x002d,0x0009,0x002d,0x0000,0x0002,0x002d,0x0002,0x002e,0x002e,0x0030,0x002d,
  0x0009,0x000a,0x0008,0x000a,0x0009,0x0023,0x000a,0x0023,0x0024,0x0025,0x000a,0x0024,0x0025,0x000b,0x000a,0x0025,
  0x0026,0x000b,0x000b,0x0026,0x000d,0x000b,0x000d,0x000c,0x000b,0x000c,0x0008,0x000a,0x000b,0x0008,0x000e,0x0008,
  0x000c,0x000e,0x000c,0x000d,0x0020,0x000e,0x000d,0x001f,0x000e,0x0020,0x001f,0x0010,0x000e,0x001e,0x0010,0x001f,
  0x001d,0x0010,0x001e,0x001d,0x0011,0x0010,0x0005,0x0004,0x001c,0x0016,0x0012,0x0018,0x0027,0x000d,0x0026,0x0027,
  0x0020,0x000d,
};
const u16 sonic_m10_vtx[] = {
  0xfd23,0x0279,0x0293,0xfd50,0x020a,0x02a6,0xfd95,0x0264,0x02f8,0xfdd9,0x01e8,0x02fc,0xfe68,0x01cc,0x0352,0xfe62,
  0x027d,0x0387,0xff44,0x01d9,0x03ad,0xff85,0x02aa,0x03c3,0xfe49,0x036f,0x03bb,0xff27,0x0357,0x0403,0xfd62,0x0354,
  0x0311,0xfcce,0x0346,0x0271,0xfd58,0x04b4,0x0323,0xfd59,0x0406,0x0321,0xfe3e,0x0420,0x03c6,0xfe3a,0x04cc,0x03c1,
  0xfca5,0x03f6,0x0263,0xfca7,0x04a3,0x0264,0xfd65,0x0560,0x031a,0xfcbd,0x0555,0x026b,0xfd2c,0x05cb,0x02cb,0xfdb6,
  0x05f4,0x033a,0xfe35,0x05c7,0x038e,0xfee0,0x0445,0x0409,0xfea9,0x0543,0x03d3,0x0000,0x020c,0x03e6,0x0000,0x026c,
  0x03fd,0x0227,0x01e8,0x02fc,0x02b0,0x020a,0x02a6,0x026b,0x0264,0x02f8,0x01cb,0x05c7,0x038e,0x01c6,0x04cc,0x03c1,
  0x02a8,0x04b4,0x0323,0x029b,0x0560,0x031a,0x01c2,0x0420,0x03c6,0x01b7,0x036f,0x03bb,0x029e,0x0354,0x0311,0x02a7,
  0x0406,0x0321,0x00d9,0x0357,0x0403,0x019e,0x027d,0x0387,0x0198,0x01cc,0x0352,0x007b,0x02aa,0x03c3,0x0359,0x04a3,
  0x0264,0x0343,0x0555,0x026b,0x02d4,0x05cb,0x02cb,0x024a,0x05f4,0x033a,0x0332,0x0346,0x0271,0x035b,0x03f6,0x0263,
  0x00bc,0x01d9,0x03ad,0x02da,0x0272,0x028f,0x0120,0x0445,0x0409,0x0157,0x0543,0x03d3,
};
const u16 sonic_m10_uv[] = {
  0x0a73,0x099c,0x0a58,0x0967,0x0a2d,0x099a,0x0a01,0x095a,0x09a7,0x094f,0x09ab,0x09ae,0x091c,0x095b,0x08ea,0x09fa,
  0x0981,0x0a44,0x08fb,0x0a5d,0x0a4d,0x0a17,0x0aaa,0x0a08,0x0a53,0x0ace,0x0a52,0x0a74,0x09c2,0x0a89,0x09c4,0x0ae2,
  0x0ac4,0x0a62,0x0ac3,0x0abc,0x0a4b,0x0b27,0x0ab5,0x0b19,0x0a6f,0x0b5a,0x0a17,0x0b75,0x09c8,0x0b62,0x095b,0x0aea,
  0x097e,0x0b21,0x08a5,0x0978,0x08a5,0x09c4,0x0a01,0x095a,0x0a58,0x0967,0x0a2d,0x099a,0x09c8,0x0b62,0x09c4,0x0ae2,
  0x0a53,0x0ace,0x0a4b,0x0b27,0x09c2,0x0a89,0x0981,0x0a44,0x0a4d,0x0a17,0x0a52,0x0a74,0x08fb,0x0a5d,0x09ab,0x09ae,
  0x09a7,0x094f,0x08ea,0x09fa,0x0ac3,0x0abc,0x0ab5,0x0b19,0x0a6f,0x0b5a,0x0a17,0x0b75,0x0aaa,0x0a08,0x0ac4,0x0a62,
  0x091c,0x095b,0x0a73,0x099c,0x095b,0x0aea,0x097e,0x0b21,
};
const u16 sonic_m10_col[] = {
  0x7fff,0x7fff,0x7fff,0x7fff,0x7fff,0x7fff,0x7fff,0x7fff,0x7fff,0x7fff,0x7fff,0x7fff,0x7fff,0x7fff,0x7fff,0x7fff,
  0x7fff,0x7fff,0x7fff,0x7fff,0x7fff,0x7fff,0x7fff,0x7fff,0x7fff,0x7fff,0x7fff,0x7fff,0x7fff,0x7fff,0x7fff,0x7fff,
  0x7fff,0x7fff,0x7fff,0x7fff,0x7fff,0x7fff,0x7fff,0x7fff,0x7fff,0x7fff,0x7fff,0x7fff,0x7fff,0x7fff,0x7fff,0x7fff,
  0x7fff,0x7fff,0x7fff,0x7fff,
};
const u16 sonic_m10_idx[] = {
  0x0000,0x0001,0x0002,0x000a,0x0000,0x0002,0x000a,0x0002,0x0005,0x000a,0x0005,0x0008,0x000d,0x000a,0x0008,0x000d,
  0x0008,0x000e,0x000c,0x000d,0x000e,0x000c,0x000e,0x000f,0x0012,0x000c,0x000f,0x000c,0x0012,0x0013,0x000c,0x0013,
  0x0011,0x0010,0x000c,0x0011,0x0010,0x000d,0x000c,0x000a,0x000d,0x0010,0x000a,0x0010,0x000b,0x000a,0x000b,0x0000,
  0x0002,0x0001,0x0003,0x0002,0x0003,0x0004,0x0002,0x0004,0x0005,0x0005,0x0004,0x0006,0x0005,0x0006,0x0007,0x0008,
  0x0005,0x0007,0x0008,0x0007,0x0009,0x000e,0x0008,0x0009,0x000f,0x000e,0x0009,0x000f,0x0009,0x0017,0x0016,0x000f,
  0x0017,0x0012,0x000f,0x0016,0x0015,0x0012,0x0016,0x0012,0x0015,0x0014,0x0012,0x0014,0x0013,0x0016,0x0017,0x0018,
  0x0007,0x0006,0x0019,0x0007,0x0019,0x001a,0x001a,0x0019,0x0030,0x001a,0x0030,0x0029,0x0029,0x0030,0x0028,0x0029,
  0x0028,0x0027,0x0026,0x0029,0x0027,0x0026,0x0027,0x0023,0x0026,0x0023,0x0022,0x0032,0x0026,0x0022,0x0032,0x0022,
  0x001f,0x0033,0x0032,0x001f,0x0033,0x001f,0x001e,0x001e,0x001f,0x0020,0x001e,0x0020,0x0021,0x001e,0x0021,0x002d,
  0x002c,0x002d,0x0021,0x002b,0x002c,0x0021,0x002a,0x002b,0x0021,0x002a,0x0021,0x0020,0x002a,0x0020,0x0025,0x002a,
  0x0025,0x002f,0x002e,0x002f,0x0025,0x002e,0x0025,0x0024,0x0031,0x002e,0x0024,0x001d,0x0031,0x0024,0x0023,0x001d,
  0x0024,0x0022,0x0023,0x0024,0x0022,0x0024,0x0025,0x001f,0x0022,0x0025,0x001f,0x0025,0x0020,0x001b,0x001c,0x001d,
  0x0027,0x001b,0x001d,0x0027,0x0028,0x001b,0x0023,0x0027,0x001d,0x001d,0x001c,0x0031,
};
const R3DMesh sonic_meshes[11] = {
  { sonic_m0_vtx, sonic_m0_uv, sonic_m0_idx, 572, 0, sonic_m0_col },
  { sonic_m1_vtx, sonic_m1_uv, sonic_m1_idx, 66, 0, sonic_m1_col },
  { sonic_m2_vtx, sonic_m2_uv, sonic_m2_idx, 332, 0, sonic_m2_col },
  { sonic_m3_vtx, sonic_m3_uv, sonic_m3_idx, 70, 0, sonic_m3_col },
  { sonic_m4_vtx, sonic_m4_uv, sonic_m4_idx, 78, 0, sonic_m4_col },
  { sonic_m5_vtx, sonic_m5_uv, sonic_m5_idx, 332, 0, sonic_m5_col },
  { sonic_m6_vtx, sonic_m6_uv, sonic_m6_idx, 70, 0, sonic_m6_col },
  { sonic_m7_vtx, sonic_m7_uv, sonic_m7_idx, 78, 0, sonic_m7_col },
  { sonic_m8_vtx, sonic_m8_uv, sonic_m8_idx, 330, 0, sonic_m8_col },
  { sonic_m9_vtx, sonic_m9_uv, sonic_m9_idx, 70, 0, sonic_m9_col },
  { sonic_m10_vtx, sonic_m10_uv, sonic_m10_idx, 68, 0, sonic_m10_col },
};
const R3DTexture sonic_texs[1] = {
  { sonic_tex0_pal, sonic_tex0_px, 7, 7 },
};
const R3DModel sonic = { sonic_meshes, 11, sonic_texs, 1 };
