/* generato da bake3d.py da e_bat.bcres — asset originali */
#include "model3d.h"

const u8 ebat_tex0_px[] = {
  0x04,0x04,0x04,0x04,0xb3,0xb3,0xb3,0xb3,0xa9,0xa9,0x05,0x05,0xaa,0xaa,0xf8,0xf8,
  0xc2,0x19,0x19,0x19,0xaa,0xaa,0xaa,0xaa,0xa9,0xa9,0x05,0x05,0xa9,0xa9,0x05,0x05,
  0xa9,0xa9,0xa9,0xa9,0x01,0x01,0x01,0x01,0x19,0x19,0x19,0x19,0x01,0x01,0x93,0x93,
  0x9b,0x9b,0x9b,0x9b,0xf1,0xf1,0xf1,0xf1,0x04,0x04,0x6c,0x6c,0x01,0x01,0xa9,0xa9,
  0x47,0x48,0x48,0x48,0x59,0x1e,0x0f,0x59,0xaa,0x97,0x97,0xaa,0x1f,0x1f,0x1f,0x1f,
  0x1f,0x1f,0x1f,0x1f,0x9b,0x9b,0xf8,0xf8,0xc2,0xc2,0xc2,0xc2,0x36,0x36,0x36,0x36,
  0xf1,0xf1,0xe7,0xe7,0xb3,0xb3,0xb3,0xb3,0x04,0x04,0x04,0x04,0x09,0x09,0xbb,0xbb,
  0x47,0x47,0xf8,0xf8,0x59,0x59,0xa9,0xa9,0x59,0x59,0xa9,0xa9,0x59,0x59,0xa9,0xa9,
  0x04,0x04,0x04,0x04,0xb3,0xb3,0x5d,0xb3,0xa9,0xa9,0x05,0x05,0xaa,0xaa,0xf8,0xf8,
  0xc2,0x19,0x19,0x19,0xaa,0xaa,0xaa,0xaa,0xa9,0xa9,0x05,0x05,0xa9,0xa9,0x05,0x05,
  0xa9,0xa9,0xa9,0xa9,0x01,0x01,0x01,0x01,0x19,0x19,0x19,0x19,0x01,0x01,0x93,0x93,
  0x9b,0x9b,0x9b,0x9b,0xf1,0x0d,0x0d,0xf1,0x04,0x04,0x6c,0x6c,0x01,0x01,0xa9,0xa9,
  0x47,0x40,0x40,0x40,0x59,0x1e,0x0f,0xa9,0xaa,0x97,0x97,0xaa,0x1f,0x1f,0x1f,0x1f,
  0x1f,0x1f,0x1f,0x1f,0x9b,0x9b,0xf8,0xf8,0xc2,0xc2,0xc2,0xc2,0x36,0x36,0x36,0x36,
  0xf1,0xf1,0xe7,0xe7,0xb3,0xb3,0xb3,0xb3,0x04,0x04,0x04,0x04,0x09,0x09,0xbb,0xbb,
  0x47,0x47,0xf8,0xf8,0x59,0x59,0xa9,0xa9,0x59,0x59,0xa9,0xa9,0x59,0x59,0xa9,0xa9,
  0x89,0x89,0x4b,0x4b,0x5d,0x5d,0x5d,0x5d,0xa9,0xa9,0x05,0x05,0xaa,0xaa,0xf8,0xf8,
  0x1f,0xc2,0xc2,0xc2,0x08,0x08,0x08,0x08,0xa9,0xa9,0x05,0x05,0xa9,0xa9,0x05,0x05,
  0x05,0x05,0x05,0x05,0x6c,0x6c,0xcf,0xcf,0x1f,0x1f,0x1f,0x19,0x01,0x01,0x93,0x93,
  0xf8,0xf8,0xf8,0xf8,0xfd,0xfd,0xfd,0xfd,0x04,0x04,0x6c,0x6c,0x01,0x01,0xa9,0xa9,
  0x08,0x47,0x47,0x47,0xbd,0xbd,0xbd,0xbd,0xaa,0x47,0x47,0xaa,0xaa,0x1f,0x1f,0xaa,
  0xaa,0xaa,0x1f,0xaa,0x9b,0x9b,0xf8,0xf8,0x1f,0xc2,0x1f,0x1f,0x6d,0x6d,0x6d,0x6d,
  0xf1,0xf1,0xe7,0xe7,0x58,0x58,0x20,0x20,0x24,0x24,0x4c,0x24,0x09,0x09,0xbb,0xbb,
  0x47,0x47,0xf8,0xf8,0x59,0x59,0xa9,0xa9,0x59,0x59,0xa9,0xa9,0x59,0x59,0xa9,0xa9,
  0x89,0x89,0x4b,0x4b,0x5d,0x5d,0x20,0x5d,0xa9,0xa9,0x05,0x05,0xaa,0xaa,0xf8,0xaa,
  0x1f,0xc2,0xc2,0xc2,0x08,0x08,0x08,0x08,0xa9,0xa9,0x05,0x05,0xa9,0xa9,0x05,0x05,
  0x05,0x05,0x05,0x05,0x6c,0x6c,0x6c,0x6c,0x1f,0xc2,0x1f,0x1f,0x01,0x01,0x93,0x93,
  0xf8,0xf8,0xf8,0xf8,0xfd,0x3f,0x3f,0xfd,0x04,0x04,0xff,0xff,0x01,0x01,0xa9,0xa9,
  0x08,0x40,0x48,0x48,0xbd,0xbd,0xbd,0xbb,0xaa,0x47,0x47,0xaa,0xaa,0x1f,0x1f,0xaa,
  0xaa,0xaa,0x1f,0xaa,0x9b,0x9b,0xf8,0xf8,0x1f,0xc2,0x1f,0x1f,0x6d,0x6d,0xff,0x6d,
  0xf1,0xf1,0xe7,0xe7,0x58,0x58,0x20,0x20,0x24,0x24,0x4c,0x24,0x09,0x09,0xbb,0xbb,
  0x47,0x47,0xf8,0xf8,0x59,0x59,0xa9,0xa9,0x59,0x59,0xa9,0xa9,0x59,0x59,0xa9,0xa9,
  0x04,0x04,0x94,0xcf,0xf1,0xf1,0xf1,0xf1,0x59,0x59,0xa9,0xa9,0x1f,0x97,0xaa,0x1f,
  0x31,0x31,0x31,0x31,0xf7,0xf7,0x09,0x09,0x01,0x01,0x01,0xa9,0xa9,0xa9,0xa9,0xa9,
  0xb2,0xb2,0xb2,0xb2,0x36,0x36,0x6d,0x6d,0x29,0x29,0x29,0x87,0xb4,0xb4,0xe2,0xe2,
  0xaa,0xaa,0xf8,0xf8,0x58,0x58,0x08,0x08,0x1a,0x1a,0x1a,0x1a,0xbd,0x0c,0xf6,0xf6,
  0x04,0x04,0x8c,0xd5,0xbb,0xbb,0xe1,0xe1,0xb2,0xb2,0xb2,0xb2,0xb2,0xb2,0xb2,0xb2,
  0xaa,0xaa,0x08,0x08,0x58,0x58,0x20,0x20,0x04,0x04,0x5f,0x5f,0x04,0x04,0x6d,0x6d,
  0x01,0x01,0xe2,0xe2,0x36,0x36,0x36,0x36,0xd8,0xd8,0x45,0x49,0x04,0x04,0x36,0x35,
  0x47,0x47,0xf8,0xf8,0x07,0x07,0x6d,0x6d,0x04,0x04,0x5f,0x5f,0x59,0x59,0xa9,0xa9,
  0x04,0x04,0x94,0x94,0xf1,0xf1,0xf1,0xf1,0x59,0x59,0xa9,0xa9,0x1f,0x1f,0xaa,0x1f,
  0x31,0x31,0x31,0x31,0x09,0x09,0x09,0x09,0x01,0x01,0x01,0xa9,0xa9,0xa9,0xa9,0xa9,
  0xb2,0xb2,0xb2,0xb2,0x36,0x36,0x6c,0x6d,0x29,0x29,0x87,0x29,0xb4,0xb4,0xe2,0xe2,
  0xaa,0xaa,0xf8,0xf8,0x58,0x58,0x08,0x08,0x1a,0x1a,0x1a,0x1a,0xbd,0x0c,0xf6,0xf6,
  0x04,0x04,0x8c,0xd5,0xbb,0xbc,0xbb,0xbb,0xb2,0xb2,0xb2,0xb2,0xb2,0xb2,0xb2,0xb2,
  0xf8,0xaa,0x08,0x08,0x58,0x58,0x20,0x20,0x04,0x04,0x5f,0x53,0x04,0x04,0x6d,0x6d,
  0x01,0x01,0xe2,0xe2,0x36,0x36,0x36,0x36,0xd8,0xd8,0x49,0x15,0x04,0x04,0x35,0x36,
  0x47,0x47,0xf8,0xf8,0x07,0x07,0x6d,0x6d,0x04,0x04,0x53,0x5f,0x59,0x59,0xa9,0xa9,
  0x04,0x04,0x94,0x94,0xc2,0xc2,0xf0,0xf0,0xa9,0xa9,0xbb,0xbb,0x97,0x1f,0x1f,0x1f,
  0xff,0xff,0x6c,0x6c,0xbb,0xbb,0xbb,0xbb,0xa9,0xa9,0xa9,0xa9,0xa9,0x05,0xa9,0xa9,
  0x34,0x34,0x34,0x34,0x36,0x36,0x6c,0x6d,0x29,0x29,0x87,0x87,0xb4,0xb4,0xe2,0xe2,
  0xaa,0xaa,0xf8,0xf8,0x58,0x58,0x08,0x08,0x1a,0x1a,0x1a,0x1a,0xf7,0x0c,0xf1,0xf6,
  0x04,0x04,0x8c,0xd5,0xbc,0xbc,0xbc,0xbc,0xb2,0xb2,0xb2,0xb2,0xb2,0xb2,0xb2,0xb2,
  0xf8,0xf8,0x08,0x08,0x58,0x58,0x20,0x20,0x04,0x04,0x5f,0x53,0x04,0x04,0x6d,0x6d,
  0x01,0x01,0xe2,0xe2,0x36,0x36,0x36,0x36,0xd8,0xd8,0x49,0x49,0x04,0x04,0x35,0x35,
  0x47,0x47,0xf8,0xf8,0x07,0x07,0x6d,0x6d,0x04,0x04,0x53,0x53,0x59,0x59,0xa9,0xa9,
  0x04,0x04,0x94,0x94,0xf0,0xc2,0xf0,0xf0,0xa9,0xa9,0xbb,0xbb,0x1f,0x97,0x1f,0x1f,
  0xff,0xff,0x6c,0x6c,0xbb,0xbb,0xbb,0xbb,0xa9,0xa9,0xa9,0xa9,0xa9,0x05,0xa9,0xa9,
  0x34,0x34,0x34,0x34,0x36,0x36,0x6c,0x6d,0x29,0x29,0x87,0x87,0xb4,0xb4,0xe2,0xe2,
  0xaa,0xaa,0xf8,0xf8,0x58,0x58,0x08,0x08,0x1a,0x1a,0x1a,0x1a,0xf7,0x0c,0xf1,0xf6,
  0x04,0x04,0x8c,0xd5,0xbc,0xbc,0xbc,0xbc,0xb2,0xb2,0xb2,0xb2,0xb2,0xb2,0xb2,0xb2,
  0xf8,0xf8,0x08,0x08,0x58,0x58,0x20,0x20,0x04,0x04,0x53,0x53,0x04,0x04,0x6d,0x6d,
  0x01,0x01,0xe2,0xe2,0x36,0x36,0x36,0x36,0xd8,0xd8,0x45,0x45,0x04,0x04,0x35,0x35,
  0x47,0x47,0xf8,0xf8,0x07,0x07,0x6d,0x6d,0x04,0x04,0x53,0x53,0x59,0x59,0xa9,0xa9,
  0x07,0x07,0x6d,0x6d,0x2c,0xa9,0x05,0x0a,0x97,0x97,0x58,0x58,0x04,0x04,0x04,0x04,
  0xf7,0xf7,0xbd,0xbd,0xb2,0xb2,0x0a,0x0a,0xb2,0xb2,0xb2,0xb2,0xb2,0xb2,0xb2,0xb2,
  0xb2,0xb2,0x34,0x34,0x14,0x14,0x5d,0x98,0x40,0x40,0x5c,0x5c,0x31,0x31,0xff,0xff,
  0xaa,0xaa,0xaa,0xaa,0xb2,0xb2,0xb2,0xb2,0x5d,0x5d,0x20,0x20,0x01,0x01,0x93,0x93,
  0x07,0x07,0x8c,0xd5,0xf6,0xf6,0xe7,0x14,0xb2,0xb2,0xb2,0xb2,0xb2,0xb2,0xb2,0xb2,
  0xb2,0xb2,0xa7,0xa7,0xb3,0xb3,0x08,0x08,0x04,0x04,0xff,0x6d,0x12,0x12,0xba,0xba,
  0x04,0x04,0xe2,0xe2,0x3c,0x68,0x3c,0x68,0xad,0xad,0xce,0xce,0x07,0x07,0x35,0x35,
  0x47,0x47,0xf8,0xf8,0x01,0x01,0x5f,0x5f,0x64,0x64,0xff,0xff,0x59,0x59,0xa9,0xa9,
  0x07,0x07,0x6d,0x6d,0x2c,0xa9,0x05,0x0a,0x97,0x97,0x58,0x58,0x04,0x04,0x04,0x04,
  0x0c,0x0c,0xbd,0x0c,0xb2,0xb2,0x0a,0x34,0xb2,0xb2,0xb2,0xb2,0xb2,0xb2,0xb2,0xb2,
  0xb2,0xb2,0x34,0x34,0x14,0x14,0x5d,0x98,0x40,0x40,0x5c,0x5c,0x31,0x31,0xff,0xff,
  0xaa,0xaa,0xaa,0xaa,0xb2,0xb2,0xb2,0xb2,0x5d,0x5d,0x20,0x20,0x01,0x01,0x93,0x93,
  0x07,0x07,0x8c,0xd5,0xf6,0xf6,0xe7,0x14,0xb2,0xb2,0xb2,0xb2,0xb2,0xb2,0xb2,0xb2,
  0xb2,0xb2,0xa7,0xa7,0xb3,0xb3,0x08,0x08,0x04,0x04,0xff,0x6d,0x12,0x12,0xba,0xba,
  0x04,0x04,0xe2,0xe2,0x3c,0x68,0x68,0x68,0xad,0xad,0xce,0xce,0x07,0x07,0x35,0x35,
  0x47,0x47,0xf8,0xf8,0x01,0x01,0x5f,0x53,0x64,0x64,0xff,0xff,0x59,0x59,0xa9,0xa9,
  0x07,0x07,0x6d,0x6d,0x2c,0x2c,0x05,0x05,0x97,0x97,0xaa,0xaa,0x99,0x99,0xd5,0x8c,
  0xf1,0xf1,0xf1,0xf1,0xb2,0xb2,0x34,0x34,0x34,0x34,0x34,0x34,0x34,0x34,0x34,0x34,
  0xb2,0xb2,0x34,0x34,0x14,0x14,0x5d,0x98,0x40,0x40,0x5c,0x5c,0x31,0x31,0xff,0xff,
  0xaa,0xaa,0xaa,0xaa,0xb2,0xb2,0xb2,0xb2,0x5d,0x5d,0x20,0x20,0x01,0x01,0x93,0x93,
  0x07,0x07,0x8c,0xd5,0xf6,0xf6,0xe7,0x14,0xa7,0xa7,0xa7,0xa7,0xb2,0xb2,0xb2,0xb2,
  0xb2,0xb2,0xa7,0xa7,0xb3,0xb3,0x08,0x08,0x04,0x04,0xff,0x6d,0x12,0x12,0xba,0xba,
  0x04,0x04,0xe2,0xe2,0x3c,0x43,0x68,0x68,0xad,0xad,0xce,0xce,0x07,0x07,0x35,0x35,
  0x47,0x47,0xf8,0xf8,0x01,0x01,0x5f,0x53,0x53,0x53,0x6d,0x6d,0x59,0x59,0xa9,0xa9,
  0x07,0x07,0x6d,0x6d,0x2c,0x2c,0x05,0x05,0x97,0x97,0xaa,0x1f,0x99,0x99,0xd5,0x8c,
  0xf1,0xf1,0xf1,0xf1,0xb2,0xb2,0x34,0x34,0x34,0x34,0x34,0x34,0x34,0x34,0x34,0x34,
  0xb2,0xb2,0x34,0x34,0x14,0x14,0x5d,0x98,0x40,0x40,0x5c,0x5c,0x31,0x31,0xff,0xff,
  0xaa,0xaa,0xaa,0xaa,0xb2,0xb2,0xb2,0xb2,0x5d,0x5d,0x20,0x20,0x01,0x01,0x93,0x93,
  0x07,0x07,0x8c,0xd5,0xf6,0xf6,0xe7,0xc2,0xa7,0xa7,0xa7,0xa7,0xb2,0xb2,0xb2,0xb2,
  0xb2,0xb2,0xa7,0xa7,0xb3,0xb3,0x08,0x08,0x04,0x04,0xff,0x6d,0x12,0x12,0xba,0xba,
  0x04,0x04,0xe2,0xe2,0x68,0x43,0x68,0x68,0xad,0xad,0xce,0xce,0x07,0x07,0x35,0x35,
  0x47,0x47,0xf8,0xf8,0x01,0x01,0x53,0x53,0x53,0x53,0x6d,0x6d,0x59,0x59,0xa9,0xa9,
  0x07,0x07,0xff,0x6d,0x01,0x01,0x01,0x01,0xf7,0x0c,0xbd,0xbd,0x09,0x09,0x09,0x09,
  0x05,0x0a,0x6b,0x6b,0xb2,0xb2,0xb2,0xb2,0xb2,0xb2,0xb2,0xb2,0xb2,0xb2,0xb2,0xb2,
  0xb2,0xb2,0x34,0x34,0xf8,0xf8,0xf8,0xf8,0x3b,0x3b,0xb0,0xb0,0xcc,0xcc,0xc4,0x3b,
  0x9b,0x9b,0x9b,0x47,0xb2,0xb2,0xb2,0xb2,0xa9,0xa9,0x0a,0x0a,0x36,0x36,0x01,0x01,
  0x36,0x36,0x6d,0x6d,0x1e,0xbd,0x93,0x8d,0xaa,0xaa,0xaa,0xaa,0xaa,0xaa,0xaa,0xaa,
  0xa9,0xa9,0x05,0x05,0x58,0x58,0x72,0x72,0xb0,0x84,0x45,0x45,0x12,0x12,0xba,0xba,
  0x04,0x04,0xe2,0xe2,0x36,0x35,0x04,0x04,0xad,0xad,0x27,0x27,0x07,0x07,0x04,0x04,
  0x07,0x07,0x6d,0x6d,0x0e,0xde,0xf2,0xf2,0xde,0xde,0xf2,0xf2,0x04,0xf8,0x93,0x8d,
  0x07,0x07,0xff,0x6d,0x01,0x01,0x01,0x01,0xf7,0x0c,0xbd,0xbd,0x09,0x09,0x09,0x09,
  0x0a,0x0a,0x6b,0x6b,0xb2,0xb2,0xb2,0xb2,0xb2,0xb2,0xb2,0xb2,0xb2,0xb2,0xb2,0xb2,
  0xb2,0xb2,0x34,0x34,0xf8,0xf8,0xf8,0xf8,0x3b,0x3b,0xfd,0xb0,0xcc,0xcc,0xc4,0x3b,
  0x9b,0x9b,0x9b,0x9b,0xb2,0xb2,0xb2,0xb2,0xa9,0xa9,0x0a,0x0a,0x36,0x36,0x01,0x01,
  0x36,0x36,0x6d,0x6d,0x1e,0xbd,0x93,0x8d,0xaa,0xaa,0xaa,0xaa,0xaa,0xaa,0xaa,0xaa,
  0xa9,0xa9,0x05,0x05,0x58,0x58,0x72,0x72,0xb0,0x84,0x45,0x45,0x12,0x12,0xba,0xba,
  0x04,0x04,0xe2,0xe2,0x36,0x35,0x04,0x04,0xad,0xad,0x7f,0x27,0x07,0x07,0x04,0x04,
  0x07,0x07,0x6d,0x6d,0xde,0xde,0xf2,0xf2,0xde,0xde,0xf2,0xf2,0x04,0xf8,0x93,0x8d,
  0x07,0x07,0xff,0x6d,0xff,0x6c,0x6d,0x6d,0xf1,0xbc,0xf1,0xf1,0xbb,0xbb,0x09,0x09,
  0x0a,0x0a,0x6b,0x6b,0x34,0x34,0x34,0x34,0x34,0x34,0x34,0x34,0x34,0x34,0x34,0x34,
  0xb2,0xb2,0x34,0x34,0xf8,0xf8,0xf8,0xf8,0x3b,0x3b,0xfd,0xb0,0xcc,0xcc,0xc4,0x3b,
  0xf8,0xf8,0xf8,0x9b,0xa7,0xa7,0xa7,0xa7,0xa9,0xa9,0x0a,0x0a,0x36,0x36,0x01,0x01,
  0x36,0x36,0x6d,0x6d,0x1e,0xbd,0x93,0x8d,0xf8,0xf8,0xf8,0xf8,0xf8,0xf8,0xf8,0xf8,
  0xa9,0xa9,0x05,0x05,0xc1,0x58,0x72,0x72,0xb0,0x84,0x45,0x45,0x12,0x12,0xba,0xba,
  0x04,0x04,0xe2,0xe2,0x36,0x35,0x04,0x04,0xad,0xad,0x27,0x27,0x07,0x07,0x04,0x04,
  0x07,0x07,0x6d,0x6d,0xde,0xde,0xf2,0xf2,0xde,0xde,0xf2,0xf2,0x04,0x04,0x93,0x93,
  0x07,0x07,0xff,0x6d,0xff,0x6c,0x6d,0x6d,0xf1,0xbc,0xf1,0xf1,0xbb,0xbb,0x09,0xbb,
  0x0a,0x0a,0x6b,0x6b,0x34,0x34,0x34,0x34,0x34,0x34,0x34,0x34,0x34,0x34,0x34,0x34,
  0xb2,0xb2,0x34,0x34,0xf8,0xf8,0xf8,0xf8,0x3f,0x3b,0x9a,0xb0,0xcc,0xcc,0xc4,0x3b,
  0xf8,0xf8,0xf8,0xf8,0xa7,0xa7,0xa7,0xa7,0xa9,0xa9,0x0a,0x0a,0x36,0x36,0x01,0x01,
  0x36,0x36,0x6d,0x6d,0x1e,0xb4,0x93,0x93,0xf8,0xf8,0xf8,0xf8,0xf8,0xf8,0xf8,0xf8,
  0xa9,0xa9,0x05,0x05,0xc1,0x58,0x72,0x72,0xb0,0x84,0x45,0x45,0x12,0x12,0xba,0xba,
  0x04,0x04,0xe2,0xe2,0x36,0x36,0x04,0x04,0xad,0xad,0x27,0x27,0x07,0x07,0x04,0x04,
  0x07,0x07,0x6d,0x6d,0xde,0xde,0xf2,0xf2,0xde,0xde,0xf2,0xf2,0x04,0x04,0x93,0x93,
  0xa9,0xa9,0x05,0x05,0xa9,0xa9,0x05,0x05,0xa9,0xa9,0xa9,0xa9,0xb2,0xb2,0x34,0x34,
  0xb2,0xb2,0xb2,0xb2,0xb2,0xb2,0xb2,0xb2,0x20,0x20,0x20,0x20,0xb2,0xb2,0xb2,0xb2,
  0xa9,0xa9,0xa9,0xa9,0xa9,0xa9,0xa9,0xa9,0x04,0x04,0x8c,0xd5,0x7f,0x7f,0xe1,0xe1,
  0x01,0x01,0x00,0xe2,0xa9,0xbb,0xbb,0xbb,0x58,0x58,0x58,0x58,0x14,0xfd,0xb3,0xb3,
  0x07,0x07,0x00,0x00,0x04,0x04,0x6c,0xff,0xaa,0xaa,0xaa,0xaa,0xa9,0xa9,0x05,0x05,
  0x58,0x58,0x58,0x58,0x59,0x59,0xa9,0xa9,0xb0,0x84,0x45,0x45,0x12,0x12,0xba,0xba,
  0x31,0x31,0x93,0x93,0x36,0x35,0x04,0x04,0xad,0xad,0xad,0xad,0x07,0x07,0x35,0x36,
  0x07,0x07,0x6d,0x6d,0xde,0xde,0xf2,0xf2,0xde,0xde,0xde,0xde,0x1e,0x1e,0xff,0xff,
  0xa9,0xa9,0x05,0x05,0xa9,0xa9,0x05,0x05,0xa9,0xa9,0xa9,0xa9,0xb2,0xb2,0x34,0x34,
  0xb2,0xb2,0xb2,0xb2,0xb2,0xb2,0xb2,0xb2,0x20,0x20,0x20,0x20,0xb2,0xb2,0xb2,0xb2,
  0xa9,0xa9,0xa9,0xa9,0xa9,0xa9,0xa9,0xa9,0x04,0x04,0x8c,0xd5,0x7f,0x7f,0xe1,0xe1,
  0x01,0x01,0x00,0xe2,0xa9,0xbb,0xbb,0xbb,0x58,0x58,0x58,0x58,0x14,0xfd,0xb3,0xb3,
  0x07,0x07,0x00,0x00,0x04,0x04,0x6c,0x6c,0xaa,0xaa,0xaa,0xaa,0xa9,0xa9,0x05,0x05,
  0x58,0x58,0x58,0x58,0x59,0x59,0xa9,0xa9,0xb0,0x84,0x45,0x45,0x12,0x12,0xba,0xba,
  0x31,0x31,0x93,0x93,0x36,0x35,0x04,0x04,0xad,0xad,0xad,0xad,0x07,0x07,0x35,0x36,
  0x07,0x07,0x6d,0x6d,0xde,0xde,0xf2,0xf2,0xde,0xde,0xde,0xde,0x1e,0x1e,0xff,0xff,
  0xa9,0xa9,0x05,0x05,0xa9,0xa9,0x05,0x05,0xa9,0xa9,0xa9,0x05,0xb2,0xb2,0x34,0x34,
  0x34,0x34,0x34,0x34,0x34,0x34,0x34,0x34,0x20,0x20,0x20,0x20,0xa7,0xa7,0xa7,0xa7,
  0xbb,0xbb,0xbb,0xbb,0x05,0x05,0x05,0x05,0x04,0x04,0x8c,0x8c,0x7f,0x7f,0xe1,0xe1,
  0x01,0x01,0x00,0xe2,0xa9,0xa9,0xbb,0xbb,0x08,0x08,0x08,0x08,0x14,0x14,0xb3,0xb3,
  0x07,0x07,0x00,0x00,0x04,0x04,0x6c,0x6c,0x08,0x08,0x08,0x08,0xa9,0xa9,0x05,0x05,
  0x20,0x20,0x20,0x20,0x59,0x59,0xa9,0xa9,0xb0,0x84,0x45,0x45,0x12,0x12,0xba,0xba,
  0x31,0x31,0x93,0x93,0x36,0x35,0x04,0x04,0xce,0xce,0xce,0xce,0x07,0x07,0x35,0x36,
  0x07,0x07,0x6d,0x6d,0xde,0xde,0xf2,0xf2,0xf2,0xf2,0xf2,0xf2,0x1e,0x1e,0xff,0xff,
  0xa9,0xa9,0x05,0x05,0xa9,0xa9,0x05,0x05,0xa9,0xa9,0xa9,0x05,0xb2,0xb2,0x34,0x34,
  0x34,0x34,0x34,0x34,0x34,0x34,0x34,0x34,0x20,0x20,0x20,0x20,0xa7,0xa7,0xa7,0xa7,
  0xbb,0xbb,0xbb,0xbb,0x05,0x05,0x05,0x05,0x04,0x04,0x8c,0x8c,0x7f,0x7f,0xe1,0xe1,
  0x01,0x01,0x00,0xe2,0xa9,0xa9,0xbb,0xbb,0x08,0x08,0x08,0x08,0x14,0x14,0xb3,0xb3,
  0x07,0x07,0x00,0x00,0x04,0x04,0x6c,0x6c,0x08,0x08,0x08,0x08,0xa9,0xa9,0x05,0x05,
  0x20,0x20,0x20,0x20,0x59,0x59,0xa9,0xa9,0xb0,0x84,0x45,0x45,0x12,0x12,0xba,0xba,
  0x31,0x31,0x93,0x93,0x36,0x35,0x04,0x04,0xce,0xce,0xce,0xce,0x07,0x07,0x35,0x35,
  0x07,0x07,0x6d,0x6d,0xde,0xde,0xf2,0xf2,0xf2,0xf2,0xf2,0xf2,0x1e,0x1e,0xff,0xff,
  0xa9,0xa9,0x05,0x05,0xa9,0xa9,0x05,0x05,0xa9,0xa9,0x05,0x05,0xb2,0xb2,0xb2,0xb2,
  0xa9,0xa9,0xa9,0xa9,0xa9,0xa9,0xa9,0xa9,0x58,0x58,0x08,0x58,0xb3,0xb3,0xb3,0xb3,
  0x58,0x58,0x08,0x58,0x01,0x01,0xa9,0xa9,0x04,0x04,0x93,0x93,0x1e,0x1e,0x1e,0x1e,
  0xb4,0xb4,0xe2,0xe2,0xe1,0xe1,0x6b,0x6b,0xaa,0xaa,0xaa,0xaa,0x96,0x96,0x1a,0x1a,
  0x04,0x04,0xcf,0xcf,0x5c,0x5c,0x40,0x5c,0x36,0x36,0x36,0x36,0x97,0x97,0x97,0x97,
  0xf1,0xbd,0xbc,0xbc,0x1f,0x1f,0xb3,0xb3,0xf3,0x28,0x5c,0x28,0x12,0x12,0xba,0xba,
  0x04,0x04,0x4c,0x24,0xa8,0x46,0x46,0x46,0x9e,0xc8,0xdb,0x9e,0x36,0x36,0x35,0x35,
  0x07,0x07,0x00,0x00,0xde,0xde,0xf2,0xf2,0xe2,0xe2,0xf2,0xf2,0x1e,0x1e,0xff,0xff,
  0xa9,0xa9,0x05,0x05,0xa9,0xa9,0x05,0x05,0xa9,0xa9,0x05,0x05,0xb2,0xb2,0xb2,0xb2,
  0xa9,0xa9,0xa9,0xa9,0xa9,0xa9,0xa9,0xa9,0x58,0x58,0x08,0x58,0xb3,0xb3,0xb3,0xb3,
  0x58,0x58,0x08,0x08,0x01,0x01,0xa9,0xa9,0x04,0x04,0x93,0x93,0x7f,0x7f,0x7f,0x7f,
  0xb4,0xb4,0xe2,0xe2,0xe1,0xe1,0x6b,0x6b,0xaa,0xaa,0xaa,0xaa,0x96,0x96,0x1a,0x1a,
  0x04,0x04,0xcf,0xcf,0x40,0x40,0x40,0x5c,0x36,0x36,0x36,0x36,0x97,0x97,0x97,0x97,
  0xbd,0xbd,0xbc,0xbc,0x1f,0x1f,0xb3,0xb3,0xf3,0x28,0x5c,0x28,0x12,0x12,0xba,0xba,
  0x04,0x04,0x4c,0x24,0xa8,0x2d,0x46,0x46,0x9e,0xc8,0xdb,0x9e,0x36,0x36,0x36,0x36,
  0x07,0x07,0x00,0x00,0xde,0xde,0xf2,0xf2,0xe2,0xe2,0xf2,0xf2,0x1e,0x1e,0xff,0xff,
  0xa9,0xa9,0x05,0x05,0xa9,0xa9,0x05,0x05,0xa9,0xa9,0x05,0x05,0xa7,0xa7,0xa7,0xa7,
  0x05,0x05,0x05,0x05,0xbb,0xbb,0xbb,0xbb,0x20,0x20,0x20,0x20,0x5d,0x5d,0x20,0x5d,
  0x20,0x20,0x20,0x20,0x01,0x01,0xa9,0xa9,0x04,0x04,0x93,0x93,0x2c,0x2c,0x2c,0x2c,
  0xb4,0xb4,0xe2,0xe2,0xe1,0xe1,0x6b,0x6b,0x08,0x08,0x08,0x08,0x96,0x96,0x1a,0x1a,
  0x04,0x04,0xcf,0xcf,0xc1,0xc1,0x48,0xc1,0x6d,0x6d,0x6c,0x6d,0xaa,0xaa,0xaa,0xaa,
  0xbd,0xbd,0xf1,0xbc,0x1f,0x1f,0x1f,0xb3,0xf3,0x28,0x5c,0x28,0x12,0x12,0xba,0xba,
  0x04,0x04,0x4c,0x24,0xa8,0xa8,0x46,0x46,0xb8,0xb8,0xb8,0xb8,0x36,0x36,0x36,0x36,
  0x07,0x07,0x00,0x00,0xde,0xde,0xf2,0xf2,0xe2,0xe2,0xf2,0xf2,0x1e,0x1e,0xff,0xff,
  0xa9,0xa9,0x05,0x05,0xa9,0xa9,0x05,0x05,0xa9,0xa9,0x05,0x05,0xa7,0xa7,0xa7,0xa7,
  0x05,0x05,0x05,0x05,0xbb,0xbb,0xbb,0xbb,0x20,0x20,0x20,0x20,0x5d,0x5d,0x20,0x5d,
  0x20,0x20,0x20,0x20,0x01,0x01,0xa9,0xa9,0x04,0x04,0x93,0x93,0x2c,0x2c,0x2c,0x2c,
  0xb4,0xb4,0xe2,0xe2,0xe1,0xe1,0x6b,0x6b,0x08,0x08,0x08,0x08,0x96,0x96,0x1a,0x1a,
  0x04,0x04,0xff,0xcf,0x48,0x48,0x48,0xc1,0x6d,0x6d,0x6c,0x6d,0xaa,0xaa,0xaa,0xaa,
  0xbd,0xbd,0xf1,0xf1,0x1f,0x1f,0xb3,0xb3,0xf3,0x28,0x5c,0x28,0x12,0x12,0xba,0xba,
  0x04,0x04,0x4c,0x24,0xa8,0x2d,0x46,0x46,0xb8,0xb8,0xb8,0xb8,0x36,0x36,0x36,0x36,
  0x07,0x07,0x00,0x00,0xde,0xde,0xf2,0xf2,0xe2,0xe2,0xf2,0xf2,0x1e,0x1e,0xff,0xff,
  0xa9,0xa9,0x05,0x05,0x09,0x09,0xbb,0xbb,0xa9,0xa9,0xa9,0xa9,0xa9,0xa9,0xa9,0xa9,
  0xa9,0xa9,0xa9,0xa9,0x07,0x07,0x4c,0x4c,0xe9,0xe9,0x2e,0x2e,0x07,0x07,0x07,0x07,
  0xcb,0xc3,0xcb,0xc3,0x1f,0x1f,0x1f,0x1f,0x07,0x07,0x00,0x00,0x1e,0x1e,0x1e,0x1e,
  0x04,0x04,0xff,0xff,0x0c,0x0c,0xf1,0xf1,0xa9,0xa9,0x05,0x05,0xaa,0xaa,0xaa,0xaa,
  0x59,0x59,0x09,0x09,0x1e,0x1e,0xb4,0xb4,0x38,0x38,0x38,0x38,0x07,0x07,0x07,0x07,
  0x07,0x07,0x07,0x07,0x07,0x07,0x07,0x07,0x85,0x85,0x5c,0x5c,0xf2,0xf2,0x0e,0xba,
  0x23,0x23,0xe9,0x2e,0xc6,0x8f,0x06,0x06,0xc7,0xc7,0xc7,0xc7,0x01,0x01,0x35,0x35,
  0x07,0x07,0x00,0x00,0xe2,0xe2,0xf2,0xf2,0xe2,0xe2,0xf2,0xf2,0x5f,0x5f,0x6c,0x6c,
  0xa9,0xa9,0x05,0x05,0x09,0x09,0xbb,0xbb,0xa9,0xa9,0xa9,0xa9,0xa9,0xa9,0xa9,0xa9,
  0xa9,0xa9,0xa9,0xa9,0x07,0x07,0x4c,0x4c,0xe9,0x2e,0xe0,0x2e,0x07,0x07,0x07,0x07,
  0xcb,0xc3,0xcb,0xc3,0x1f,0x1f,0x1f,0x1f,0x07,0x07,0x00,0x00,0x7f,0x7f,0x7f,0x7f,
  0x04,0x04,0xff,0xff,0x0c,0x0c,0xf1,0xf1,0xa9,0xa9,0x05,0x05,0xaa,0xaa,0xaa,0xaa,
  0x59,0x59,0x59,0x09,0x1e,0x1e,0xb4,0xb4,0x38,0x38,0x38,0x38,0x07,0x07,0x07,0x07,
  0x07,0x07,0x07,0x07,0x07,0x07,0x07,0x07,0x85,0x85,0x5c,0x5c,0xf2,0xf2,0x0e,0xba,
  0x23,0x23,0xe9,0x2e,0xc6,0x8f,0x06,0x06,0xc7,0xc7,0xc7,0xc7,0x01,0x01,0x35,0x36,
  0x07,0x07,0x00,0x00,0xe2,0xe2,0xf2,0xf2,0xe2,0xe2,0xf2,0xf2,0x5f,0x5f,0x6c,0x6c,
  0xa9,0xa9,0x05,0x05,0x09,0x09,0xbb,0xbb,0x05,0x05,0x05,0x05,0x05,0x05,0x05,0x05,
  0x05,0x05,0x05,0x05,0x07,0x07,0x4c,0x4c,0x07,0x07,0x07,0x07,0x07,0x07,0x07,0x07,
  0x2e,0x2e,0x2e,0x2e,0x1f,0x1f,0x1f,0x58,0x07,0x07,0x00,0x00,0x2c,0x2c,0x2c,0x2c,
  0x04,0x04,0xff,0xff,0x0c,0x0c,0xf1,0xf1,0xa9,0xa9,0x05,0x05,0xaa,0xaa,0xaa,0xaa,
  0x59,0x59,0x59,0x09,0x1e,0x1e,0xb4,0xb4,0x4b,0x4b,0x4c,0x4b,0x6d,0x6d,0x6d,0xff,
  0x23,0x89,0x89,0x23,0xdc,0x91,0x91,0x91,0x85,0x85,0x5c,0x5c,0xba,0xba,0xba,0xba,
  0x23,0x23,0xe9,0x2e,0xc6,0xc6,0x06,0x06,0xc7,0xc7,0x83,0x83,0x01,0x01,0x35,0x36,
  0x07,0x07,0x00,0x00,0xe2,0xe2,0xf2,0xf2,0xe2,0xe2,0xf2,0xf2,0x5f,0x5f,0x6c,0x6c,
  0xa9,0xa9,0x05,0x05,0x09,0x09,0xbb,0xbb,0x05,0x05,0x05,0x05,0x05,0x05,0x05,0x05,
  0x05,0x05,0x05,0x05,0x07,0x07,0x4c,0x4c,0x07,0x07,0x07,0x07,0x07,0x07,0x07,0x07,
  0xe9,0x2e,0xe9,0x2e,0x1f,0x1f,0x1f,0x1f,0x07,0x07,0x00,0x00,0x2c,0x2c,0x2c,0x2c,
  0x04,0x04,0xff,0xff,0x0c,0x0c,0xf1,0xf1,0xa9,0xa9,0x05,0x05,0xaa,0xaa,0xaa,0xaa,
  0x59,0x59,0x59,0x09,0x1e,0x7f,0xb4,0xe1,0x4b,0x4b,0x4c,0x4b,0xcf,0x6d,0x6d,0xff,
  0x23,0x23,0x23,0x23,0xdc,0x91,0x91,0x91,0x9a,0x85,0x5c,0x5c,0xba,0xba,0xba,0xba,
  0x56,0x56,0x2e,0x2e,0xc6,0xc6,0x06,0x06,0xc7,0xc7,0x83,0x83,0x01,0x01,0x36,0x36,
  0x07,0x07,0x00,0x00,0xe2,0xe2,0xf2,0xf2,0xe2,0xe2,0xf2,0xf2,0x5f,0x5f,0x6c,0x6c,
  0xa9,0xa9,0x05,0x05,0xa9,0xa9,0x05,0x05,0x58,0x58,0x20,0x20,0x58,0x58,0x20,0x20,
  0x01,0x01,0xa9,0xa9,0xcb,0xcb,0xe9,0xe9,0x30,0x30,0xdf,0x30,0x67,0x9f,0x67,0x67,
  0xbf,0xbf,0x10,0x10,0x07,0x07,0x07,0x07,0x36,0x36,0x6d,0x6d,0xa5,0x41,0x3b,0x3b,
  0xcc,0xcc,0x0d,0x0d,0x47,0x47,0x9b,0x9b,0xfd,0xfd,0xfd,0xfd,0x36,0x36,0x36,0x36,
  0x07,0x07,0x89,0x89,0x7f,0x7f,0xe1,0xe1,0x7f,0x7f,0x2c,0x2c,0xce,0xad,0x0d,0xce,
  0x30,0x30,0x61,0x61,0xbb,0xbb,0x6b,0x6b,0x07,0x07,0x04,0x04,0x11,0x11,0x63,0x63,
  0x04,0x04,0xe0,0x2e,0xc6,0xc6,0xc6,0xc6,0x32,0x32,0x60,0x60,0x07,0x07,0xe0,0x35,
  0x07,0x07,0x00,0x00,0x00,0x00,0x0e,0x0e,0xe2,0xe2,0xf2,0xf2,0x5f,0x5f,0xff,0xff,
  0xa9,0xa9,0x05,0x05,0xa9,0xa9,0x05,0x05,0x58,0x58,0x20,0x20,0x58,0x58,0x20,0x20,
  0x01,0x01,0xa9,0xa9,0xcb,0xc3,0xe9,0x2e,0x30,0xe8,0x30,0xe8,0x67,0x9f,0x67,0x67,
  0x92,0x92,0x62,0x62,0x07,0x07,0x07,0x07,0x36,0x36,0x6d,0x6d,0xa5,0x41,0x3b,0x3b,
  0xcc,0xcc,0x0d,0x0d,0x47,0x47,0x47,0x47,0xfd,0xfd,0xfd,0xfd,0x36,0x36,0x36,0x36,
  0x07,0x07,0x4b,0x4c,0x7f,0x7f,0xe1,0xe1,0x7f,0x7f,0x2c,0x2c,0xce,0xce,0x0d,0xce,
  0x30,0x30,0x61,0x61,0x09,0xbb,0xbb,0x6b,0x07,0x07,0x04,0x04,0x11,0x11,0x63,0x63,
  0x04,0x04,0xe0,0x2e,0x03,0x03,0x03,0x03,0x32,0x32,0xec,0xec,0x07,0x07,0x35,0x37,
  0x07,0x07,0x00,0x00,0x00,0x00,0x0e,0x0e,0xe2,0xe2,0xf2,0xf2,0x5f,0x5f,0xff,0xff,
  0xa9,0xa9,0x05,0x05,0xa9,0xa9,0x05,0x05,0x58,0x58,0x20,0x20,0x58,0x58,0x20,0x20,
  0x01,0x01,0xa9,0xa9,0xcb,0xc3,0xe9,0x2e,0x61,0x61,0x61,0x61,0xea,0xea,0xea,0xea,
  0x92,0x92,0x91,0x62,0x07,0x07,0x07,0x07,0x36,0x36,0x6d,0x6d,0xa5,0x41,0x3b,0x3b,
  0xcc,0xcc,0x0d,0x0d,0xf8,0xf8,0xf8,0xf8,0xfd,0xfd,0x98,0x98,0x6c,0x6c,0xcf,0x6d,
  0x07,0x07,0x4c,0x4c,0x7f,0x7f,0xe1,0xe1,0x7f,0x7f,0x2c,0x2c,0xce,0xce,0x0d,0x0d,
  0x30,0x30,0x61,0x61,0x59,0x09,0x09,0xbb,0x07,0x07,0x04,0x04,0x11,0x11,0x63,0x63,
  0x04,0x04,0xe0,0x2e,0x03,0xc6,0x03,0xc6,0x32,0x32,0x60,0x60,0x07,0x07,0x35,0x37,
  0x07,0x07,0x00,0x00,0x00,0x00,0x0e,0x0e,0xe2,0xe2,0xf2,0xf2,0x5f,0x5f,0xff,0xff,
  0xa9,0xa9,0x05,0x05,0xa9,0xa9,0x05,0x05,0x58,0x58,0x20,0x20,0x58,0x58,0x20,0x20,
  0x01,0x01,0xa9,0xa9,0xcb,0xc3,0xe9,0x2e,0x61,0x61,0x61,0x65,0xea,0xea,0xea,0xea,
  0x92,0xbf,0x62,0x10,0x07,0x07,0x07,0x07,0x36,0x36,0x6d,0x6d,0xa5,0x41,0x3b,0x3b,
  0xcc,0xcc,0x0d,0x0d,0xf8,0xf8,0xf8,0xf8,0xfd,0xfd,0x98,0x98,0x6c,0x6d,0x6c,0x6d,
  0x07,0x07,0x4c,0x4c,0x2c,0x7f,0x6b,0xe1,0x7f,0x7f,0x2c,0x2c,0xce,0xce,0x0d,0xce,
  0xe8,0xe8,0x65,0x65,0x59,0x59,0x09,0x09,0x07,0x07,0x04,0x04,0x11,0x11,0x63,0x63,
  0x04,0x04,0xe0,0x2e,0x03,0xc6,0x03,0xc6,0x32,0x32,0x60,0x60,0x07,0x07,0xe0,0x37,
  0x07,0x07,0x00,0x00,0x00,0x00,0x0e,0x0e,0xe2,0xe2,0xf2,0xf2,0x5f,0x5f,0xff,0xff,
  0x09,0x09,0xbb,0xbb,0x58,0x58,0x08,0x08,0x58,0x58,0x08,0x08,0x01,0x01,0xa9,0xa9,
  0x01,0x01,0xa9,0xa9,0x07,0x07,0x07,0x07,0x07,0x07,0x07,0x07,0x07,0x07,0x07,0x94,
  0x07,0x1b,0x07,0x89,0xf8,0x04,0x07,0x35,0x36,0x36,0x6d,0x6d,0xa5,0x41,0x3b,0x3b,
  0x9d,0x9d,0x3f,0x3b,0x1f,0x97,0x58,0x1f,0x40,0xac,0x40,0x40,0x12,0x12,0xd7,0xd7,
  0x38,0x38,0x4c,0x4c,0x72,0x15,0xa4,0x72,0x9a,0x9a,0x72,0x5c,0x3b,0xa5,0xa5,0x9d,
  0xbe,0xf9,0x18,0x18,0xd6,0xd6,0xea,0x18,0x07,0x07,0x04,0x04,0x11,0x11,0x63,0x63,
  0x07,0x07,0xe9,0x2e,0x24,0x24,0x4c,0x24,0xff,0x0b,0x6d,0xcf,0x04,0x04,0x07,0x91,
  0x07,0x07,0x00,0x00,0xde,0xde,0xf2,0xf2,0xe2,0xe2,0xf2,0xf2,0x5f,0x5f,0xff,0xff,
  0x09,0x09,0xbb,0xbb,0x58,0x58,0x08,0x08,0x58,0x58,0x08,0x08,0x01,0x01,0xa9,0xa9,
  0x01,0x01,0xa9,0xa9,0x07,0x07,0x07,0x07,0x07,0x07,0x07,0x07,0x07,0x07,0x94,0x94,
  0x1b,0x1b,0x89,0x89,0xf8,0x04,0x07,0xe9,0x36,0x36,0x6d,0x6d,0xa5,0x41,0x3b,0x3b,
  0x9d,0x9d,0x3f,0x3f,0x1f,0x97,0x58,0x1f,0xac,0x29,0x40,0x40,0x12,0x12,0xd7,0xd7,
  0x38,0x38,0x4c,0x4c,0x72,0x15,0x5e,0x72,0x9a,0x9a,0x72,0x5c,0xa5,0xa5,0x9d,0x3b,
  0xbe,0xf9,0x18,0x18,0x9f,0xd6,0xea,0x18,0x07,0x07,0x04,0x04,0x11,0x11,0x63,0x63,
  0x07,0x07,0xe9,0x2e,0x24,0x24,0x4c,0x24,0xff,0x0b,0x6d,0xcf,0x04,0x04,0x91,0x91,
  0x07,0x07,0x00,0x00,0xde,0xde,0xf2,0xf2,0xe2,0xe2,0xf2,0xf2,0x5f,0x5f,0xff,0xff,
  0x09,0x09,0xbb,0xbb,0x20,0x20,0x20,0x20,0x20,0x20,0x20,0x20,0x01,0x01,0xa9,0xa9,
  0x01,0x01,0xa9,0xa9,0x07,0x07,0x07,0x07,0x07,0x07,0x07,0x07,0x07,0x07,0x07,0x56,
  0x1b,0x1b,0x89,0x89,0xf8,0x04,0x07,0x35,0x36,0x36,0x6d,0x6d,0xa5,0x41,0x3b,0x3b,
  0x9d,0x9d,0x3f,0x3f,0x1f,0x97,0x58,0x1f,0xac,0x29,0x40,0x40,0x12,0x12,0xd7,0xd7,
  0x38,0x38,0x4b,0x4b,0x72,0x15,0x5e,0x72,0x72,0x72,0x72,0x72,0x9a,0xac,0xac,0x19,
  0xbe,0xf9,0x18,0x18,0x9f,0x9f,0xea,0xea,0x07,0x07,0x04,0x04,0x11,0x11,0x63,0x63,
  0x07,0x07,0xe9,0x2e,0xcf,0x6c,0x6d,0x6c,0x24,0x25,0x4c,0x4b,0x04,0x04,0x07,0x07,
  0x07,0x07,0x00,0x00,0xde,0xde,0xf2,0xf2,0xe2,0xe2,0xf2,0xf2,0x5f,0x5f,0xff,0xff,
  0x59,0x09,0xbb,0xbb,0x20,0x20,0x20,0x20,0x20,0x20,0x20,0x20,0x01,0x01,0xa9,0xa9,
  0x01,0x01,0xa9,0xa9,0x07,0x07,0x07,0x07,0x07,0x07,0x07,0x07,0x07,0x07,0x56,0x56,
  0x1b,0x1b,0x89,0x89,0xf8,0x04,0x07,0x35,0x36,0x36,0x6d,0x6d,0xa5,0x41,0x3b,0x3b,
  0x9d,0x9d,0x3f,0x3f,0x1f,0x97,0x58,0x1f,0x29,0x29,0x40,0x40,0x12,0x12,0xd7,0xd7,
  0x38,0x38,0x4b,0x4b,0x72,0x15,0x5e,0x72,0x72,0x72,0x72,0x72,0xac,0xac,0x19,0x9a,
  0xf9,0xf9,0x18,0x18,0x9f,0x9f,0xea,0xea,0x07,0x07,0x04,0x04,0x11,0x11,0x63,0x63,
  0x07,0x07,0xe9,0x2e,0xcf,0x6c,0x6d,0xcf,0x24,0x25,0x4c,0x4b,0xf8,0xf8,0x07,0x07,
  0x07,0x07,0x00,0x00,0xde,0xde,0xf2,0xf2,0xe2,0xe2,0xf2,0xf2,0x5f,0x5f,0xff,0xff,
  0x00,0x00,0x00,0x00,0x01,0x01,0x01,0x01,0x07,0x07,0x07,0x07,0x01,0x01,0xa9,0xa9,
  0x01,0x01,0xa9,0xa9,0x4c,0x89,0x07,0x07,0x07,0x07,0x07,0x07,0x4c,0x4c,0x4c,0x24,
  0x07,0x07,0x07,0x07,0x08,0x04,0x07,0x07,0x36,0x36,0x6d,0x6d,0xa5,0x41,0x3b,0x3b,
  0x0f,0x0f,0x2c,0x2c,0xc2,0x19,0x1f,0x1f,0x28,0x28,0xf3,0xf3,0x12,0x12,0xd7,0xd7,
  0x29,0x29,0x87,0x87,0x07,0x07,0x07,0x07,0xc4,0xc4,0xc4,0xc4,0xbe,0xbe,0xbe,0xbe,
  0xeb,0xeb,0x35,0x35,0x9f,0x9f,0xea,0xea,0x07,0x07,0x07,0x07,0x11,0x11,0x11,0x11,
  0x04,0x04,0x07,0x07,0x0f,0x0f,0x2c,0x2c,0x0f,0x0f,0x2c,0x2c,0xcc,0xcc,0xf6,0xf6,
  0x07,0x07,0x00,0x00,0xde,0xde,0xf2,0xf2,0xde,0xde,0xde,0xde,0x5f,0x5f,0xff,0xff,
  0x00,0x00,0x00,0x00,0x01,0x01,0x01,0x01,0x07,0x07,0x07,0x07,0x01,0x01,0xa9,0xa9,
  0x01,0x01,0xa9,0xa9,0x4c,0x89,0x07,0x07,0x07,0x07,0x07,0x07,0x4c,0x4c,0x4c,0x4c,
  0x07,0x07,0x07,0x07,0x08,0x04,0x07,0x07,0x36,0x36,0x6d,0x6d,0xa5,0x41,0x3b,0x3b,
  0x0f,0x0f,0x2c,0x2c,0xc2,0x19,0x1f,0x1f,0x28,0x28,0xf3,0xf3,0x12,0x12,0xd7,0xd7,
  0x29,0x29,0x87,0x87,0x07,0x07,0x07,0x07,0x3b,0xfd,0x3b,0xfd,0xbe,0xbe,0xbe,0xbe,
  0xeb,0xeb,0x35,0x35,0x9f,0x9f,0xea,0xea,0x07,0x07,0x07,0x07,0x11,0x11,0x11,0x11,
  0x04,0x04,0x07,0x07,0x0f,0x0f,0x2c,0x2c,0x0f,0x0f,0x2c,0x2c,0xcc,0xcc,0xf6,0xf6,
  0x07,0x07,0x00,0x00,0xde,0xde,0xf2,0xf2,0xde,0xde,0xde,0xde,0x5f,0x5f,0xff,0xff,
  0x00,0x00,0x00,0x00,0x93,0x93,0x93,0x93,0x6d,0x6d,0x6d,0x6d,0x01,0x01,0xa9,0xa9,
  0x01,0x01,0xa9,0xa9,0x4c,0x83,0x07,0x07,0x07,0x07,0x07,0x07,0x4c,0x4c,0x4c,0x23,
  0x07,0x07,0x07,0x07,0x04,0x04,0x07,0x07,0x36,0x36,0x6d,0x6d,0xa5,0x41,0x3b,0x3b,
  0x0f,0x0f,0x2c,0x2c,0x19,0x19,0x1f,0x1f,0xf3,0x28,0xf3,0xf3,0x12,0x12,0xd7,0xd7,
  0x29,0x29,0x87,0x87,0x07,0x07,0x07,0x07,0x3b,0xfd,0x3b,0x1a,0xbe,0x18,0x18,0x18,
  0xeb,0xeb,0x35,0x35,0x9f,0x9f,0xea,0xea,0x07,0x07,0x07,0x07,0x11,0x11,0x11,0x11,
  0x04,0x04,0x07,0x07,0x0f,0x0f,0x2c,0x2c,0x0f,0x0f,0x2c,0x2c,0xcc,0xcc,0xf6,0xf6,
  0x07,0x07,0x00,0x00,0xde,0xde,0xf2,0xf2,0xf2,0xf2,0xf2,0xf2,0x5f,0x5f,0xff,0xff,
  0x00,0x00,0x00,0x00,0x93,0x93,0x93,0x93,0x6d,0x6d,0xff,0x6d,0x01,0x01,0xa9,0xa9,
  0x01,0x01,0xa9,0xa9,0x4c,0x4c,0x07,0x07,0x07,0x07,0x07,0x07,0x4c,0x4c,0x4c,0x4b,
  0x07,0x07,0x07,0x07,0x04,0x04,0x07,0x07,0x36,0x36,0x6d,0x6d,0xa5,0x41,0x3b,0x3b,
  0x0f,0x0f,0x2c,0x2c,0x19,0x19,0x1f,0xc2,0xf3,0xf3,0xd9,0xf3,0x12,0x12,0xd7,0xd7,
  0x29,0x29,0x87,0x87,0x07,0x07,0x07,0x07,0xfd,0xfd,0xfd,0x1a,0x18,0x18,0x18,0x18,
  0xeb,0xeb,0x35,0x35,0x9f,0x9f,0xea,0xea,0x07,0x07,0x07,0x07,0x11,0x11,0x11,0x11,
  0x04,0x04,0x07,0x07,0x0f,0x0f,0x2c,0x2c,0x0f,0x0f,0x2c,0x2c,0xcc,0xcc,0xf6,0xf6,
  0x07,0x07,0x00,0x00,0xde,0xde,0xf2,0xf2,0xf2,0xf2,0xf2,0xf2,0x5f,0x5f,0xff,0xff,
  0x07,0x07,0x07,0x07,0x07,0x07,0x07,0x07,0x07,0x07,0x07,0x07,0xe0,0x91,0x91,0x2e,
  0x04,0x04,0x04,0x04,0xbd,0xbd,0xbd,0xbd,0x04,0x04,0x04,0x04,0xf8,0x04,0x04,0x04,
  0x07,0x07,0x07,0x07,0x59,0xbd,0xbd,0xbd,0x19,0x19,0xc2,0xc2,0xa5,0x41,0x3b,0x3b,
  0x0f,0x0f,0x2c,0x2c,0xf1,0xf1,0x0d,0x0d,0x97,0x97,0xc1,0xc1,0x01,0x01,0x01,0x01,
  0xba,0xba,0xf2,0x29,0x07,0x07,0x07,0x07,0x1c,0x1c,0x1c,0x1c,0xeb,0xeb,0x35,0x35,
  0xeb,0xeb,0x35,0x35,0x5a,0x5a,0x5a,0x73,0x07,0x07,0x07,0x07,0x11,0x11,0x11,0x11,
  0x04,0x04,0x36,0xe0,0x0f,0x0f,0x2c,0x2c,0x0f,0x0f,0x2c,0x2c,0xcc,0xcc,0xf6,0xf6,
  0x07,0x07,0x00,0x00,0xde,0xde,0xf2,0xf2,0xde,0xde,0xf2,0xf2,0x5f,0x5f,0x6c,0x6c,
  0x07,0x07,0x07,0x07,0x07,0x07,0x07,0x07,0x07,0x07,0x07,0x07,0xe0,0x91,0x91,0x2e,
  0x04,0x04,0x04,0x04,0xbd,0xbd,0xbd,0xbd,0x04,0x04,0x04,0x04,0xf8,0x04,0x04,0x04,
  0x07,0x07,0x07,0x07,0xbd,0xbd,0xbd,0xbd,0x19,0x19,0xc2,0xc2,0xa5,0x41,0x3b,0x3b,
  0x0f,0x0f,0x2c,0x2c,0xf1,0xf1,0xf1,0xf1,0x97,0x97,0xc1,0xc1,0x01,0x01,0x01,0x01,
  0xba,0xba,0xf2,0x29,0x07,0x07,0x07,0x07,0xf9,0xf9,0xf9,0xf9,0xeb,0xeb,0x35,0x35,
  0xeb,0xeb,0x35,0x35,0x5a,0x92,0x5a,0x2f,0x07,0x07,0x07,0x07,0x11,0x11,0x11,0x11,
  0x04,0x04,0x36,0xe0,0x0f,0x0f,0x2c,0x2c,0x0f,0x0f,0x2c,0x2c,0xcc,0xcc,0xf6,0xf6,
  0x07,0x07,0x00,0x00,0xde,0xde,0xf2,0xf2,0xde,0xde,0xf2,0xf2,0x5f,0x5f,0x6c,0x6c,
  0x07,0x07,0x07,0x07,0x07,0x07,0x07,0x07,0x07,0x07,0x07,0x07,0x07,0x07,0x07,0x07,
  0x89,0x89,0x4b,0x4c,0xbb,0xbb,0xbb,0xbb,0x07,0x07,0x07,0x07,0x07,0x35,0xe9,0x2e,
  0x07,0x07,0x07,0x07,0xbb,0xbb,0xbb,0xbb,0x19,0x19,0xc2,0xc2,0xa5,0x41,0x3b,0x3b,
  0x0f,0x0f,0x2c,0x2c,0xe7,0xe7,0xf6,0xf6,0x97,0x97,0xc1,0x47,0x6d,0xcf,0xff,0xff,
  0x29,0x29,0x3a,0x29,0x07,0x07,0x07,0x07,0x79,0x79,0x79,0x79,0xeb,0xeb,0x35,0x35,
  0xeb,0xeb,0x35,0x35,0x5a,0x92,0x5a,0x2f,0x07,0x07,0x07,0x07,0x11,0x11,0x11,0x11,
  0x04,0x04,0x36,0xe0,0x0f,0x0f,0x2c,0x2c,0x0f,0x0f,0x2c,0x2c,0xcc,0xcc,0xf6,0xf6,
  0x07,0x07,0x00,0x00,0xde,0xde,0xf2,0xf2,0xde,0xde,0xf2,0xf2,0x5f,0x5f,0x6c,0x6c,
  0x07,0x07,0x07,0x07,0x07,0x07,0x07,0x07,0x07,0x07,0x07,0x07,0x07,0x07,0x07,0x07,
  0x89,0x89,0x4b,0x4c,0xbb,0xbb,0xbb,0xbb,0x07,0x07,0x07,0x07,0x07,0xe9,0xe9,0x2e,
  0x07,0x07,0x07,0x07,0xbb,0xbb,0xbb,0xbb,0x19,0x19,0xc2,0xc2,0xa5,0x41,0x3b,0x3b,
  0x0f,0x0f,0x2c,0x2c,0xe7,0xe7,0xe7,0xe7,0x47,0x97,0x08,0x47,0x6d,0xff,0xff,0xff,
  0x29,0x29,0x3a,0x29,0x07,0x07,0x07,0x07,0x79,0x79,0x79,0x79,0xeb,0xeb,0x35,0x35,
  0xeb,0xeb,0x35,0x35,0x67,0x92,0x67,0x2f,0x07,0x07,0x07,0x07,0x11,0x11,0x11,0x11,
  0x04,0x04,0x35,0xe0,0x0f,0x0f,0x2c,0x2c,0x0f,0x0f,0x2c,0x2c,0xcc,0xcc,0xf6,0xf6,
  0x07,0x07,0x00,0x00,0xde,0xde,0xf2,0xf2,0xde,0xde,0xf2,0xf2,0x5f,0x5f,0x6c,0x6c,
  0x07,0x07,0x07,0x07,0x4a,0x62,0x62,0xbf,0xe7,0x96,0x96,0x98,0x07,0x2e,0x04,0x04,
  0xef,0xef,0xef,0xef,0x07,0x07,0x07,0x07,0xa9,0xa9,0xa9,0xa9,0x01,0x01,0xa9,0xa9,
  0x01,0x01,0xa9,0xa9,0x59,0x59,0xa9,0xa9,0x19,0x19,0xc2,0xc2,0xa5,0x41,0x3b,0x3b,
  0x0f,0x0f,0x2c,0x2c,0x04,0x04,0x93,0x93,0x47,0x40,0x58,0x47,0x59,0x59,0xa9,0xa9,
  0xbd,0xcc,0xf1,0xf1,0x07,0x07,0x07,0x07,0xbe,0xbe,0xca,0xb9,0x5b,0x5b,0x56,0x56,
  0x5b,0x5b,0x56,0x5b,0x59,0x59,0x59,0x59,0x07,0x07,0x07,0x07,0x07,0x07,0x07,0x07,
  0x07,0x07,0xe9,0x2e,0x31,0x31,0x31,0x31,0x31,0x31,0x31,0x31,0x04,0x04,0x04,0x04,
  0x07,0x07,0x00,0x00,0xde,0xde,0xf2,0xf2,0xde,0xde,0xf2,0xf2,0x1e,0x1e,0xff,0xff,
  0x07,0x07,0x07,0x07,0x62,0x4a,0x4a,0xbf,0xe7,0x96,0x96,0x98,0x07,0xe9,0x04,0x04,
  0xef,0xef,0xef,0xef,0x07,0x07,0x07,0x07,0xa9,0xa9,0xa9,0xa9,0x01,0x01,0xa9,0xa9,
  0x01,0x01,0xa9,0xa9,0x59,0x59,0xa9,0xa9,0x19,0x19,0xc2,0xc2,0xa5,0x41,0x3b,0x3b,
  0x0f,0x0f,0x2c,0x2c,0x04,0x04,0x93,0x93,0x47,0x40,0x58,0x47,0x59,0x59,0xa9,0xa9,
  0xbd,0xcc,0xf1,0xf1,0x07,0x07,0x07,0x07,0xbe,0xbe,0xca,0xb9,0x5b,0x5b,0x56,0x56,
  0x5b,0x5b,0x56,0x5b,0xf7,0xf7,0xf7,0xf7,0x07,0x07,0x07,0x07,0x07,0x07,0x07,0x07,
  0x07,0x07,0xe9,0x2e,0x31,0x31,0x31,0x31,0x31,0x31,0x31,0x31,0x04,0x04,0x04,0x04,
  0x07,0x07,0x00,0x00,0xde,0xde,0xf2,0xf2,0xde,0xde,0xf2,0xf2,0x1e,0x1e,0xff,0xff,
  0x07,0x07,0x07,0x07,0x4a,0x91,0x91,0xbf,0x96,0x96,0x96,0x96,0x2e,0x35,0x04,0x04,
  0xef,0xef,0xef,0xef,0x8c,0x21,0x21,0x21,0xa9,0xa9,0xa9,0xa9,0x01,0x01,0xa9,0xa9,
  0x01,0x01,0xa9,0xa9,0x59,0x59,0xa9,0xa9,0x19,0x19,0xc2,0xc2,0xa5,0x41,0x3b,0x3b,
  0x0f,0x0f,0x2c,0x2c,0x04,0x04,0x93,0x93,0x47,0x40,0x58,0x47,0x59,0x59,0xa9,0xa9,
  0xbd,0xcc,0xf1,0xf1,0x07,0x07,0x07,0x07,0x8e,0xbe,0xca,0xca,0x5b,0x5b,0x5b,0x5b,
  0x5b,0x5b,0x5b,0x5b,0x01,0x01,0x01,0x01,0x07,0x07,0x07,0x07,0x07,0x07,0x07,0x07,
  0x07,0x07,0xe9,0x2e,0xff,0xff,0x6d,0xff,0xff,0xff,0x6d,0xff,0x6c,0x6c,0x6c,0xff,
  0x07,0x07,0x00,0x00,0xde,0xde,0xf2,0xf2,0xde,0xde,0xf2,0xf2,0x1e,0x1e,0xff,0xff,
  0x07,0x07,0x07,0x07,0x91,0x4a,0x4a,0xbf,0x96,0x96,0x96,0x96,0x35,0x35,0x04,0x04,
  0xef,0xef,0xef,0xef,0x8c,0x8c,0x21,0x21,0x59,0xa9,0xa9,0xa9,0x01,0x01,0xa9,0xa9,
  0x01,0x01,0xa9,0xa9,0x59,0x59,0xa9,0xa9,0x19,0x19,0xc2,0xc2,0xa5,0x41,0x3b,0x3b,
  0x0f,0x0f,0x2c,0x2c,0x04,0x04,0x93,0x93,0x47,0x47,0x58,0x58,0x59,0x59,0xa9,0xa9,
  0xbd,0xcc,0xf1,0xf1,0x07,0x07,0x07,0x07,0x8e,0xbe,0xca,0xca,0x5b,0x5b,0x5b,0x5b,
  0x5b,0x5b,0x5b,0x5b,0xbb,0xbb,0xbb,0xbb,0x07,0x07,0x07,0x07,0x07,0x07,0x07,0x07,
  0x07,0x07,0xe9,0x2e,0xff,0xff,0x6d,0xff,0xff,0xff,0x6d,0xff,0x6c,0x6c,0x6c,0xff,
  0x07,0x07,0x00,0x00,0xde,0xde,0xf2,0xf2,0xde,0xde,0xf2,0xf2,0x1e,0x1e,0xff,0xff,
  0x2d,0x8a,0x4b,0x4c,0xa6,0xa6,0x0b,0x43,0x07,0x07,0x07,0x07,0x00,0x00,0x0e,0x0e,
  0x00,0x00,0x0e,0x0e,0x00,0x00,0x0e,0x0e,0x01,0x01,0x01,0x01,0x04,0x04,0x04,0x04,
  0x59,0x59,0x59,0x59,0x59,0x59,0xa9,0xa9,0x97,0x97,0x1f,0x97,0xa5,0x41,0xda,0x3b,
  0x0f,0x0f,0x2c,0x2c,0x01,0x01,0xe2,0xe2,0x47,0x47,0x58,0x58,0x59,0x59,0xa9,0xa9,
  0x04,0x04,0xff,0x6c,0x5a,0x2f,0x5a,0x2f,0xca,0xca,0xca,0xca,0xca,0xca,0xca,0xca,
  0xca,0xca,0xca,0xca,0x0d,0x0d,0x19,0x1f,0x07,0x07,0x07,0x07,0x07,0x07,0x07,0x07,
  0x07,0x07,0x07,0x07,0x2d,0x2d,0x56,0x8b,0x58,0x09,0x09,0x09,0x07,0x07,0x07,0x07,
  0x07,0x07,0x00,0x00,0xde,0xde,0xf2,0xf2,0xde,0xde,0xf2,0xf2,0x1e,0x1e,0xff,0xff,
  0xfa,0x16,0x89,0x4c,0xdc,0x0b,0x0b,0x43,0x07,0x07,0x07,0x07,0x00,0x00,0x0e,0x0e,
  0x00,0x00,0x0e,0x0e,0x00,0x00,0x0e,0x0e,0x01,0x01,0x01,0x01,0x04,0x04,0x04,0x04,
  0x59,0x59,0x59,0x59,0x59,0x59,0xa9,0xa9,0x97,0x97,0x97,0x19,0xa5,0xa5,0xda,0xda,
  0x0f,0x0f,0x2c,0x2c,0x01,0x01,0xe2,0xe2,0x47,0x47,0x58,0x58,0x59,0x59,0xa9,0xa9,
  0x04,0x04,0xff,0x6c,0x5a,0x2f,0x5a,0x2f,0xca,0xca,0xca,0xca,0xca,0xca,0xca,0xca,
  0xca,0xca,0xca,0xca,0x1f,0x1f,0x1f,0x1f,0x07,0x07,0x07,0x07,0x07,0x07,0x07,0x07,
  0x07,0x07,0x07,0x07,0x2d,0x2d,0x56,0x8b,0x58,0x09,0x09,0x09,0x07,0x07,0x07,0x07,
  0x07,0x07,0x00,0x00,0xde,0xde,0xf2,0xf2,0xde,0xde,0xf2,0xf2,0x1e,0x1e,0xff,0xff,
  0xfa,0x16,0x89,0x4c,0xa6,0xa6,0x11,0x94,0x07,0x07,0x07,0x07,0x00,0x00,0x0e,0x0e,
  0x00,0x00,0x0e,0x0e,0x00,0x00,0x0e,0x0e,0x93,0x93,0x93,0x93,0x99,0x99,0xff,0xff,
  0xa9,0xa9,0xa9,0xa9,0x59,0x59,0xa9,0xa9,0x9a,0x9a,0xb3,0x9a,0xa5,0xa5,0xda,0xda,
  0x0f,0x0f,0x2c,0x2c,0x01,0x01,0xe2,0xe2,0x47,0x47,0x58,0x58,0x59,0x59,0xa9,0xa9,
  0x04,0x04,0xff,0x6c,0x5a,0x2f,0x5a,0x2f,0x73,0x73,0xb9,0x2f,0xa0,0xa0,0xb9,0x2f,
  0x73,0x73,0xb9,0x2f,0x0d,0x0d,0x1f,0x58,0x07,0x07,0x07,0x07,0x07,0x07,0x07,0x07,
  0x07,0x07,0x07,0x07,0x07,0x07,0x07,0x07,0x04,0x04,0x04,0x04,0x38,0x38,0x07,0x07,
  0x07,0x07,0x00,0x00,0xde,0xde,0xf2,0xf2,0xde,0xde,0xf2,0xf2,0x1e,0x1e,0xff,0xff,
  0xfa,0x2d,0x89,0x4b,0xb1,0x11,0x11,0x94,0x96,0x07,0x07,0x07,0x00,0x00,0x0e,0x0e,
  0x00,0x00,0x0e,0x0e,0x00,0x00,0x0e,0x0e,0x93,0x93,0x93,0x93,0x99,0x99,0x99,0xff,
  0xa9,0xa9,0xa9,0xa9,0x59,0x59,0xa9,0xa9,0x9a,0x9a,0x9a,0x9a,0x41,0xa5,0x3b,0xda,
  0x0f,0x0f,0x2c,0x2c,0x01,0x01,0xe2,0xe2,0x40,0x40,0x47,0x47,0x59,0x59,0xa9,0xa9,
  0x04,0x04,0xff,0x6c,0x5a,0x2f,0x5a,0x91,0x73,0x73,0xb9,0x2f,0xa0,0xa0,0xb9,0x2f,
  0x73,0x73,0xb9,0x2f,0x58,0x58,0x58,0x58,0x07,0x07,0x07,0x07,0x07,0x07,0x07,0x07,
  0x07,0x07,0x07,0x07,0x07,0x07,0x07,0x07,0x04,0x04,0x04,0x04,0x38,0x38,0x07,0x07,
  0x07,0x07,0x00,0x00,0xde,0xde,0xf2,0xf2,0xde,0xde,0xf2,0xf2,0x1e,0x1e,0xff,0xff,
  0x73,0x73,0x73,0x73,0xdf,0xe8,0xdf,0x5a,0x09,0x59,0xbb,0xbb,0x1c,0x1c,0x1c,0x1c,
  0x23,0x1b,0x56,0x56,0x07,0x07,0x07,0x07,0x07,0x07,0x07,0x07,0x07,0x07,0x07,0x07,
  0x07,0x07,0x07,0x07,0x04,0x04,0x04,0x04,0x48,0xee,0x48,0x48,0x27,0x27,0x7f,0x7f,
  0xe2,0x00,0xe2,0xe2,0x09,0x09,0x01,0x01,0x04,0x04,0x53,0x5f,0x47,0x47,0x47,0x47,
  0x04,0x04,0xe2,0xe2,0xf8,0xf8,0x07,0x07,0xbb,0x01,0x01,0x01,0x44,0x8f,0x8f,0x8f,
  0x97,0x97,0x97,0x97,0xf8,0xf8,0x07,0x07,0x32,0x32,0x60,0x60,0x32,0x32,0x60,0x60,
  0x32,0x32,0x60,0x60,0xa3,0xa3,0x1d,0x1d,0x00,0x00,0x0e,0x0e,0x16,0x16,0x4c,0x4c,
  0x07,0x07,0x4b,0x4c,0x53,0x53,0x5f,0x66,0x02,0x02,0x3a,0x3a,0x07,0x07,0x07,0x07,
  0xd6,0xd6,0xd6,0xd6,0xdf,0x5a,0xdf,0x5a,0x09,0x09,0xbb,0xbb,0xe0,0xe0,0xea,0xea,
  0x23,0x1b,0x56,0x56,0x07,0x07,0x07,0x07,0x07,0x07,0x07,0x07,0x07,0x07,0x07,0x07,
  0x07,0x07,0x07,0x07,0x04,0x04,0x04,0x04,0x48,0xee,0x48,0x48,0x27,0x27,0x7f,0x7f,
  0xe2,0xe2,0xe2,0x00,0x09,0x01,0x01,0x01,0x04,0x04,0x53,0x5f,0x47,0x47,0x47,0x47,
  0x04,0x04,0xe2,0xe2,0x04,0x04,0x07,0x07,0xbb,0x01,0x01,0x01,0x44,0x8f,0x8f,0x8f,
  0xf8,0xf8,0xf8,0xf8,0xf8,0x04,0x07,0x07,0x32,0x32,0x60,0x60,0x32,0x32,0x60,0x60,
  0x32,0x32,0x60,0x60,0xa3,0xa3,0x1d,0x1d,0x00,0x00,0x0e,0x0e,0x16,0x16,0x4c,0x4c,
  0x07,0x07,0x4b,0x4c,0x53,0x53,0x53,0x66,0x02,0x02,0x3a,0x3a,0x07,0x07,0x07,0x07,
  0xe9,0xe9,0xe9,0xe9,0xaf,0xaf,0xaf,0xaf,0x59,0x59,0xbb,0xbb,0xeb,0xeb,0xe0,0xe0,
  0x23,0x56,0x23,0x23,0x04,0x04,0x04,0x04,0x04,0x04,0x04,0x04,0x07,0x07,0x07,0x07,
  0x23,0x89,0x1b,0x1b,0x8c,0x8c,0x8c,0xd5,0x49,0x49,0x49,0x49,0x27,0x27,0x7f,0x7f,
  0x4b,0x4c,0x4b,0x4b,0x5f,0x5f,0x53,0x53,0x04,0x04,0x53,0x5f,0xf4,0xf4,0xf4,0xf4,
  0x04,0x04,0xe2,0xe2,0x04,0x04,0x07,0x07,0x04,0x04,0x04,0x04,0x44,0x77,0x77,0x77,
  0x9b,0x9b,0x9b,0x9b,0x04,0x04,0x07,0x07,0x32,0x32,0x60,0x60,0x32,0x32,0x60,0x60,
  0x32,0x32,0x60,0x60,0xa3,0xa3,0x1d,0x1d,0x00,0x00,0x0e,0x0e,0x16,0x16,0x4c,0x4c,
  0x07,0x07,0x4b,0x4c,0x6d,0x6d,0x6c,0xcf,0x02,0x02,0x3a,0x3a,0x6a,0x6a,0x6a,0x6a,
  0x18,0x18,0x18,0x18,0xaf,0xaf,0xaf,0xaf,0x59,0x09,0xbb,0xbb,0xeb,0xeb,0xe0,0xe0,
  0x23,0x56,0x23,0x23,0x04,0x04,0x04,0x04,0x04,0x04,0x04,0x04,0x07,0x07,0x07,0x07,
  0x56,0x89,0x23,0x1b,0x8c,0x8c,0x8c,0xd5,0x49,0x49,0x49,0x49,0x27,0x27,0x7f,0x7f,
  0x4b,0x4b,0x4b,0x4c,0x5f,0x53,0x53,0x53,0x04,0x04,0x53,0x5f,0xf4,0xf4,0xf4,0xf4,
  0x04,0x04,0xe2,0xe2,0x04,0x04,0x07,0x07,0x04,0x04,0x04,0x04,0x44,0x77,0x77,0x77,
  0xf8,0xf8,0xf8,0xf8,0x04,0x04,0x07,0x07,0x32,0x32,0x60,0x60,0x32,0x32,0x60,0x60,
  0x32,0x32,0x60,0x60,0xa3,0xa3,0x1d,0x1d,0x00,0x00,0x0e,0x0e,0x16,0x16,0x4c,0x4c,
  0x07,0x07,0x4b,0x4c,0x6d,0x6d,0x6d,0xcf,0x02,0x02,0x3a,0x3a,0x6a,0x6a,0x6a,0x6a,
  0xf8,0xf8,0xf8,0xf8,0xf7,0xf7,0x09,0x09,0x9b,0x9b,0x9b,0x9b,0x9b,0x9b,0x9b,0x9b,
  0xf8,0xf8,0xf8,0xf8,0x09,0x09,0xbb,0xbb,0x09,0x09,0xbb,0xbb,0x09,0x09,0xbb,0xbb,
  0x09,0x09,0xbb,0xbb,0x91,0x91,0x94,0x94,0x07,0x07,0x07,0x07,0x35,0x35,0x36,0xe0,
  0x07,0x07,0x07,0x07,0x07,0x07,0x07,0x07,0xee,0xee,0x25,0x25,0x0f,0x0f,0xe1,0xe1,
  0x0d,0x0d,0x0d,0xc2,0x82,0x78,0x4d,0x82,0x00,0x00,0x0e,0x0e,0x00,0x00,0x0e,0x0e,
  0xf7,0xf7,0x09,0x09,0x07,0x07,0x07,0x07,0x36,0x36,0x36,0x36,0x07,0x07,0x07,0x07,
  0x07,0x07,0x07,0x07,0x01,0x01,0x04,0x04,0x00,0x00,0x0e,0x0e,0x16,0x16,0x4c,0x4c,
  0x36,0x36,0x36,0x36,0x47,0x47,0x47,0x47,0xba,0x29,0x29,0xac,0x36,0x36,0x36,0x36,
  0xf8,0xf8,0xf8,0xf8,0xf7,0xf7,0x09,0x09,0x9b,0x9b,0x9b,0x9b,0x9b,0x9b,0x9b,0x9b,
  0xf8,0xf8,0xf8,0xf8,0x09,0x09,0xbb,0xbb,0x09,0x09,0xbb,0xbb,0x09,0x09,0xbb,0xbb,
  0x09,0x09,0xbb,0xbb,0x94,0x91,0x94,0x94,0x07,0x07,0x07,0x07,0x35,0x36,0x36,0xe0,
  0x07,0x07,0x07,0x07,0x07,0x07,0x07,0x07,0xf8,0xf4,0x4b,0x24,0x0f,0x0f,0xe1,0xe1,
  0x0d,0x0d,0x0d,0xc2,0x55,0x78,0x8a,0x82,0x00,0x00,0x0e,0x0e,0x00,0x00,0x0e,0x0e,
  0x0c,0x0c,0x0c,0x0c,0x07,0x07,0x07,0x07,0x36,0x36,0x36,0x36,0x07,0x07,0x07,0x07,
  0x07,0x07,0x07,0x07,0x01,0x01,0x04,0x04,0x00,0x00,0x0e,0x0e,0x16,0x16,0x4c,0x4c,
  0x36,0x36,0x36,0x36,0x47,0x47,0x47,0x47,0xda,0xda,0xda,0xda,0x36,0x36,0x36,0x36,
  0xf8,0xf8,0xf8,0xf8,0xf7,0xf7,0x09,0x09,0x9b,0x9b,0x9b,0x9b,0x9b,0x9b,0x9b,0x9b,
  0xf8,0xf8,0xf8,0xf8,0x09,0x09,0xbb,0xbb,0x09,0x09,0xbb,0xbb,0x09,0x09,0xbb,0xbb,
  0x09,0x09,0xbb,0xbb,0x04,0x04,0x04,0x04,0x4c,0x4c,0x4b,0x89,0x56,0x56,0x89,0x56,
  0x07,0x07,0x07,0x07,0x07,0x07,0x07,0x07,0xf4,0xf4,0x24,0x24,0x0f,0x0f,0x2c,0x2c,
  0x0d,0x0d,0x0d,0xc2,0x78,0x78,0x82,0x82,0x00,0x00,0x0e,0x0e,0x00,0x00,0x0e,0x0e,
  0xf7,0xf7,0x0c,0x0c,0x07,0x07,0x07,0x07,0x35,0x35,0x36,0x35,0x07,0x07,0x07,0x07,
  0x07,0x07,0x07,0x07,0x01,0x01,0x04,0x04,0x00,0x00,0x0e,0x0e,0x16,0x16,0x4c,0x4c,
  0xff,0xff,0xff,0x6d,0x47,0x47,0x47,0x47,0xda,0xda,0xda,0xda,0x6d,0x6d,0xff,0x6d,
  0xf8,0xf8,0xf8,0xf8,0xf7,0xf7,0x09,0x09,0x9b,0x9b,0x9b,0x9b,0x9b,0x9b,0x9b,0x9b,
  0xf8,0xf8,0xf8,0xf8,0x59,0x59,0xbb,0xbb,0x59,0x59,0xbb,0xbb,0x59,0x59,0xbb,0xbb,
  0x59,0x59,0xbb,0xbb,0x04,0x04,0x04,0x04,0x4c,0x4c,0x4c,0x4b,0x56,0x23,0x89,0x56,
  0x07,0x07,0x07,0x07,0x07,0x07,0x07,0x07,0xf4,0xf8,0x24,0x4b,0x0f,0x0f,0x2c,0x2c,
  0x0d,0x0d,0x0d,0xc2,0x78,0x78,0x82,0x82,0x00,0x00,0x0e,0x0e,0x00,0x00,0x0e,0x0e,
  0x96,0x96,0xf0,0xf0,0x07,0x07,0x07,0x07,0x35,0x35,0x36,0x35,0x07,0x07,0x07,0x07,
  0x07,0x07,0x07,0x07,0xbb,0xbb,0x04,0x04,0x00,0x00,0x0e,0x0e,0x16,0x16,0x4c,0x4c,
  0x6d,0x6d,0xff,0x6d,0x40,0x40,0x40,0x40,0xba,0xba,0x29,0x29,0x6d,0x6d,0xff,0x6d,
  0xaa,0x97,0xf8,0x9b,0x1c,0x1c,0x1c,0x1c,0x56,0x56,0x56,0x56,0xf9,0xf9,0x79,0x79,
  0xf9,0xf9,0x79,0x79,0x56,0x56,0x56,0x56,0xeb,0xeb,0xe0,0xe0,0xf4,0xf4,0xf4,0xf4,
  0xf7,0xf7,0x09,0x09,0x9b,0x9b,0x9b,0x9b,0xc9,0xc9,0xc9,0x57,0x23,0x23,0x23,0x23,
  0x8e,0xbe,0xbe,0xbe,0x95,0x95,0x1b,0x1b,0x5e,0x5e,0x07,0x07,0x19,0x19,0x19,0x3f,
  0x4c,0x24,0x6d,0xff,0x00,0x00,0x0e,0x0e,0x00,0x00,0x0e,0x0e,0xef,0xef,0x3e,0x3e,
  0xc5,0x13,0x13,0x13,0x08,0xf4,0xf4,0xf4,0x5a,0xe8,0x5a,0xe8,0x9c,0xa4,0x5e,0x9c,
  0x07,0x07,0x07,0x07,0x38,0x38,0x07,0x04,0x69,0x23,0x23,0x69,0x36,0x35,0xe9,0x35,
  0x89,0x89,0x56,0x56,0x07,0x07,0x07,0x07,0x07,0x07,0x07,0x07,0x07,0x07,0x07,0x07,
  0xaa,0x97,0xf8,0x9b,0x1c,0x1c,0x1c,0x1c,0x56,0x56,0x56,0x56,0xf9,0xf9,0x79,0x79,
  0xf9,0xf9,0x79,0x79,0x56,0x56,0x56,0x56,0xeb,0xeb,0x35,0x35,0xf4,0xf4,0xf4,0xf4,
  0xf7,0xf7,0x09,0x09,0x9b,0x9b,0x9b,0x9b,0xc9,0xb7,0xc9,0xc9,0x23,0x23,0x23,0x23,
  0x8e,0xbe,0xbe,0xbe,0x95,0x95,0x1b,0x1b,0x5e,0x38,0x07,0x07,0x19,0x19,0x19,0x3f,
  0x4c,0x24,0x6d,0xff,0x00,0x00,0x0e,0x0e,0x00,0x00,0x0e,0x0e,0xef,0xb0,0x3e,0x87,
  0xc5,0x13,0x13,0x13,0x08,0xf4,0xf4,0xf4,0x5a,0x5a,0x5a,0x5a,0x9c,0xa4,0x5e,0x15,
  0x07,0x07,0x07,0x07,0x38,0x38,0x07,0x04,0x69,0x23,0x23,0x69,0x36,0x35,0x35,0x35,
  0x07,0x07,0x07,0x07,0x07,0x07,0x07,0x07,0x07,0x07,0x07,0x07,0x07,0x07,0x07,0x07,
  0xaa,0x97,0xf8,0x9b,0x79,0x79,0x79,0x79,0x56,0x56,0x56,0x56,0x1c,0x1c,0x79,0x79,
  0xf9,0xf9,0x79,0x79,0x1b,0x56,0x1b,0x1b,0xeb,0xeb,0x37,0x37,0x9b,0x9b,0x9b,0x9b,
  0xf7,0xf7,0x09,0x09,0x9b,0x9b,0x9b,0x9b,0xb7,0xb7,0xc9,0xc9,0x07,0x07,0x07,0x07,
  0xbe,0xbe,0xbe,0xbe,0x95,0x95,0x1b,0x1b,0x5e,0x08,0x07,0x07,0x3f,0x3f,0x3f,0xb3,
  0x4c,0x4c,0x6d,0x6d,0x00,0x00,0x0e,0x0e,0x00,0x00,0x0e,0x0e,0x00,0xb0,0x3a,0x87,
  0x66,0x53,0x53,0x53,0x07,0x07,0x07,0x07,0xe4,0xaf,0xe4,0xaf,0xa4,0xa4,0x5e,0xa4,
  0x07,0x07,0x07,0x07,0x07,0x07,0x07,0x07,0xc8,0xb8,0xb8,0xc8,0x07,0x07,0x07,0x07,
  0x89,0x89,0x56,0x56,0x07,0x07,0x07,0x07,0x07,0x07,0x07,0x07,0x07,0x07,0x07,0x07,
  0xaa,0x97,0xf8,0x9b,0x79,0x79,0x79,0x79,0x56,0x56,0x56,0x56,0x1c,0x1c,0x79,0x79,
  0x1c,0x1c,0x79,0x79,0x1b,0x1b,0x1b,0x1b,0xeb,0xeb,0x37,0x37,0x9b,0x9b,0x9b,0x9b,
  0xf7,0xf7,0x09,0x09,0xf4,0x9b,0x9b,0x9b,0xb7,0xc9,0xc9,0xc9,0x07,0x07,0x07,0x07,
  0xbe,0xbe,0xbe,0xbe,0x95,0x95,0x1b,0x1b,0x38,0x08,0x07,0x07,0x3f,0x3f,0x3f,0x14,
  0x24,0x24,0xcf,0xff,0x00,0x00,0x0e,0x0e,0x00,0x00,0x0e,0x0e,0x00,0xb0,0x3a,0x87,
  0x66,0x53,0x53,0x53,0x07,0x07,0x07,0x07,0xe4,0xe4,0xe4,0xe4,0xa4,0xa4,0x5e,0x15,
  0x07,0x07,0x07,0x1b,0x07,0x07,0x07,0x07,0xc8,0xb8,0xb8,0xc8,0x07,0x07,0x07,0x07,
  0x89,0x89,0x56,0x56,0x07,0x07,0x07,0x07,0x07,0x07,0x07,0x07,0x07,0x07,0x07,0x07,
  0x1f,0x19,0x58,0xaa,0x5b,0x5b,0x5b,0x5b,0x1c,0x1c,0x79,0x79,0x5b,0x5b,0x5b,0x5b,
  0x5b,0x5b,0x5b,0x5b,0x1c,0x1c,0x1c,0x1c,0x1c,0x1c,0x79,0x79,0xbe,0xbe,0x18,0x18,
  0xf7,0xf7,0xf7,0xf7,0x07,0x07,0x07,0x07,0x27,0x27,0x27,0x27,0x86,0x86,0x3d,0x3d,
  0x86,0x86,0x3d,0x3d,0xcc,0xfd,0x3b,0x3b,0x9a,0x9a,0x9a,0x9a,0x72,0x72,0x15,0x15,
  0x82,0x55,0x93,0x93,0x00,0x00,0x0e,0x0e,0x00,0x00,0x0e,0x0e,0x02,0x15,0x84,0xc5,
  0x00,0x00,0x0e,0x0e,0x53,0x53,0x6d,0x6d,0x07,0x07,0x07,0x07,0x46,0xc7,0x83,0x83,
  0xae,0xae,0x42,0x42,0xae,0xae,0x42,0x16,0x03,0x03,0xd0,0xd0,0x03,0x03,0xd0,0xd0,
  0xe2,0xe2,0xf2,0xf2,0x00,0x00,0x0e,0x0e,0x00,0x00,0xe2,0xe2,0x07,0x56,0x56,0x56,
  0x1f,0x19,0x58,0xaa,0x5b,0x5b,0x5b,0x5b,0x1c,0x1c,0x79,0x79,0x5b,0x5b,0x5b,0x5b,
  0x5b,0x5b,0x5b,0x5b,0x1c,0x1c,0x1c,0x1c,0x1c,0x1c,0x79,0x79,0xbe,0xbe,0x18,0x18,
  0xf7,0xf7,0xf7,0xf7,0x07,0x07,0x07,0x07,0xc9,0xc9,0x57,0x57,0x8e,0x8e,0xd4,0xd4,
  0x8e,0x8e,0xd4,0xd4,0xba,0x3b,0x3b,0x3b,0x9a,0x9a,0x9a,0x9a,0x72,0x72,0x72,0x15,
  0x82,0x53,0x93,0x93,0x00,0x00,0x0e,0x0e,0x00,0x00,0x0e,0x0e,0x02,0x15,0x84,0xc5,
  0x00,0x00,0x0e,0x0e,0x53,0x53,0x6d,0x6d,0x07,0x07,0x07,0x07,0xc7,0xc7,0x83,0x83,
  0xae,0xae,0x42,0x42,0xae,0xae,0x42,0x42,0x03,0x03,0xd0,0xd0,0x03,0x03,0xd0,0xd0,
  0xe2,0x00,0xf2,0x0e,0x00,0x00,0x0e,0x0e,0x00,0x00,0xe2,0xe2,0x07,0x07,0x07,0x07,
  0x1f,0x19,0x58,0xaa,0x5b,0x5b,0x5b,0x5b,0x1c,0x1c,0x79,0x79,0x5b,0x5b,0x5b,0x5b,
  0x5b,0x5b,0x5b,0x5b,0xd4,0xd4,0xd4,0xd4,0x1c,0x1c,0x79,0x79,0xbe,0xbe,0x18,0x18,
  0x09,0x09,0x09,0x09,0x07,0x07,0x07,0x07,0xc9,0xc9,0x57,0x57,0x8e,0x8e,0xd4,0xd4,
  0x8e,0x8e,0xd4,0xd4,0xe1,0x96,0xf6,0xf6,0x20,0x20,0x9a,0x9a,0x72,0x72,0x72,0x15,
  0x82,0x53,0x93,0x93,0x00,0x00,0x0e,0x0e,0x00,0x00,0x0e,0x0e,0x02,0x15,0x84,0xc5,
  0x00,0x00,0x0e,0x0e,0x53,0x53,0x6d,0x6d,0x07,0x07,0x07,0x07,0x46,0xc7,0x83,0x83,
  0xae,0xae,0x42,0x42,0xae,0xae,0x42,0x42,0x03,0x03,0xd0,0xd0,0x03,0x03,0xd0,0xd0,
  0xe2,0xe2,0xf2,0xf2,0x00,0x00,0x0e,0x0e,0x00,0x00,0xe2,0xe2,0x07,0x56,0x56,0x56,
  0x1f,0x19,0x58,0xaa,0x5b,0x5b,0x5b,0x5b,0x1c,0x1c,0x79,0x79,0x5b,0x5b,0x5b,0x5b,
  0x5b,0x5b,0x5b,0x5b,0xd4,0xd4,0xd4,0xd4,0x1c,0x1c,0x79,0x79,0xbe,0xbe,0x18,0x18,
  0x09,0x09,0x09,0x09,0x07,0x07,0x07,0x07,0xc9,0xc9,0x57,0x57,0x8e,0x8e,0xd4,0xd4,
  0x8e,0x8e,0xd4,0xd4,0xbd,0xf6,0xf6,0xf6,0x20,0xda,0x9a,0x9a,0x72,0x72,0x72,0x72,
  0x82,0x82,0x93,0x93,0x00,0x00,0x0e,0x0e,0x00,0x00,0x0e,0x0e,0x02,0x15,0x84,0xc5,
  0x00,0x00,0x0e,0x0e,0x53,0x53,0x6d,0x6d,0x07,0x07,0x07,0x07,0x46,0x46,0x83,0x83,
  0xae,0xae,0x42,0x42,0xae,0xae,0x42,0x42,0x03,0x03,0xd0,0xd0,0x03,0x03,0xd0,0xd0,
  0xe2,0xe2,0xf2,0xf2,0x00,0x00,0x0e,0x0e,0x00,0x00,0xe2,0xe2,0x07,0x07,0x07,0x07,
  0x07,0x07,0x07,0x07,0x07,0x07,0x07,0x07,0x07,0x07,0x07,0x07,0xe4,0xe4,0xe4,0xe6,
  0x07,0x07,0x07,0x07,0x07,0x07,0x07,0x07,0x07,0x07,0x92,0x07,0x08,0x01,0x01,0x01,
  0x3e,0x00,0x00,0x00,0xe6,0x30,0xe6,0x30,0x8e,0x8e,0xd4,0xd4,0x8e,0x8e,0x88,0x88,
  0x07,0x07,0x07,0x07,0x91,0x2e,0x2e,0xe0,0x07,0x07,0x07,0x07,0x07,0x07,0x07,0x07,
  0x07,0x07,0x2e,0xe9,0x00,0x00,0x0e,0x0e,0x00,0x00,0x0e,0x0e,0x3a,0xda,0x3a,0x9a,
  0x00,0x00,0x0e,0x0e,0x53,0x53,0x6d,0x6d,0x07,0x07,0x07,0x07,0x46,0x46,0x83,0x83,
  0xae,0xae,0x42,0x42,0xae,0xae,0x42,0x42,0x03,0x03,0xd0,0xd0,0x03,0x03,0xd0,0xd0,
  0xef,0xef,0x3a,0x3a,0x00,0x00,0x00,0x00,0xe2,0xe2,0xe2,0xe2,0x07,0x07,0x07,0x07,
  0x07,0x07,0x07,0x07,0x07,0x07,0x07,0x07,0x07,0x07,0x07,0x07,0xe4,0xe4,0xe4,0xe4,
  0x07,0x07,0x07,0x07,0x07,0x07,0x07,0x07,0x07,0x1b,0x92,0x92,0x08,0x01,0x01,0x01,
  0x00,0x00,0x3e,0xb5,0x30,0x30,0xe4,0x30,0x8e,0x8e,0xd4,0xd4,0x8e,0x8e,0x88,0x88,
  0x07,0x07,0x07,0x07,0xe9,0xe0,0xe0,0xe0,0x07,0x07,0x07,0x07,0x07,0x07,0x07,0x07,
  0x07,0x07,0x2e,0x2e,0x00,0x00,0x0e,0x0e,0x00,0x00,0x0e,0x0e,0x3a,0xda,0x3a,0x9a,
  0x00,0x00,0x0e,0x0e,0x53,0x53,0x6d,0x6d,0x07,0x07,0x07,0x07,0x46,0x46,0x83,0x83,
  0xae,0xae,0x42,0x42,0xae,0xae,0x42,0x42,0x03,0x03,0xd0,0xd0,0x03,0x03,0xd0,0xd0,
  0xef,0xef,0x3a,0x3a,0x00,0x00,0x00,0x00,0xe2,0xe2,0xe2,0xe2,0x07,0x07,0x07,0x07,
  0x07,0x07,0x07,0x07,0x07,0x07,0x07,0x1b,0x07,0x07,0x07,0x07,0x07,0x07,0x07,0xb0,
  0x07,0x07,0x07,0x07,0x07,0x07,0x07,0x07,0x07,0x07,0x56,0x07,0x04,0x04,0x04,0x04,
  0x3e,0xef,0xef,0xef,0xa0,0x30,0xa0,0x30,0x8e,0x8e,0xd4,0xd4,0x8e,0x8e,0x88,0x88,
  0x07,0x07,0x07,0x07,0x07,0x07,0x07,0x07,0x07,0x07,0x07,0x07,0x07,0x07,0x07,0x07,
  0x07,0x07,0xe9,0xe9,0x00,0x00,0x0e,0x0e,0x00,0x00,0x0e,0x0e,0x3a,0xda,0x3a,0x9a,
  0x00,0x00,0x0e,0x0e,0x53,0x53,0x6d,0x6d,0x07,0x07,0x07,0x07,0x46,0xc7,0x83,0x83,
  0xae,0xae,0x42,0x42,0xae,0xae,0x42,0x42,0x03,0x03,0xd0,0xd0,0x03,0x03,0xd0,0xd0,
  0xef,0xef,0x3a,0x00,0x00,0x00,0x00,0x00,0xe2,0xe2,0xe2,0xe2,0x07,0x07,0x07,0x07,
  0x07,0x07,0x07,0x07,0x07,0x07,0x07,0x1b,0x07,0x07,0x07,0x07,0x07,0x07,0x07,0xb5,
  0x07,0x07,0x07,0x07,0x07,0x07,0x07,0x07,0x07,0x07,0x56,0x56,0x04,0x04,0x04,0x04,
  0xef,0xef,0x3e,0x5b,0x30,0xaf,0x62,0x30,0x86,0x86,0x3d,0x3d,0x86,0x86,0x3d,0x3d,
  0x07,0x07,0x07,0x07,0x07,0x07,0x07,0x07,0x07,0x07,0x07,0x07,0x07,0x07,0x07,0x07,
  0x07,0x07,0xe9,0x2e,0x00,0x00,0x0e,0x0e,0x00,0x00,0x0e,0x0e,0x3a,0xda,0x3a,0x9a,
  0x00,0x00,0x0e,0x0e,0x53,0x53,0x6d,0x6d,0x07,0x07,0x07,0x07,0x46,0xc7,0x83,0x83,
  0xae,0xae,0x42,0x42,0xae,0xae,0x42,0x8b,0x03,0x03,0xd0,0xd0,0x03,0x03,0xd0,0xd0,
  0xef,0xef,0x3a,0x3a,0xc6,0xc6,0xdd,0xdd,0xc6,0xc6,0x22,0x22,0x07,0x07,0x07,0x07,
  0x53,0x53,0x6d,0x6d,0xcc,0xcc,0xc4,0x3b,0x31,0xf4,0xe2,0xe2,0x0c,0x0c,0x0c,0x0c,
  0xf1,0xf1,0xf1,0xf1,0x0c,0x0c,0xbd,0xbd,0x35,0x36,0x5f,0x53,0x16,0x16,0x16,0x16,
  0xc5,0xa4,0xa4,0xc5,0x56,0x56,0x07,0x07,0x1c,0x1c,0x18,0x18,0x1c,0x1c,0x18,0x18,
  0x07,0x07,0x35,0x35,0x07,0x07,0x04,0x04,0x75,0x75,0x75,0x75,0x33,0x33,0x33,0x33,
  0x07,0x07,0x07,0x07,0xef,0xef,0x00,0x00,0x53,0x53,0x53,0x66,0x12,0x12,0x12,0x12,
  0x00,0x00,0x0e,0x0e,0x53,0x53,0x6d,0x6d,0x04,0x04,0x04,0x04,0x56,0x56,0x23,0x23,
  0x07,0x07,0x07,0x07,0x04,0x04,0x04,0x04,0x07,0x07,0x07,0x07,0xb4,0xb4,0x1e,0x1e,
  0x04,0x04,0x04,0x04,0x04,0x04,0x04,0x04,0x07,0x07,0x07,0x07,0x07,0x07,0x07,0x07,
  0x53,0x53,0x6d,0x6d,0xcc,0xcc,0xc4,0xc4,0x31,0x31,0xe2,0xe2,0x0c,0x0c,0x0c,0x0c,
  0xf1,0xf1,0xf1,0xf1,0x0c,0x0c,0xbd,0xbd,0x35,0x36,0x5f,0x53,0x16,0x16,0x16,0x16,
  0xa4,0x9c,0x9c,0xc5,0x56,0x56,0x07,0x07,0x1c,0x1c,0x18,0x18,0x1c,0x1c,0x18,0x18,
  0x07,0x07,0x35,0x35,0x07,0x07,0x04,0x04,0x75,0x75,0x75,0x75,0x33,0x33,0x33,0x23,
  0x07,0x07,0x07,0x07,0xef,0xef,0x00,0x00,0x53,0x53,0x53,0x66,0xcc,0xcc,0xcc,0xcc,
  0x00,0x00,0x0e,0x0e,0x53,0x53,0x6d,0x6d,0xf8,0x04,0x04,0x04,0x23,0x56,0x23,0x23,
  0x07,0x07,0x07,0x07,0x04,0x04,0x04,0x04,0x07,0x07,0x07,0x07,0x1e,0x1e,0x1e,0x1e,
  0x04,0x04,0x04,0x04,0x04,0x04,0x04,0x04,0x07,0x07,0x07,0x07,0x07,0x07,0x07,0x07,
  0x53,0x53,0x6d,0x6d,0xcc,0xcc,0xc4,0xc4,0x31,0x31,0xe2,0xe2,0xbc,0xbc,0xbc,0xbc,
  0xe7,0xe7,0xf6,0xf6,0xf1,0xf1,0xf1,0xf1,0x35,0x36,0x5f,0x53,0x4c,0x4c,0x4c,0x4c,
  0x07,0x07,0x07,0x07,0x23,0x56,0x07,0x07,0x1c,0x1c,0x18,0x18,0x1c,0x1c,0x18,0x18,
  0x07,0x07,0x35,0x36,0x07,0x07,0x04,0x04,0x95,0x95,0x95,0x95,0x33,0x33,0x33,0x33,
  0x07,0x07,0x07,0x07,0xef,0xef,0x00,0x00,0x6d,0x6d,0x6d,0xcf,0x12,0x12,0x12,0x12,
  0x00,0x00,0x0e,0x0e,0x53,0x53,0x6d,0x6d,0x6a,0x6a,0x6a,0x6a,0x6a,0x6a,0x6a,0x6a,
  0x6a,0x6a,0x6a,0x6a,0x01,0x01,0x01,0x01,0x35,0xe0,0x36,0x35,0xcf,0xcf,0x6d,0xff,
  0x07,0x07,0x07,0x07,0x8d,0x93,0x93,0x93,0x04,0x04,0x04,0x04,0x5f,0x53,0x53,0x53,
  0x53,0x53,0x6d,0x6d,0xcc,0xcc,0x3b,0xc4,0x31,0x31,0xe2,0xe2,0xbc,0xbc,0xbc,0xbc,
  0xe7,0xe7,0xf6,0xf6,0xf1,0xf1,0xf1,0xf1,0x35,0x36,0x5f,0x53,0x4c,0x4c,0x4c,0x4c,
  0x07,0x07,0x07,0x07,0x4b,0x23,0x07,0x07,0x1c,0x1c,0x18,0x18,0x1c,0x1c,0x18,0x18,
  0x07,0x07,0x35,0x36,0x07,0x07,0x04,0x04,0x95,0x95,0x95,0x95,0x33,0x33,0x33,0x23,
  0x07,0x07,0x07,0x07,0xef,0xef,0x00,0x00,0x6d,0x6d,0x6d,0xcf,0xed,0xed,0xed,0xed,
  0x00,0x00,0x0e,0x0e,0x53,0x5f,0x6d,0xff,0x6a,0x6a,0x6a,0x6a,0x6a,0x6a,0x6a,0x6a,
  0x6a,0x6a,0x6a,0x6a,0x01,0x01,0x01,0x01,0x35,0xe0,0x36,0x35,0xff,0xff,0x6d,0xff,
  0x07,0x07,0x07,0x07,0x8d,0x93,0x93,0x93,0x04,0x04,0x04,0x04,0x66,0x53,0x53,0x53,
  0x1b,0x1b,0xb1,0xb1,0x48,0x48,0x47,0x47,0xcc,0xcc,0x0d,0x0d,0xa9,0xa9,0x05,0x05,
  0x09,0x09,0xbb,0xbb,0xaa,0xaa,0x08,0x08,0x09,0x01,0x5f,0x53,0x36,0x36,0x07,0x07,
  0x23,0x23,0x23,0x23,0x07,0x07,0x07,0x07,0x07,0x07,0x1b,0x07,0x07,0x07,0x07,0x07,
  0x4b,0x4b,0x4c,0x26,0xdd,0x22,0x22,0xbf,0x48,0xc1,0x48,0xc1,0xc4,0xf6,0xad,0x1a,
  0x5c,0x5c,0x5c,0x5c,0x23,0x56,0x4b,0x1b,0x58,0xc1,0x08,0xc1,0x01,0x01,0x99,0xb8,
  0x36,0x36,0x56,0x56,0x36,0x36,0x04,0x04,0x14,0x14,0xb3,0xb3,0x3b,0x3b,0xc4,0x3b,
  0x31,0x31,0x31,0x31,0x31,0x31,0x31,0xf4,0x04,0x04,0x04,0x04,0x31,0x31,0x31,0x31,
  0x01,0x01,0x01,0x01,0x01,0x01,0x01,0x01,0xf1,0xf1,0xf1,0xf1,0x0c,0x0c,0x0c,0x0c,
  0x1b,0x1b,0xb1,0xb1,0x47,0x48,0xc1,0x47,0xcc,0xcc,0x0d,0x0d,0xa9,0xa9,0x05,0x05,
  0x09,0x09,0xbb,0xbb,0xaa,0xaa,0x08,0x08,0x09,0x01,0x5f,0x53,0x36,0x36,0x07,0x07,
  0x23,0x23,0x23,0x23,0x07,0x07,0x07,0x07,0x07,0x07,0x1b,0x07,0x07,0x07,0x07,0x07,
  0x4b,0x4b,0x89,0x26,0x92,0x92,0x92,0x92,0x48,0xc1,0x48,0xc1,0xc4,0xf6,0xad,0x1a,
  0x15,0x15,0x15,0x15,0x23,0x56,0x4b,0x1b,0x58,0xc1,0x08,0xc1,0x01,0x01,0x99,0x21,
  0x35,0x36,0x07,0x56,0x36,0x35,0x04,0x04,0x14,0x14,0xb3,0xb3,0x3b,0x3b,0xc4,0x3b,
  0x31,0x31,0x31,0x31,0x31,0x31,0x31,0xf4,0x04,0x04,0x04,0x04,0x31,0x31,0x31,0x31,
  0x01,0x01,0x01,0x01,0x01,0x01,0x01,0x01,0xf1,0xf1,0xf1,0xf1,0x0c,0x0c,0x0c,0x0c,
  0x1b,0x1b,0xb1,0xb1,0x47,0x48,0xc1,0x47,0xcc,0xcc,0x0d,0x0d,0xa9,0xa9,0x05,0x05,
  0x09,0x09,0xbb,0xbb,0xaa,0xaa,0x08,0x08,0x09,0x01,0x5f,0x53,0x36,0xe0,0x07,0x07,
  0x89,0x89,0x4c,0x89,0x07,0x07,0x56,0x07,0x07,0x07,0x07,0x07,0x07,0x07,0x07,0x07,
  0x07,0x07,0x07,0x07,0xdd,0xdd,0x22,0x22,0xd9,0x20,0xd9,0xc1,0xc9,0x57,0xc9,0xb9,
  0x72,0x72,0xa4,0xa4,0x23,0x23,0x23,0x56,0x58,0xc1,0xc1,0xc1,0x01,0x01,0x99,0x21,
  0x35,0x36,0x07,0x07,0x36,0x35,0x04,0x04,0x14,0x14,0xb3,0xb3,0x3b,0x3b,0x3b,0xfd,
  0xff,0xff,0x6d,0xff,0x6c,0x6c,0x6d,0xff,0x6c,0x6c,0x6d,0x6c,0xff,0x6c,0x6c,0xff,
  0xe2,0xe2,0x00,0x00,0xe2,0xe2,0x00,0x00,0xe7,0xe7,0xe7,0xe7,0xbc,0xf1,0xf1,0xf1,
  0x07,0x07,0x07,0x07,0x47,0x48,0xc1,0x47,0xcc,0xcc,0x0d,0x0d,0xa9,0xa9,0x05,0x05,
  0x09,0x09,0xbb,0xbb,0xaa,0xaa,0x08,0x08,0x09,0x01,0x5f,0x53,0x36,0x91,0x07,0x07,
  0x89,0x89,0x4c,0x89,0x07,0x07,0x56,0x07,0x07,0x07,0x07,0x07,0x07,0x07,0x07,0x07,
  0x07,0x07,0x07,0x07,0xdd,0xdd,0x22,0x22,0xd9,0x20,0x48,0xc1,0xc9,0x57,0xc9,0xb9,
  0xa4,0xa4,0x5e,0x5e,0x23,0x23,0x23,0x56,0x08,0x58,0x20,0xc1,0x01,0x01,0x99,0x21,
  0x35,0x35,0x07,0x07,0x35,0x35,0x04,0x04,0x14,0x14,0xb3,0xb3,0x3b,0x3b,0x3b,0xfd,
  0xff,0xff,0x6d,0xff,0x6c,0x6c,0x6d,0xff,0x6c,0x6c,0x6d,0x6c,0xff,0x6c,0x6c,0xff,
  0xe2,0xe2,0x00,0x00,0xe2,0xe2,0x00,0x00,0xe7,0xe7,0xe7,0xe7,0xbc,0xbc,0xf1,0xf1,
  0x07,0x07,0x07,0x07,0x3f,0x19,0x1f,0x1f,0x9d,0x9d,0x3f,0x3f,0x58,0x58,0x20,0x20,
  0x58,0x58,0x08,0x58,0xe7,0xe7,0xe7,0xe7,0x35,0x35,0x36,0x35,0x4a,0xb1,0x07,0x4a,
  0x07,0x07,0x07,0x07,0x19,0x19,0x19,0x19,0xeb,0xeb,0xea,0xea,0x04,0x04,0x25,0x24,
  0x07,0x07,0x4b,0x4c,0xe8,0xe8,0x62,0x62,0x07,0x07,0x07,0x07,0xf9,0xf9,0x18,0x18,
  0xf7,0xf7,0x09,0x09,0x9b,0xf4,0x9b,0x9b,0x14,0x96,0x98,0x1a,0x3e,0x03,0xc6,0x03,
  0x07,0x07,0x07,0x07,0x07,0x07,0x07,0x07,0x58,0x58,0x20,0x20,0x9b,0x9b,0x9b,0x9b,
  0x9b,0x9b,0x9b,0x9b,0x9b,0x9b,0x9b,0x9b,0x59,0x59,0xa9,0xa9,0x58,0x58,0x58,0x58,
  0xa9,0x59,0xbb,0xa9,0x9b,0x9b,0x9b,0x9b,0x9b,0x9b,0x9b,0x9b,0x09,0x09,0xbb,0xbb,
  0x07,0x07,0x07,0x07,0x3f,0x3f,0x1f,0x1f,0x9d,0x9d,0x3f,0x3f,0x58,0x58,0x20,0x20,
  0x58,0x58,0x58,0x58,0xe7,0xe7,0xe7,0xe7,0x36,0x36,0x36,0xe0,0xb1,0xb1,0xb1,0x4a,
  0x07,0x07,0x07,0x07,0x19,0x19,0x19,0x19,0xeb,0xeb,0xea,0xea,0x04,0x04,0x25,0x24,
  0x07,0x07,0x4c,0x4c,0xe4,0xe8,0x62,0x62,0x07,0x07,0x07,0x07,0xf9,0xf9,0x18,0x18,
  0xf7,0xf7,0x09,0x09,0x9b,0x9b,0x9b,0x9b,0x14,0x96,0x98,0x1a,0x3e,0x3e,0xc6,0xc6,
  0x07,0x07,0x07,0x07,0x07,0x07,0x07,0x07,0x58,0x58,0x20,0x20,0x9b,0x9b,0x9b,0x9b,
  0x9b,0x9b,0x9b,0x9b,0x9b,0x9b,0x9b,0x9b,0x59,0x59,0xa9,0xa9,0x58,0x58,0x58,0x58,
  0x59,0x59,0xa9,0xa9,0x9b,0x9b,0x9b,0x9b,0x9b,0x9b,0x9b,0x9b,0x09,0x09,0xbb,0xbb,
  0x07,0x07,0x07,0x07,0x19,0x3f,0x1f,0x1f,0x9d,0x9d,0x3f,0x3f,0x58,0x58,0x20,0x20,
  0x20,0x20,0x20,0x20,0xb3,0xe7,0xb3,0xb3,0x56,0x56,0xb8,0x56,0xb1,0xb1,0x56,0xb1,
  0x07,0x07,0x07,0x07,0x1f,0x1f,0xc2,0x1f,0x74,0x74,0xf9,0xf9,0x04,0x04,0x4c,0x4c,
  0x07,0x07,0x4c,0x4b,0x62,0xe8,0x62,0x62,0x07,0x07,0x07,0x07,0xf9,0xf9,0x18,0x18,
  0xf7,0xf7,0x09,0x09,0x9b,0x9b,0x9b,0x9b,0x14,0x96,0x98,0x1a,0x3e,0x8f,0xc6,0x4a,
  0x24,0x4c,0x24,0x4b,0x6d,0x6d,0xff,0x6d,0x58,0x58,0x20,0x20,0xf8,0xf8,0xf8,0xf8,
  0xf8,0xf8,0xf8,0xf8,0xf8,0xf8,0xf8,0xf8,0x59,0x59,0xa9,0xa9,0x20,0x20,0x20,0x20,
  0x59,0x59,0xa9,0xa9,0xf8,0xf8,0xf8,0xf8,0xf8,0xf8,0xf8,0xf8,0x09,0x09,0xbb,0xbb,
  0x07,0x07,0x07,0x07,0xa5,0x3f,0x97,0x1f,0x9d,0x9d,0x3f,0x3f,0x58,0x58,0x20,0x20,
  0x20,0x20,0x20,0x20,0xe7,0xe7,0xb3,0xb3,0x23,0x23,0xb8,0x56,0xb1,0xb1,0xb1,0xb1,
  0x07,0x07,0x07,0x07,0x1f,0x1f,0xc2,0x1f,0x1c,0x74,0xe5,0xf9,0x04,0x04,0x24,0x4c,
  0x07,0x07,0x4c,0x4b,0x62,0xe8,0x62,0x62,0x07,0x07,0x07,0x07,0xf9,0xf9,0x18,0x18,
  0xf7,0xf7,0x09,0x09,0x9b,0x9b,0x9b,0x9b,0x14,0x96,0x98,0x14,0x3e,0x8f,0xc6,0x4a,
  0x24,0x24,0x24,0x24,0x6d,0x6d,0xff,0x6d,0x58,0x58,0x20,0x20,0xf8,0xf8,0xf8,0xf8,
  0xf8,0xf8,0xf8,0xf8,0xf8,0xf8,0xf8,0xf8,0x59,0x59,0xa9,0xa9,0x20,0x20,0x20,0x20,
  0x59,0x59,0xa9,0xa9,0xf8,0xf8,0xf8,0xf8,0xf8,0xf8,0xf8,0xf8,0x09,0x09,0xbb,0xbb,
  0xdf,0xdf,0xdf,0xdf,0x04,0x04,0x07,0x56,0x1e,0x1e,0x1e,0x1e,0x47,0x47,0x47,0x47,
  0x07,0x07,0x07,0x07,0xa6,0xa6,0x39,0x39,0x07,0x07,0x07,0x07,0xc1,0x72,0x72,0xf3,
  0x56,0x56,0x19,0x19,0xb1,0xb1,0x1b,0x1b,0xf8,0xf8,0x04,0x04,0x04,0x04,0xe2,0x00,
  0x01,0x01,0xff,0x99,0x62,0x30,0xd1,0xd1,0xdf,0xdf,0xb9,0xb9,0xf7,0xf7,0x09,0x09,
  0xeb,0xeb,0xe0,0xe0,0xeb,0xeb,0xe0,0xe0,0x35,0x36,0xe0,0xe0,0x69,0x69,0x69,0x69,
  0x7a,0x7a,0x7a,0x7e,0x00,0x00,0x6d,0x6d,0x58,0x58,0x08,0x08,0x01,0x01,0xa9,0xa9,
  0x01,0x01,0xa9,0xa9,0x01,0x01,0xa9,0xa9,0x01,0x01,0xa9,0xa9,0x01,0x01,0xa9,0xa9,
  0x01,0x01,0xa9,0xa9,0x01,0x01,0xa9,0xa9,0x01,0x01,0xa9,0xa9,0xaa,0xaa,0xaa,0xaa,
  0xd7,0xed,0x61,0x61,0x04,0x04,0x07,0x07,0x1e,0x1e,0x1e,0x1e,0x9b,0x47,0x47,0x47,
  0x07,0x07,0x07,0x07,0x39,0xea,0xcb,0xc3,0x07,0x07,0x07,0x07,0x72,0xf3,0xf3,0x5c,
  0x89,0x23,0xac,0xac,0xb1,0xb1,0x1b,0x1b,0xf8,0x04,0x04,0x04,0x04,0x04,0xe2,0x00,
  0x01,0x01,0x99,0x99,0xaf,0xaf,0x62,0xaf,0xdf,0xdf,0xb9,0xb9,0xf7,0xf7,0x09,0x09,
  0xeb,0xeb,0xe0,0xe0,0xeb,0xeb,0xe0,0xe0,0x35,0x36,0x36,0x36,0x77,0x77,0x77,0x77,
  0x1d,0x1d,0x1d,0x7e,0x00,0x00,0x6d,0x6d,0x58,0x58,0x08,0x08,0x01,0x01,0xa9,0xa9,
  0x01,0x01,0xa9,0xa9,0x01,0x01,0xa9,0xa9,0x01,0x01,0xa9,0xa9,0x01,0x01,0xa9,0xa9,
  0x01,0x01,0xa9,0xa9,0x01,0x01,0xa9,0xa9,0x01,0x01,0xa9,0xa9,0xaa,0xaa,0xaa,0xaa,
  0xe8,0xe8,0xe8,0xe8,0x04,0x04,0x07,0x07,0x2c,0x2c,0x2c,0x2c,0xf8,0xf8,0xf8,0xf8,
  0x4b,0x4b,0x4c,0x4c,0xea,0xc3,0xc3,0xc3,0x23,0x23,0x23,0x23,0xc1,0xc1,0xc1,0x47,
  0x23,0x23,0xac,0xac,0xb6,0xb6,0xb6,0xb6,0x07,0x07,0x07,0x07,0x04,0x04,0xe2,0xe2,
  0x01,0x01,0x99,0x99,0x07,0xaf,0xd1,0xd1,0xdf,0xdf,0xb9,0xb9,0xf7,0xf7,0x09,0x09,
  0xeb,0xeb,0x35,0x35,0xeb,0xeb,0xe0,0xe0,0x07,0x07,0x07,0x07,0x1d,0x1d,0x1d,0x1d,
  0xa8,0xa8,0xa8,0x7e,0x00,0x00,0x6d,0x6d,0x20,0x20,0x20,0x20,0x01,0x01,0xa9,0xa9,
  0x01,0x01,0xa9,0xa9,0x01,0x01,0xa9,0xa9,0x01,0x01,0xa9,0xa9,0x01,0x01,0xa9,0xa9,
  0x01,0x01,0xa9,0xa9,0x01,0x01,0xa9,0xa9,0x01,0x01,0xa9,0xa9,0x08,0x08,0x08,0x08,
  0xed,0x10,0xaf,0xaf,0x04,0x04,0x07,0x07,0x2c,0x2c,0x2c,0x2c,0x08,0xf8,0xf8,0xf8,
  0x4b,0x4b,0x4c,0x89,0xc3,0xc3,0xc3,0xc3,0x23,0x23,0x23,0x56,0xc1,0x47,0x47,0xc1,
  0x23,0x89,0xac,0xac,0xb6,0xb6,0xb6,0xb6,0x07,0x07,0x07,0x07,0x04,0x04,0xe2,0xe2,
  0x01,0x01,0x99,0x99,0x62,0x62,0x07,0x62,0xdf,0xdf,0xb9,0xb9,0xf7,0xf7,0x09,0x09,
  0xeb,0xeb,0x35,0x37,0xeb,0xeb,0xe0,0xe0,0x07,0x07,0x07,0x07,0xa8,0xa8,0xc7,0xa8,
  0x7a,0x7a,0x7a,0x7e,0x00,0x00,0x6d,0x6d,0x20,0x20,0x20,0x20,0x01,0x01,0xa9,0xa9,
  0x01,0x01,0xa9,0xa9,0x01,0x01,0xa9,0xa9,0x01,0x01,0xa9,0xa9,0x01,0x01,0xa9,0xa9,
  0x01,0x01,0xa9,0xa9,0x01,0x01,0xa9,0xa9,0x01,0x01,0xa9,0xa9,0x08,0x08,0x08,0x08,
  0xd6,0x9f,0x73,0x73,0xe5,0xe5,0xe5,0x1c,0x6d,0xff,0xff,0xff,0xe0,0x36,0x36,0x36,
  0xa4,0xa4,0xa4,0xa4,0x3d,0x3d,0x3d,0x8e,0xbe,0xbe,0xbe,0xbe,0x07,0x07,0x07,0x07,
  0xce,0xce,0x2c,0x2c,0x07,0x07,0x07,0x07,0x07,0x07,0x07,0x07,0xaa,0xaa,0xf8,0xaa,
  0x01,0x01,0x4c,0x24,0x89,0x56,0x4b,0x56,0xdf,0xdf,0xb9,0xb9,0x07,0x07,0x07,0x07,
  0x07,0x07,0x07,0x92,0x1b,0x44,0x44,0x77,0x00,0x00,0xe2,0xe2,0x00,0x00,0x00,0x00,
  0x00,0x00,0x0e,0x0e,0x00,0x00,0x6d,0x6d,0xa9,0xa9,0xa9,0xa9,0xa9,0xa9,0xa9,0xa9,
  0xa9,0xa9,0xa9,0xa9,0xb2,0xb2,0xb2,0xb2,0x09,0x09,0x09,0x09,0x59,0x59,0xa9,0x59,
  0x58,0x58,0x08,0x58,0x59,0x59,0xa9,0xa9,0x9b,0x9b,0x9b,0x9b,0x09,0x09,0xbb,0xbb,
  0xd6,0x9f,0x73,0x73,0x8e,0xe5,0xf9,0xe5,0x6d,0x6d,0x6d,0x6c,0x36,0x36,0x36,0xe0,
  0xa4,0x5c,0xa4,0x15,0x3d,0x8e,0x8e,0x8e,0xbe,0xbe,0xbe,0xbe,0x07,0x07,0x07,0x07,
  0xce,0xcc,0x2c,0xc9,0x07,0x07,0x07,0x07,0x07,0x07,0x07,0x07,0xaa,0xaa,0xf8,0xf8,
  0x01,0x01,0x4c,0x24,0x89,0x89,0x4b,0x4b,0xdf,0xdf,0xb9,0xb9,0x07,0x07,0x07,0x07,
  0x07,0x07,0x92,0x92,0x00,0x00,0x77,0x77,0x00,0x00,0xe2,0xe2,0x00,0x00,0x00,0x00,
  0x00,0x00,0x0e,0x0e,0x00,0x00,0x6d,0x6d,0xa9,0xa9,0xa9,0xa9,0xa9,0xa9,0xa9,0xa9,
  0xa9,0xa9,0xa9,0xa9,0xb2,0xb2,0xb2,0xb2,0x09,0x09,0x09,0xf7,0x59,0xa9,0xa9,0x59,
  0x58,0x58,0x08,0x58,0xa9,0x59,0xbb,0xa9,0x9b,0x9b,0x9b,0x9b,0x09,0x09,0xbb,0xbb,
  0xd6,0x9f,0x73,0x73,0x18,0xe5,0x18,0x1c,0x4c,0x23,0x23,0x23,0x07,0x07,0x07,0x07,
  0x9c,0x5c,0x72,0x15,0x57,0x57,0x57,0xca,0xbe,0xbe,0xbe,0xbe,0xdc,0xdc,0xdc,0xdc,
  0xf6,0xcc,0x6b,0xc9,0x07,0x07,0x07,0x07,0x6d,0x6d,0xcf,0x6d,0xaa,0xaa,0xaa,0xf8,
  0x01,0x01,0x24,0x24,0x89,0x89,0x4b,0x4b,0xdf,0xdf,0xb9,0xb9,0x36,0x36,0xe0,0xe0,
  0x07,0x07,0x07,0x56,0x00,0x00,0x77,0x77,0x00,0x00,0xe2,0xe2,0x00,0x00,0x00,0x00,
  0x00,0x00,0x0e,0x0e,0x00,0x00,0x6d,0x6d,0x6b,0x6b,0x6b,0x6b,0x6b,0x6b,0x6b,0x6b,
  0x6b,0x6b,0x6b,0x6b,0xb2,0xb2,0xb2,0xb2,0xbb,0xbb,0xbb,0xbb,0xa9,0xa9,0xbb,0xa9,
  0x20,0x20,0x20,0x20,0xa9,0xa9,0xbb,0xbb,0xf8,0xf8,0xf8,0xf8,0x09,0x09,0xbb,0xbb,
  0xd6,0x9f,0x73,0x73,0x18,0x18,0x18,0x18,0x4c,0x4c,0x4c,0x4b,0x07,0x07,0x07,0x07,
  0x5c,0x5c,0x15,0x15,0x57,0xb9,0xca,0xb9,0x8e,0x8e,0xbe,0xbe,0x2a,0xdc,0xdc,0xdc,
  0xcc,0xcc,0xc9,0xc9,0x07,0x07,0x07,0x07,0x6d,0x6d,0xcf,0x6d,0x97,0x97,0xaa,0xaa,
  0x01,0x01,0x4c,0x25,0x89,0x89,0x4b,0x4b,0x57,0xdf,0xb9,0xb9,0x36,0x36,0xe0,0x36,
  0x07,0x07,0x56,0x56,0x00,0x00,0x77,0x77,0x00,0x00,0xe2,0xe2,0xe2,0xe2,0x03,0x03,
  0xe2,0xe2,0xf2,0xf2,0x00,0x00,0x6d,0x6d,0x6b,0x6b,0x6b,0x6b,0x6b,0x6b,0x6b,0x6b,
  0x6b,0x6b,0x6b,0x6b,0xb2,0xb2,0xb2,0xb2,0xbb,0xbb,0xbb,0xbb,0xa9,0xbb,0xbb,0xa9,
  0x20,0x20,0x20,0x20,0x59,0x59,0xa9,0xa9,0xf8,0xf8,0xf8,0xf8,0xf7,0xf7,0xbb,0xbb,
  0xca,0xca,0xa0,0xa0,0x07,0x07,0x07,0x07,0xc4,0x61,0xcc,0x07,0x56,0x56,0x1b,0x1b,
  0xb7,0xb7,0xb7,0xc9,0x07,0x07,0x07,0x07,0x39,0x39,0xcb,0xcb,0xc9,0xc9,0x57,0x57,
  0x07,0x07,0x07,0x07,0x00,0x00,0xef,0xef,0x00,0x00,0x03,0x03,0xc0,0xc0,0x06,0x06,
  0x8f,0x4a,0x8f,0x8f,0x01,0x01,0x01,0x01,0x08,0x6a,0x6a,0x6a,0x01,0x09,0x01,0x01,
  0x01,0x09,0x01,0x01,0x02,0x02,0x8d,0x8d,0x03,0xc0,0x03,0xc0,0x04,0x04,0x04,0x04,
  0x7d,0x7c,0x7c,0x7b,0xc0,0xc0,0x03,0x03,0x58,0x58,0x20,0x20,0x09,0x09,0x09,0x09,
  0xbd,0xf7,0xbd,0xbd,0xf1,0x0d,0x0d,0xf1,0x0d,0x0d,0x0d,0x0d,0x0d,0x0d,0x0d,0x0d,
  0x0d,0x0d,0x0d,0x0d,0x0d,0x0d,0x0d,0x0d,0x0d,0x0d,0x0d,0x0d,0xf1,0xf1,0xe7,0xe7,
  0x86,0x86,0xc9,0xc9,0x07,0x07,0x07,0x07,0xba,0xc4,0x00,0xcc,0x56,0x56,0x1b,0x56,
  0xb7,0xc9,0xc9,0xc9,0x07,0x07,0x07,0x07,0xf5,0xf5,0xc3,0xc3,0xb7,0xc9,0x57,0x57,
  0x07,0x07,0x07,0x07,0x00,0x00,0xef,0xef,0x00,0x00,0x03,0x03,0xc6,0x06,0x3c,0x68,
  0x03,0x8f,0x0e,0x8f,0x01,0x01,0x01,0x01,0x08,0x6a,0x6a,0x6a,0x01,0x09,0x01,0x01,
  0x01,0x09,0x01,0x01,0x45,0x02,0xd8,0x8d,0x06,0x06,0x4a,0x4a,0x04,0x04,0x04,0x04,
  0x7d,0x7c,0x7c,0x7b,0x68,0xdd,0xdc,0x68,0x58,0x58,0x20,0x20,0x09,0xf7,0x09,0x09,
  0xbd,0xf7,0xbd,0xbd,0xf1,0x0d,0x0d,0xf1,0x0d,0x0d,0x0d,0x0d,0x0d,0x0d,0x0d,0x0d,
  0x0d,0x0d,0x0d,0x0d,0x0d,0x0d,0x0d,0x0d,0x0d,0x0d,0x0d,0x0d,0x0d,0x0d,0xf6,0xf6,
  0xca,0xca,0xa0,0xa0,0x07,0x07,0x07,0x07,0xc4,0x61,0xcc,0x07,0x1b,0x1b,0x07,0x07,
  0xb7,0xb7,0xb7,0xc9,0x07,0x07,0x07,0x07,0xf5,0xf5,0xc3,0xc3,0x27,0xc9,0xc9,0x57,
  0x07,0x07,0x07,0x07,0x00,0x3e,0xef,0x3e,0x00,0x00,0x03,0x03,0x06,0x06,0x68,0x68,
  0x8f,0xab,0x8f,0x8f,0x5f,0x5f,0x53,0x53,0x07,0x07,0x07,0x07,0x53,0x5f,0x53,0x53,
  0x53,0x5f,0x53,0x53,0x45,0x02,0xd8,0x8d,0xc6,0xc6,0xc6,0xc6,0x07,0x07,0x07,0x07,
  0x43,0x56,0x75,0xfc,0xdd,0xdd,0x68,0x68,0x58,0x58,0x20,0x20,0xbb,0xbb,0xbb,0xbb,
  0xbb,0xbb,0xbb,0xbb,0xe7,0xe7,0xe7,0xe7,0xf6,0xf6,0xf6,0xe7,0xf6,0xf6,0xf6,0xf6,
  0xf6,0xf6,0xf6,0xf6,0xf6,0xf6,0xf6,0xf6,0xf6,0xf6,0xf6,0xf6,0xf1,0xf1,0xe7,0xe7,
  0xca,0xca,0xa0,0xa0,0x07,0x07,0x07,0x07,0xc4,0x61,0xcc,0x07,0x1b,0x1b,0x07,0x1b,
  0xb7,0xc9,0xc9,0xc9,0x07,0x1b,0x07,0x07,0xf5,0xf5,0xc3,0xc3,0x27,0xc9,0xc9,0x57,
  0x07,0x07,0x07,0x07,0x3e,0xd1,0x3e,0x90,0x03,0x00,0xd0,0x03,0x68,0x68,0x7d,0x7d,
  0x03,0x8f,0x00,0x8f,0x53,0x5f,0x53,0x53,0x07,0x07,0x07,0x07,0x53,0x5f,0x53,0x53,
  0x53,0x5f,0x53,0x53,0x45,0x02,0xd8,0x8d,0x03,0x03,0x03,0x03,0x07,0x07,0x07,0x07,
  0x43,0x56,0x75,0xfc,0xc0,0xc0,0x03,0x03,0x58,0x58,0x20,0x20,0xbb,0xbb,0xbb,0xbb,
  0xbb,0xbb,0xbb,0xbb,0xe7,0xe7,0xe7,0xe7,0xf6,0xf6,0xf6,0xe7,0xf6,0xf6,0xf6,0xf6,
  0xf6,0xf6,0xf6,0xf6,0xf6,0xf6,0xf6,0xf6,0xf6,0xf6,0xf6,0xf6,0xf1,0xf1,0xe7,0xe7,
  0xd6,0x67,0x73,0xea,0xf4,0xf4,0x9b,0x9b,0x23,0x56,0x07,0x07,0x72,0x49,0x49,0x49,
  0x8e,0x8e,0x57,0xe8,0xfd,0xfd,0x3b,0x3b,0xcb,0xcb,0xf5,0xcb,0x86,0x8e,0x8e,0xa7,
  0x07,0x07,0x36,0x35,0x80,0x80,0xfe,0x49,0x7a,0x1d,0x7a,0x1d,0x7d,0x7d,0x75,0x75,
  0x59,0x59,0x59,0xf7,0x07,0x07,0x07,0x1b,0x07,0x07,0x07,0x07,0x29,0x3b,0x41,0x29,
  0x07,0x07,0x07,0x07,0x2d,0x53,0x53,0x56,0x00,0x00,0x0e,0x0e,0xef,0xef,0xf2,0xf2,
  0xad,0xc4,0xc4,0xc4,0xad,0xbd,0xbd,0xbd,0x36,0x36,0x36,0x36,0x36,0x36,0x36,0x36,
  0x01,0x01,0x01,0x01,0x04,0x04,0x04,0x04,0x07,0x07,0x07,0x07,0x07,0x07,0x07,0x07,
  0xc2,0xc2,0xc2,0x19,0x07,0x07,0x07,0x07,0x07,0x07,0x07,0x07,0xb3,0xb3,0xb3,0xb3,
  0xd6,0x67,0x73,0xea,0xf4,0xf4,0x9b,0x9b,0x23,0x56,0x07,0x07,0x49,0x49,0x49,0x49,
  0x8e,0x8e,0x57,0xe8,0xcc,0x3b,0x3b,0x3b,0xcb,0xcb,0xf5,0xcb,0xe5,0x8e,0xa7,0xa7,
  0x07,0x07,0x35,0x35,0x80,0x80,0x49,0x49,0x1d,0x1d,0x1d,0x1d,0x03,0x06,0x03,0x7d,
  0xf7,0xf7,0xf7,0xf7,0x07,0x07,0x07,0x1b,0x07,0x07,0x07,0x07,0x29,0x3b,0x41,0x41,
  0x07,0x07,0x07,0x07,0x53,0x53,0x53,0x56,0x00,0x00,0x0e,0x0e,0xef,0xef,0xf2,0xf2,
  0xad,0xc4,0xce,0xce,0xad,0xbd,0xbd,0xbd,0x36,0x36,0x36,0x36,0x36,0x36,0x36,0x36,
  0x01,0x01,0x01,0x01,0x04,0x04,0x04,0x04,0x07,0x07,0x07,0x07,0x07,0x07,0x07,0x07,
  0xc2,0xc2,0xc2,0x19,0x07,0x07,0x07,0x07,0x07,0x07,0x07,0x07,0xb3,0xb3,0xb3,0xb3,
  0xd6,0x67,0x73,0xea,0xf4,0xf4,0x9b,0x9b,0x23,0x56,0x07,0x07,0xa4,0x15,0x15,0x15,
  0x8e,0x8e,0x57,0xe8,0x5d,0x5d,0xfd,0xfd,0x94,0x94,0x63,0x94,0x8e,0x8e,0xa7,0xa7,
  0x07,0x07,0x35,0x35,0x80,0x80,0xee,0x49,0xa3,0xa3,0x1d,0x1d,0x03,0x03,0x03,0x03,
  0x0c,0x0c,0x0c,0xbc,0x07,0x07,0x07,0x07,0x07,0x07,0x07,0x07,0xa5,0x3b,0x9d,0xa5,
  0x07,0x07,0x07,0x07,0x4b,0x4c,0x4c,0x23,0x00,0x00,0x0e,0x0e,0xef,0xef,0xf2,0xf2,
  0x9d,0x3b,0x3b,0x3b,0x0d,0xf1,0xf1,0xf1,0x00,0x00,0xe2,0xe2,0x00,0x00,0xe2,0xe2,
  0xe2,0xe2,0xe2,0xe2,0xff,0x6c,0x6c,0x6c,0x6d,0x6d,0x6c,0x6c,0x6d,0x6d,0x6c,0x6c,
  0x1f,0x1f,0x1f,0xc2,0x00,0x00,0xe2,0xe2,0x00,0x00,0xe2,0xe2,0x5d,0x5d,0x5d,0x5d,
  0xd6,0x67,0x73,0xea,0xf4,0xf4,0x9b,0x9b,0x23,0x56,0x07,0x07,0x15,0x15,0x15,0x15,
  0x8e,0x8e,0x57,0xe8,0x3b,0xfd,0xfd,0xfd,0x94,0x94,0x63,0x94,0x8e,0x8e,0xa7,0xa7,
  0x07,0x07,0x35,0x35,0x80,0x80,0xfe,0xee,0x1d,0xa3,0x1d,0x1d,0x03,0x03,0x03,0x03,
  0x0c,0x0c,0xbc,0xbc,0x07,0x07,0x07,0x07,0x07,0x07,0x07,0x07,0xa5,0x3b,0x9d,0x9d,
  0x07,0x07,0x07,0x07,0x4c,0x4c,0x4c,0x23,0x00,0x00,0x0e,0x0e,0xef,0xef,0xf2,0xf2,
  0x9d,0x3b,0x0d,0x0d,0x0d,0xf1,0xf1,0xf1,0x00,0x00,0xe2,0xe2,0x00,0x00,0xe2,0xe2,
  0xe2,0xe2,0xe2,0xe2,0xff,0x6c,0x6c,0x6c,0x6d,0x6d,0x6c,0x6c,0x6d,0x6d,0x6c,0x6c,
  0x1f,0x1f,0x1f,0xc2,0x00,0x00,0xe2,0xe2,0x00,0x00,0xe2,0xe2,0x5d,0x5d,0x5d,0x5d,
  0x07,0x07,0x07,0x07,0x56,0x56,0x56,0x56,0xcb,0xcb,0x39,0xcb,0x7f,0x7f,0x3d,0x3d,
  0x24,0x24,0x24,0x4c,0x76,0x76,0xe6,0x30,0x8e,0x8e,0xa7,0xa7,0x95,0x95,0x1b,0x1b,
  0xa4,0xa4,0xa4,0xa4,0xd6,0x9f,0xd6,0xd6,0x07,0x07,0x07,0x07,0x07,0x07,0x07,0x07,
  0xb1,0xb1,0xb1,0xb1,0x56,0x56,0x5b,0x07,0x07,0x07,0xe9,0xe9,0xa4,0xa4,0xa4,0xa4,
  0x56,0x56,0x1b,0x1b,0x98,0x98,0x07,0x07,0x00,0x00,0x0e,0x0e,0x02,0x02,0xfb,0xfb,
  0xe1,0xbc,0xbb,0xbb,0x0c,0x0c,0x0c,0x0c,0x0c,0x0c,0x0c,0x0c,0x0c,0x0c,0x0c,0x0c,
  0x0c,0x0c,0x0c,0x0c,0x09,0x09,0x09,0x09,0x09,0x09,0x09,0x09,0x09,0x09,0x09,0x09,
  0x09,0x09,0xbb,0xbb,0x58,0x58,0x08,0x08,0x58,0x58,0x08,0x08,0xf1,0xf1,0xe7,0xe7,
  0x07,0x07,0x07,0x07,0x56,0x56,0x56,0x56,0xc3,0xcb,0x39,0xcb,0x7f,0x7f,0x3d,0x3d,
  0x24,0x24,0x24,0x4c,0xe6,0x76,0xe6,0x30,0x8e,0x8e,0xa7,0xa7,0x95,0x95,0x95,0x95,
  0xa4,0xa4,0xa4,0xa4,0xd6,0x9f,0x9f,0x9f,0x07,0x07,0x07,0x07,0x07,0x07,0x07,0x07,
  0xb1,0xb1,0xb1,0xb1,0x56,0x56,0x5b,0x07,0x07,0x07,0xe9,0xe9,0xa4,0xa4,0xa4,0xa4,
  0x56,0x56,0x1b,0x56,0x6b,0x6b,0x07,0x07,0x00,0x00,0x0e,0x0e,0x02,0x02,0xfb,0xfb,
  0xe1,0xbc,0xbb,0xbb,0x0c,0x0c,0x0c,0x0c,0x0c,0x0c,0x0c,0x0c,0x0c,0x0c,0x0c,0x0c,
  0x0c,0x0c,0x0c,0x0c,0x09,0x09,0x09,0x09,0x09,0x09,0x09,0x09,0x09,0x09,0x09,0x09,
  0x09,0x09,0xbb,0xbb,0x58,0x58,0x08,0x08,0x58,0x58,0x08,0x08,0xf1,0xf1,0xe7,0xf6,
  0x07,0x07,0x07,0x07,0xab,0xab,0xab,0xab,0xc3,0xc3,0x39,0x74,0x27,0x27,0x2c,0x2c,
  0x07,0x07,0x07,0x07,0xaf,0xaf,0x62,0xe8,0x8e,0x8e,0xa7,0xa7,0x95,0x95,0x95,0x95,
  0x5e,0x5e,0x5e,0x5e,0x18,0xea,0xea,0xea,0x07,0x07,0x07,0x07,0x07,0x07,0x07,0x07,
  0x1b,0x1b,0x1b,0x1b,0x95,0x56,0xe6,0x5b,0x07,0x07,0xe9,0xe9,0x5e,0x5e,0x5e,0x5e,
  0x56,0x56,0x1b,0x56,0x6b,0x6b,0x07,0x07,0x00,0x00,0x0e,0x0e,0x02,0x02,0xfb,0xfb,
  0xbc,0x96,0xe7,0xe7,0xf1,0x96,0xf1,0xf1,0xf1,0x96,0xf1,0xf1,0xf1,0x96,0xf1,0xf1,
  0xf1,0x96,0xf1,0xf1,0xbb,0xbb,0xbb,0xbb,0xbb,0xbb,0xbb,0xbb,0xbb,0xbb,0xbb,0xbb,
  0x09,0x09,0xbb,0xbb,0x20,0x20,0x20,0x20,0x20,0x20,0x20,0x20,0xf1,0xf1,0xe7,0xf6,
  0x07,0x07,0x07,0x07,0x56,0x56,0x56,0x56,0xe0,0x74,0x39,0xc3,0xc9,0xc9,0xc9,0xc9,
  0x07,0x07,0x07,0x07,0x62,0xaf,0x62,0xe8,0x3d,0x3d,0xb2,0xb2,0x95,0x95,0x95,0x95,
  0x5e,0x5e,0x5e,0x5e,0xea,0xea,0xea,0xea,0x07,0x07,0x07,0x07,0x07,0x07,0x07,0x07,
  0x1b,0x1b,0x1b,0x62,0x95,0x95,0xe6,0xe6,0x07,0x07,0x91,0xe9,0x5e,0x5e,0x5e,0x5e,
  0x56,0x56,0x1b,0x56,0x62,0x62,0x07,0x07,0x00,0x00,0x0e,0x0e,0x02,0x02,0xfb,0xfb,
  0xbc,0x96,0xe7,0xe7,0xf1,0x96,0xf1,0xf1,0xf1,0x96,0xf1,0xf1,0xf1,0x96,0xf1,0xf1,
  0xf1,0x96,0xf1,0xf1,0xbb,0xbb,0xbb,0xbb,0xbb,0xbb,0xbb,0xbb,0xbb,0xbb,0xbb,0xbb,
  0x09,0x09,0xbb,0xbb,0x20,0x20,0x20,0x20,0x20,0x20,0x20,0x20,0xf1,0xf1,0xf6,0xf6,
  0xd6,0xd6,0x9f,0x9f,0x56,0x56,0x56,0x56,0x2a,0x2a,0x22,0x22,0x07,0x07,0x07,0x07,
  0x4b,0x4b,0x4b,0x4b,0x07,0x07,0x07,0x07,0x07,0x07,0x07,0x07,0x07,0x07,0x07,0x07,
  0x4b,0x4b,0x07,0x07,0xc9,0xc9,0x57,0x57,0xf7,0xf7,0xf0,0xf0,0xf8,0xaa,0x08,0x08,
  0x9f,0x39,0xc3,0x1c,0xcc,0x0d,0x3b,0x3b,0x07,0x07,0x07,0x07,0x07,0x07,0x07,0x07,
  0x56,0x56,0x1b,0x1b,0x4c,0x4c,0x07,0x07,0x00,0x00,0x0e,0x0e,0x53,0x53,0x6d,0x6d,
  0x09,0x09,0x09,0x09,0xa9,0xa9,0x05,0x05,0xa9,0xa9,0x05,0x05,0xa9,0xa9,0xa9,0xa9,
  0xa9,0xa9,0x05,0x05,0xa9,0xa9,0xa9,0xa9,0xa9,0xa9,0x05,0x05,0xa9,0xa9,0xa9,0xa9,
  0xa9,0xa9,0xa9,0xa9,0x09,0x09,0x09,0x09,0x01,0x01,0xa9,0xa9,0x04,0x04,0xe2,0xe2,
  0xd6,0xd6,0x9f,0x9f,0x56,0x56,0x56,0x56,0x2a,0x2a,0x22,0x22,0x07,0x07,0x07,0x07,
  0x25,0x25,0x4c,0x4c,0x07,0x07,0x07,0x07,0x07,0x07,0x07,0x07,0x07,0x07,0x07,0x07,
  0x4c,0x4c,0x07,0x07,0xed,0xc9,0x57,0x57,0xf7,0xf7,0xf0,0xf0,0xaa,0x47,0x08,0xf8,
  0x9f,0x39,0xc3,0x1c,0xf6,0xf6,0xfd,0xfd,0x07,0x07,0x07,0x07,0x07,0x07,0x07,0x07,
  0x56,0x56,0x1b,0x1b,0x89,0x89,0x07,0x07,0x00,0x00,0x0e,0x0e,0x53,0x53,0x6d,0x6d,
  0x09,0x09,0x09,0x09,0xa9,0xa9,0x05,0x05,0xa9,0xa9,0x05,0x05,0xa9,0xa9,0xa9,0xa9,
  0xa9,0xa9,0x05,0x05,0xa9,0xa9,0xa9,0xa9,0xa9,0xa9,0x05,0x05,0xa9,0xa9,0xa9,0xa9,
  0xa9,0xa9,0xa9,0xa9,0x09,0x09,0x09,0x09,0x01,0x01,0xa9,0xa9,0x04,0x04,0xe2,0xe2,
  0xd6,0xd6,0xd6,0x9f,0x56,0x56,0x1b,0x1b,0xdc,0xdc,0x2a,0x2a,0x04,0x04,0x04,0x04,
  0x4b,0x4b,0x4b,0x4b,0x04,0x04,0x04,0x04,0xe9,0x07,0xe9,0xe9,0x2e,0xe9,0x2e,0xe0,
  0x4b,0x4c,0x07,0x07,0xc9,0xc9,0x57,0x57,0xf7,0xf7,0xf0,0xf0,0xaa,0x47,0x08,0xf8,
  0xcb,0x39,0x74,0x1c,0x0d,0xf6,0x3b,0xfd,0x07,0x07,0x07,0x07,0x07,0x07,0x07,0x07,
  0x56,0x56,0x1b,0x1b,0x4c,0x4c,0x07,0x07,0x00,0x00,0x0e,0x0e,0x53,0x53,0x6d,0x6d,
  0xbb,0xbb,0xbb,0xbb,0xa9,0xa9,0x05,0x05,0xa9,0xa9,0x05,0x05,0x05,0x05,0x05,0x05,
  0xa9,0xa9,0x05,0x05,0x05,0x05,0x05,0x05,0xa9,0xa9,0x05,0x05,0x05,0x05,0x05,0x05,
  0x05,0x05,0x05,0x05,0xbb,0xbb,0xbb,0xbb,0x01,0x01,0xa9,0xa9,0x04,0x04,0xe2,0xe2,
  0xd6,0xd6,0xd6,0x9f,0x56,0x56,0x1b,0x1b,0xdc,0xdc,0x22,0x22,0x04,0x04,0x04,0x04,
  0x24,0x4c,0x24,0x4c,0x04,0x04,0x04,0x04,0xe9,0x07,0x2e,0xe9,0x91,0xe9,0xe9,0xe9,
  0x89,0x4c,0x07,0x56,0xc9,0xc9,0x57,0x57,0xf7,0x0c,0x0c,0xf0,0xaa,0x47,0xf8,0xf8,
  0x60,0x60,0x39,0x39,0xce,0xce,0xc4,0xc4,0x07,0x07,0x07,0x07,0x07,0x07,0x07,0x07,
  0x56,0x56,0x1b,0x1b,0x4b,0x4b,0x07,0x07,0x00,0x00,0x0e,0x0e,0x53,0x53,0x6d,0x6d,
  0xbb,0xbb,0xbb,0xbb,0xa9,0xa9,0x05,0x05,0xa9,0xa9,0x05,0x05,0x05,0x05,0x05,0x05,
  0xa9,0xa9,0x05,0x05,0x05,0x05,0x05,0x05,0xa9,0xa9,0x05,0x05,0x05,0x05,0x05,0x05,
  0x05,0x05,0x05,0x05,0xbb,0xbb,0xbb,0xbb,0x01,0x01,0xa9,0xa9,0x04,0x04,0xe2,0xe2,
  0xdf,0xdf,0xca,0xb9,0x95,0x95,0x95,0x95,0x2e,0xe9,0x23,0x23,0x4b,0x4b,0xa1,0xa1,
  0x2b,0x2b,0xb7,0xb7,0x07,0x07,0x35,0x36,0x31,0x31,0x31,0x31,0x04,0xf8,0x04,0xf8,
  0x2a,0xec,0x7d,0x3c,0x07,0x07,0x07,0x07,0xb3,0x5d,0x5d,0x38,0x07,0x07,0x07,0x07,
  0x07,0x07,0x07,0x07,0x07,0x07,0x07,0x07,0x07,0x07,0x07,0x07,0x07,0x07,0x07,0x07,
  0xeb,0xeb,0x79,0x79,0xe6,0x76,0x76,0xe6,0x0e,0x00,0x03,0x0e,0x02,0x02,0xef,0xef,
  0x07,0x07,0x07,0x07,0x36,0x35,0x35,0x35,0x07,0x07,0x07,0x07,0x07,0x07,0x07,0x07,
  0x36,0x36,0x35,0x36,0x17,0x17,0x17,0x17,0x07,0x07,0x07,0x07,0x07,0x07,0x07,0x07,
  0x07,0x07,0x07,0x07,0x07,0x07,0x07,0x07,0xc2,0xc2,0xc2,0xc2,0x01,0x01,0x8c,0x8c,
  0xdf,0xdf,0xca,0xca,0x95,0x95,0x95,0x95,0xe9,0xe9,0x23,0x23,0x4b,0x4b,0xa1,0xa1,
  0x12,0x2b,0x27,0xb7,0x07,0x07,0x35,0x36,0x31,0x31,0x31,0x31,0x04,0xf8,0x04,0xf8,
  0x3c,0xec,0x3c,0xec,0x07,0x07,0x07,0x07,0x5d,0x5d,0x38,0x38,0x07,0x07,0x07,0x07,
  0x07,0x07,0x07,0x07,0x07,0x07,0x07,0x07,0x07,0x07,0x07,0x07,0x07,0x07,0x07,0x07,
  0xeb,0xeb,0x79,0x79,0xe6,0x76,0x76,0xe6,0x0e,0x00,0x03,0x0e,0x02,0x02,0xef,0xef,
  0x07,0x07,0x07,0x07,0x35,0x35,0x35,0x35,0x07,0x07,0x07,0x07,0x07,0x07,0x07,0x07,
  0x36,0x36,0x36,0x36,0x17,0x17,0x17,0x17,0x07,0x07,0x07,0x07,0x07,0x07,0x07,0x07,
  0x07,0x07,0x07,0x07,0x07,0x07,0x07,0x07,0xc2,0xc2,0xc2,0xc2,0x01,0x01,0x8c,0x8c,
  0xdf,0xdf,0xca,0xca,0x1b,0x1b,0x1b,0x1b,0xe9,0xe9,0x23,0x23,0x4c,0x25,0xd5,0x21,
  0xd7,0x2b,0x2b,0xb7,0x07,0x07,0x35,0x36,0x6c,0xcf,0x6c,0x6c,0x93,0x8d,0x93,0x8d,
  0x23,0xc0,0x9e,0x7b,0x07,0x07,0x07,0x07,0x5d,0x5d,0x38,0x38,0x07,0x07,0x07,0x07,
  0x07,0x07,0x07,0x07,0x07,0x07,0x07,0x07,0x07,0x07,0x07,0x07,0x07,0x07,0x07,0x07,
  0xeb,0xeb,0x79,0x79,0xb5,0xb5,0xb5,0xb5,0x00,0x00,0x0e,0x0e,0x02,0x02,0xef,0xef,
  0x4c,0x4c,0x4c,0x4c,0xe9,0x91,0x2e,0x2e,0x4b,0x4c,0x4c,0x89,0x4b,0x4c,0x4c,0x4b,
  0x36,0x36,0x35,0x36,0x07,0x07,0x07,0x07,0x4c,0x4c,0x24,0x4b,0x53,0x53,0x53,0x5f,
  0xcf,0xcf,0xcf,0x6d,0x6d,0x6d,0xcf,0x6d,0x1f,0x1f,0x1f,0xc2,0x01,0x01,0x8c,0x8c,
  0xdf,0xdf,0xca,0xca,0x1b,0x1b,0x1b,0x1b,0xe9,0xe9,0x23,0x23,0x25,0x25,0x21,0x21,
  0xd7,0x2b,0x2b,0xb7,0x07,0x07,0x35,0x36,0x6c,0xcf,0x6c,0x6c,0x93,0x8d,0x93,0x8d,
  0x7b,0xc0,0x7b,0xc0,0x07,0x07,0x07,0x07,0x5d,0x5d,0x38,0x38,0x07,0x07,0x07,0x07,
  0x07,0x07,0x07,0x07,0x07,0x07,0x07,0x07,0x07,0x07,0x07,0x07,0x07,0x07,0x07,0x07,
  0xeb,0xeb,0x79,0x79,0xb5,0xb5,0xb5,0xb5,0x00,0x00,0x0e,0x0e,0x02,0x02,0xef,0xef,
  0x4c,0x4c,0x4c,0x4c,0x2e,0x91,0x2e,0x2e,0x4b,0x4c,0x4c,0x4c,0x4b,0x4c,0x4c,0x4b,
  0x36,0x36,0x36,0x36,0x07,0x07,0x07,0x07,0x24,0x4c,0x4c,0x4b,0x53,0x53,0x53,0x5f,
  0xcf,0xcf,0xcf,0x6d,0x6d,0x6d,0xcf,0x6d,0x1f,0x1f,0x1f,0xc2,0x01,0x01,0x8c,0x8c,
  0x9c,0x15,0xa4,0x9c,0x9a,0x9a,0x3f,0x9a,0xb8,0xb8,0xb8,0x44,0x07,0x07,0x07,0x07,
  0x3e,0x3e,0xd1,0xb0,0x07,0x07,0x35,0x36,0x07,0x07,0x07,0x07,0x07,0x07,0x07,0x07,
  0xa4,0x9c,0x5b,0xa4,0x23,0x4b,0x07,0x07,0x07,0x07,0x6a,0x6a,0x07,0x91,0x04,0x04,
  0x00,0x00,0x0e,0x0e,0x00,0x00,0x0e,0x0e,0x00,0x00,0x0e,0x0e,0xcb,0xcb,0xff,0xff,
  0x07,0x07,0x07,0x07,0x07,0x07,0x07,0x07,0x36,0x36,0x04,0x04,0x00,0x00,0x0e,0x0e,
  0x07,0x07,0x07,0x07,0x07,0x07,0x07,0x07,0x07,0x07,0x07,0x07,0x3c,0x43,0x3c,0x3c,
  0xd9,0x48,0x48,0x48,0x38,0x38,0x38,0x38,0x07,0x07,0x07,0x07,0x07,0x07,0x07,0x07,
  0x56,0xcd,0xcd,0x33,0xdc,0xdd,0xf5,0x22,0xdc,0xdd,0xf5,0x22,0x9a,0x29,0x40,0x9a,
  0x15,0x15,0x9c,0x9c,0x9a,0x3f,0xac,0x3f,0xb8,0x44,0x44,0x44,0x07,0x07,0x07,0x07,
  0xb0,0xb0,0xd1,0xb0,0x07,0x07,0x35,0x36,0x07,0x07,0x07,0x07,0x07,0x07,0x07,0x07,
  0x5b,0xa4,0x5b,0x5b,0x56,0x56,0x07,0x07,0x07,0x07,0x6a,0x6a,0x07,0x07,0x04,0x04,
  0x00,0x00,0x0e,0x0e,0x00,0x00,0x0e,0x0e,0x00,0x00,0x0e,0x0e,0xcb,0xcb,0xff,0xff,
  0x07,0x07,0x07,0x07,0x07,0x07,0x07,0x07,0xe0,0x36,0x04,0x04,0x00,0x00,0x0e,0x0e,
  0x07,0x07,0x07,0x07,0x07,0x07,0x07,0x07,0x07,0x07,0x07,0x07,0x3c,0x43,0x43,0x3c,
  0xd9,0x48,0x48,0x48,0x38,0x38,0x38,0x38,0x07,0x07,0x07,0x07,0x07,0x07,0x07,0x07,
  0x56,0xcd,0x33,0x23,0xdc,0xdd,0xf5,0x22,0xdc,0xdd,0xf5,0x22,0x9a,0x40,0x29,0x40,
  0xa4,0xa4,0x5b,0x5b,0xb3,0xb3,0x9a,0xb3,0xb8,0xb8,0xb8,0xe3,0x07,0x07,0x07,0x07,
  0xf2,0xf2,0xd1,0x76,0x07,0x07,0x35,0x36,0xff,0xff,0xcf,0x6d,0x07,0x07,0x07,0x07,
  0x5b,0xa4,0x5b,0x5b,0x56,0x56,0x07,0x07,0x07,0x07,0x6a,0x6a,0x07,0x07,0x04,0x04,
  0x00,0x00,0x0e,0x0e,0x00,0x00,0x0e,0x0e,0x00,0x00,0x0e,0x0e,0xcb,0xcb,0xff,0xff,
  0x07,0x07,0x07,0x07,0x6a,0x6a,0x6a,0x6a,0xe0,0x36,0x04,0x04,0x00,0x00,0x0e,0x0e,
  0x07,0x07,0x07,0x07,0x07,0x07,0x07,0x07,0x07,0x07,0x07,0x07,0x43,0x43,0x43,0x43,
  0x5c,0xc1,0xc1,0xc1,0x07,0x07,0x07,0x07,0x07,0x07,0x07,0x07,0x07,0x07,0x07,0x07,
  0x56,0x44,0x44,0x33,0x2f,0x60,0xf5,0x9f,0x2f,0x60,0xf5,0x9f,0xc1,0x40,0x47,0xc1,
  0x5b,0x5b,0x5b,0x5b,0xb3,0x9a,0x3f,0x9a,0xb8,0xe3,0xe3,0xe3,0x07,0x07,0x07,0x07,
  0xb0,0xb0,0xd1,0xb0,0x07,0x07,0x36,0x36,0xff,0xff,0xff,0x6d,0x07,0x07,0x07,0x07,
  0x5b,0xa4,0x5b,0x5b,0x56,0x56,0x07,0x07,0x07,0x07,0x6a,0x6a,0x07,0x07,0x04,0x04,
  0x00,0x00,0x0e,0x0e,0x00,0x00,0x0e,0x0e,0x00,0x00,0x0e,0x0e,0xcb,0xcb,0xff,0xff,
  0x07,0x07,0x1b,0x1b,0x6a,0x6a,0x6a,0x6a,0xe0,0x36,0x04,0x04,0x00,0x00,0x0e,0x0e,
  0x07,0x07,0x07,0x07,0x07,0x07,0x07,0x07,0x07,0x07,0x07,0x07,0x43,0x7c,0x7c,0x43,
  0x5c,0xc1,0xc1,0xc1,0x07,0x07,0x07,0x07,0x07,0x07,0x07,0x07,0x07,0x07,0x07,0x07,
  0x56,0x44,0x33,0x23,0x2f,0x60,0xf5,0x9f,0x2f,0x60,0xf5,0x9f,0xc1,0x47,0x40,0x47,
  0x07,0x07,0x07,0x07,0x07,0x07,0x07,0x07,0xf8,0x04,0x04,0x04,0x91,0xe9,0x2e,0x91,
  0xab,0xab,0x1b,0x1b,0x38,0x38,0x5e,0x5e,0x88,0x35,0x36,0x88,0x93,0x4d,0xc5,0x93,
  0x91,0xe0,0x91,0xe9,0x5e,0xf8,0x5e,0x38,0x5e,0x5e,0x07,0x07,0x91,0x91,0x04,0x04,
  0x00,0x00,0x0e,0x0e,0x00,0x00,0x0e,0x0e,0x00,0x00,0x0e,0x0e,0x00,0x00,0x0e,0x0e,
  0x00,0x00,0x0e,0x0e,0x00,0x00,0x0e,0x0e,0x00,0x00,0x0e,0x0e,0x00,0x00,0x0e,0x0e,
  0xef,0xef,0x00,0x00,0x7c,0x7c,0x7c,0x21,0x17,0x17,0x04,0x04,0x63,0x63,0x63,0x63,
  0x09,0x01,0x07,0x07,0x00,0x00,0x0e,0x0e,0x07,0x07,0x07,0x07,0xb7,0x27,0x27,0x27,
  0xac,0x40,0xac,0xaa,0x49,0x4d,0x78,0x78,0xba,0xba,0x29,0x29,0x33,0xcd,0xcd,0xcd,
  0x07,0x07,0x07,0x07,0x07,0x07,0x07,0x07,0xf8,0x04,0x04,0x04,0x91,0xe9,0x91,0x91,
  0xab,0xab,0xb6,0xb6,0x08,0x38,0x5e,0x5e,0x88,0x35,0x36,0x36,0x4d,0x4d,0xc5,0x93,
  0x91,0xe0,0x91,0xe9,0x5e,0xf8,0x38,0x38,0xf8,0xf8,0x07,0x07,0x36,0x36,0x04,0x04,
  0x00,0x00,0x0e,0x0e,0x00,0x00,0x0e,0x0e,0x00,0x00,0x0e,0x0e,0x00,0x00,0x0e,0x0e,
  0x00,0x00,0x0e,0x0e,0x00,0x00,0x0e,0x0e,0x00,0x00,0x0e,0x0e,0x00,0x00,0x0e,0x0e,
  0xef,0xef,0x00,0x00,0x7c,0x7c,0x7c,0x7c,0x17,0x17,0x04,0x04,0x63,0x63,0x63,0x63,
  0x01,0x01,0x07,0x07,0x00,0x00,0x0e,0x0e,0x07,0x07,0x07,0x07,0x12,0x12,0x12,0x12,
  0xac,0x40,0x97,0xaa,0x49,0x49,0x49,0x49,0xd7,0x12,0x41,0xf2,0x33,0x33,0x33,0x33,
  0x07,0x07,0x07,0x07,0x07,0x07,0x07,0x07,0x07,0x07,0x07,0x07,0x91,0xe9,0x2e,0x91,
  0x4a,0x4a,0xd1,0xd1,0x07,0x07,0x07,0x07,0x04,0x04,0x04,0x04,0xc5,0xc5,0xc5,0xc5,
  0x04,0x04,0x04,0x04,0x07,0x07,0x07,0x07,0x38,0x5e,0x07,0x07,0x36,0x36,0x04,0x04,
  0x00,0x00,0x0e,0x0e,0x00,0x00,0x0e,0x0e,0x00,0x00,0x0e,0x0e,0x00,0x00,0x0e,0x0e,
  0x00,0x00,0x0e,0x0e,0x00,0x00,0x0e,0x0e,0x00,0x00,0x0e,0x0e,0x00,0x00,0x0e,0x0e,
  0xef,0xef,0x00,0x00,0x75,0x75,0x75,0x7d,0x17,0x17,0x04,0x04,0xcb,0xcb,0xcb,0xcb,
  0x01,0x01,0x07,0x07,0x00,0x00,0x0e,0x0e,0x07,0x07,0x07,0x07,0xed,0xb7,0xb7,0xb7,
  0xac,0x40,0x97,0xaa,0x49,0xfe,0x4d,0x4d,0xed,0x12,0xb0,0xf2,0x56,0x33,0xcd,0xcd,
  0x07,0x07,0x07,0x07,0x07,0x07,0x07,0x07,0x07,0x07,0x07,0x07,0x91,0xe9,0x91,0x91,
  0x4a,0x4a,0xd1,0xd1,0x07,0x07,0x07,0x07,0x04,0x04,0x04,0x04,0xc5,0xc5,0xc5,0xc5,
  0x04,0x04,0x04,0x04,0x07,0x07,0x07,0x07,0x38,0x5e,0x07,0x07,0x36,0x36,0x04,0x04,
  0x00,0x00,0x0e,0x0e,0x00,0x00,0x0e,0x0e,0x00,0x00,0x0e,0x0e,0x00,0x00,0x0e,0x0e,
  0x00,0x00,0x0e,0x0e,0x00,0x00,0x0e,0x0e,0x00,0x00,0x0e,0x0e,0x00,0x00,0x0e,0x0e,
  0xef,0xef,0x00,0x00,0x75,0x75,0x75,0x7c,0x17,0x17,0x04,0x04,0xcb,0xcb,0xcb,0xcb,
  0x01,0x01,0x07,0x07,0x00,0x00,0x0e,0x0e,0x07,0x07,0x07,0x07,0x27,0x27,0x27,0x27,
  0xac,0xac,0xac,0x97,0x49,0x49,0x49,0x49,0xed,0x12,0xb0,0xf2,0x23,0x56,0x56,0x56,
  0x38,0x38,0x07,0x07,0x21,0x7c,0x7c,0xfc,0x29,0x29,0x85,0x85,0x2e,0x2e,0x07,0x07,
  0x07,0x07,0x07,0x07,0xf3,0x28,0xd9,0x80,0x11,0x11,0x11,0x11,0xad,0xad,0xba,0xba,
  0xad,0xad,0xba,0xba,0x9e,0xdb,0xb8,0xb8,0xe9,0x91,0x6a,0x6a,0x00,0x00,0x0e,0x0e,
  0x00,0x00,0x0e,0x0e,0x00,0x00,0x00,0x00,0x03,0x03,0x03,0x03,0x03,0x03,0xc0,0xc0,
  0x03,0x03,0xc0,0xc0,0x03,0x03,0xc0,0xc0,0x02,0x84,0x90,0x3a,0x00,0x00,0x0e,0x0e,
  0x02,0x02,0xef,0xef,0x07,0x07,0x07,0x07,0x38,0x38,0x04,0x04,0x39,0x39,0xdd,0xf5,
  0xfa,0xe3,0x23,0x33,0x36,0x36,0x36,0x36,0x38,0x38,0x53,0x66,0x43,0x3c,0x94,0x11,
  0xe5,0xe5,0xe5,0xe5,0x28,0x28,0x80,0xee,0x89,0x89,0x89,0xc8,0x12,0x12,0x12,0xed,
  0x38,0x38,0x07,0x07,0x21,0x7c,0x2a,0x7c,0x87,0x29,0x45,0x85,0xe9,0xe9,0x07,0x07,
  0x07,0x07,0x07,0x07,0xf3,0x28,0xd9,0x80,0x11,0x11,0x11,0x11,0xad,0xad,0xba,0xba,
  0xad,0xad,0xba,0xba,0x9e,0xdb,0xb8,0xb8,0xe9,0x91,0x6a,0x6a,0x00,0x00,0x0e,0x0e,
  0x00,0x00,0x0e,0x0e,0x00,0x00,0x00,0x00,0xc0,0xc0,0xec,0xec,0xc0,0xc0,0x60,0x60,
  0x32,0x32,0x60,0x60,0x32,0x32,0x60,0x60,0x02,0x84,0x90,0x3a,0x00,0x00,0x0e,0x0e,
  0x02,0x02,0xef,0xef,0x07,0x07,0x07,0x07,0xf8,0x38,0x04,0x04,0x39,0x39,0xdd,0xdd,
  0xfa,0xfa,0x23,0x23,0x36,0x36,0x36,0x36,0x38,0x38,0x66,0x66,0x68,0x3c,0x43,0x11,
  0x10,0xe5,0xe5,0xe5,0xee,0xee,0xfe,0x80,0xc8,0xc8,0xc8,0xc8,0xed,0xed,0xed,0xed,
  0x38,0x38,0x07,0x07,0x43,0x7c,0x7c,0x21,0xb0,0x87,0x5c,0x85,0xe0,0xe0,0x07,0x07,
  0x07,0x07,0x07,0x07,0xf3,0x28,0xd9,0x80,0x11,0x11,0x11,0x11,0xad,0xad,0xba,0xba,
  0xad,0xad,0xba,0xba,0x9e,0x9e,0xb8,0xb8,0xe9,0x91,0x6a,0x6a,0x00,0x00,0x0e,0x0e,
  0x00,0x00,0x0e,0x0e,0x00,0x00,0x00,0x00,0x68,0x68,0x2a,0x2a,0x22,0x22,0x94,0x94,
  0xf5,0xf5,0x94,0x94,0xf5,0xf5,0x94,0x94,0x02,0x7e,0x7a,0x8d,0x00,0x00,0x0e,0x0e,
  0x02,0x02,0xef,0xef,0x07,0x07,0x07,0x07,0x38,0xf8,0x04,0x04,0x39,0x39,0xdd,0xdd,
  0xfa,0xfa,0x23,0x23,0x6a,0x6a,0x6a,0x6a,0x38,0x38,0x66,0x5f,0x68,0x3c,0x43,0x11,
  0x8e,0x8e,0x8e,0x8e,0xfe,0xfe,0xfe,0x49,0x89,0x89,0x89,0x50,0x27,0x27,0x27,0xed,
  0x38,0x38,0x07,0x07,0x43,0x7c,0x7c,0x7c,0xb0,0x87,0x5c,0x85,0x91,0x91,0x07,0x07,
  0x07,0x07,0x07,0x07,0xf3,0x28,0xd9,0x80,0x11,0x11,0x11,0x11,0xad,0xad,0xba,0xba,
  0xad,0xad,0xba,0xba,0x9e,0x9e,0xb8,0xb8,0xe9,0x91,0x6a,0x6a,0x00,0x00,0x0e,0x0e,
  0x00,0x00,0x0e,0x0e,0x00,0x00,0x00,0x00,0xc0,0xc0,0xec,0xec,0xc0,0xc0,0x60,0x60,
  0x32,0x32,0x60,0x60,0x32,0x32,0x60,0x60,0x02,0x7e,0x7a,0x8d,0x00,0x00,0x0e,0x0e,
  0x02,0x02,0xef,0xef,0x07,0x07,0x07,0x07,0x5e,0x38,0x04,0x04,0x60,0x60,0xdd,0xdd,
  0xfa,0xfa,0x23,0x23,0x6a,0x6a,0x6a,0x6a,0x38,0x38,0x66,0x5f,0x43,0x3c,0x94,0x11,
  0x67,0x8e,0x8e,0x8e,0x49,0x49,0x49,0xfe,0x50,0x50,0x50,0x50,0xed,0xed,0xed,0xed,
  0x07,0x07,0x07,0x07,0x1d,0xa3,0x90,0x7a,0x07,0x07,0x07,0x07,0x24,0x24,0x24,0x24,
  0xd3,0xd1,0xe4,0x2b,0x07,0x07,0x07,0x07,0x29,0x29,0x29,0x85,0x27,0x27,0x86,0x86,
  0x87,0x87,0x87,0x87,0x43,0x43,0x43,0x7c,0xe9,0x91,0x6a,0x6a,0x00,0x00,0x0e,0x0e,
  0x00,0x00,0x0e,0x0e,0x00,0x00,0x0e,0x0e,0x00,0x00,0x0e,0x0e,0x00,0x00,0x0e,0x0e,
  0x00,0x00,0x0e,0x0e,0x00,0x00,0x0e,0x0e,0x00,0x00,0x0e,0x0e,0x00,0x00,0x0e,0x0e,
  0x00,0x00,0x00,0x00,0x10,0x10,0x10,0x10,0x45,0x85,0x72,0x85,0xa8,0xa8,0xa8,0x1d,
  0x39,0x60,0x39,0x39,0x38,0x38,0x38,0x38,0x01,0x01,0x01,0x01,0x91,0x91,0x2e,0x2e,
  0xc5,0xd8,0xd8,0xc5,0x33,0x33,0x33,0x33,0x33,0x75,0x75,0x75,0xab,0x4a,0xd0,0x4a,
  0x07,0x07,0x07,0x07,0x1d,0xa3,0x90,0x7a,0x07,0x07,0x07,0x07,0x24,0x24,0x24,0x24,
  0xd3,0xd1,0xe4,0x2b,0x07,0x07,0x07,0x07,0x29,0x29,0x29,0x85,0x27,0x27,0x86,0x86,
  0x87,0x87,0x87,0x87,0x43,0x43,0x43,0x7c,0xe9,0x91,0x6a,0x6a,0x00,0x00,0x0e,0x0e,
  0x00,0x00,0x0e,0x0e,0x00,0x00,0x0e,0x0e,0x00,0x00,0x0e,0x0e,0x00,0x00,0x0e,0x0e,
  0x00,0x00,0x0e,0x0e,0x00,0x00,0x0e,0x0e,0x00,0x00,0x0e,0x0e,0x00,0x00,0x0e,0x0e,
  0x00,0x00,0x00,0x00,0x10,0x10,0x10,0x10,0x45,0x87,0x72,0xf3,0xa8,0xa8,0xcd,0x1d,
  0x39,0x60,0x39,0x39,0x38,0x38,0x38,0x38,0x01,0x01,0x01,0x01,0xe9,0x91,0x2e,0x2e,
  0xc5,0xc5,0xd8,0xc5,0x33,0x33,0x33,0x33,0x33,0x75,0x75,0x75,0x4a,0x4a,0xd0,0xab,
  0x07,0x07,0x07,0x07,0x1d,0x1d,0x1d,0x7a,0x07,0x07,0x07,0x07,0x4c,0x4c,0x4c,0x4c,
  0xd3,0xd1,0xe4,0x2b,0x07,0x07,0x07,0x07,0x85,0x85,0x85,0x40,0x27,0x27,0x86,0x86,
  0x85,0x85,0x85,0x5c,0x7c,0x7c,0x21,0x2a,0xe9,0x91,0x6a,0x6a,0x00,0x00,0x0e,0x0e,
  0x00,0x00,0x0e,0x0e,0x00,0x00,0x0e,0x0e,0x00,0x00,0x0e,0x0e,0x00,0x00,0x0e,0x0e,
  0x00,0x00,0x0e,0x0e,0x00,0x00,0x0e,0x0e,0x00,0x00,0x0e,0x0e,0x00,0x00,0x0e,0x0e,
  0x77,0x77,0x77,0x77,0x10,0x10,0x10,0x10,0x45,0x45,0x72,0x72,0xa8,0x46,0xa8,0x1d,
  0x39,0x39,0x39,0x39,0x24,0x24,0x24,0x24,0x2e,0x2e,0x2e,0x35,0x07,0x07,0x07,0x07,
  0xc5,0xd8,0xd8,0xc5,0x56,0x1d,0xcd,0x33,0x1b,0x7d,0x75,0x56,0xab,0x4a,0x4a,0x4a,
  0x07,0x07,0x07,0x07,0x1d,0x1d,0x1d,0x7a,0x07,0x07,0x07,0x07,0x25,0x4c,0x4c,0x4c,
  0xd3,0xd1,0xe4,0x2b,0x07,0x07,0x07,0x07,0x85,0x85,0x85,0x40,0xd3,0xd3,0x8e,0x8e,
  0x85,0x85,0x85,0x5c,0x7c,0x7c,0x21,0x2a,0x2e,0x91,0x6a,0x6a,0x00,0x00,0x0e,0x0e,
  0x00,0x00,0x0e,0x0e,0x00,0x00,0x0e,0x0e,0x00,0x00,0x0e,0x0e,0x00,0x00,0x0e,0x0e,
  0x00,0x00,0x0e,0x0e,0x00,0x00,0x0e,0x0e,0x00,0x00,0x0e,0x0e,0x00,0x00,0x0e,0x0e,
  0x77,0x77,0x77,0x77,0xe2,0x2b,0xdd,0xdd,0x45,0x85,0x72,0x85,0x46,0xa8,0x33,0x1d,
  0xf5,0x39,0x39,0xf5,0x24,0x24,0x24,0x24,0x2e,0x2e,0x35,0x35,0x07,0x07,0x07,0x07,
  0xc5,0xc5,0xd8,0xc5,0x56,0x1d,0xcd,0x33,0x1b,0x7d,0x75,0x56,0x4a,0x4a,0x4a,0xab,
};
const u16 ebat_tex0_pal[] = {
  0x0000,0x081c,0x0141,0x1841,0x03ff,0x285d,0x4145,0x7fff,0x2fdb,0x0cbb,0x34bd,0x6841,0x113a,0x1193,0x0842,0x1014,
  0x4550,0x6c86,0x0405,0x02c0,0x2e7a,0x3bb1,0x43e0,0x487d,0x68fa,0x0e35,0x3e3a,0x7ffd,0x6035,0x3ec2,0x0410,0x1aba,
  0x3bfb,0x7962,0x658f,0x7ff0,0x7fe0,0x7fe0,0x6704,0x142a,0x06a8,0x0569,0x7a0f,0x246a,0x1c54,0x57e4,0x7e7f,0x765c,
  0x49f2,0x03f2,0x3002,0x6b8e,0x40bd,0x7c5f,0x7c1f,0x783d,0x4bff,0x5c0a,0x0543,0x1db2,0x5d24,0x3453,0x1944,0x1a35,
  0x0aae,0x118e,0x47e3,0x7589,0x6709,0x22c9,0x63e8,0x1795,0x0f8e,0x27ce,0x418a,0x7fe3,0x7fe0,0x1786,0x7fe0,0x7fe0,
  0x7bc4,0x7fc8,0x03e0,0x03e0,0x03e0,0x07c1,0x7fd6,0x4557,0x2f7a,0x0816,0x5df7,0x6bf7,0x1eee,0x3f3b,0x63fc,0x03e0,
  0x4446,0x4216,0x6f3b,0x7049,0x03e0,0x4677,0x07e1,0x6176,0x6148,0x4e20,0x023f,0x291b,0x7c00,0x7c00,0x7c00,0x7c00,
  0x7c00,0x7c00,0x3bd6,0x69ba,0x7035,0x72ee,0x46b2,0x5e65,0x0321,0x6c5b,0x3f05,0x59c2,0x7a08,0x5de7,0x2661,0x1450,
  0x0b27,0x442a,0x07e1,0x6be4,0x0dc3,0x09e8,0x282d,0x11ca,0x645c,0x7fe9,0x13e0,0x2fe0,0x7e41,0x0620,0x4894,0x2d23,
  0x2603,0x7f1e,0x7676,0x0220,0x796f,0x6f74,0x29fb,0x0ed6,0x427a,0x7ea3,0x26f4,0x0fdc,0x4bb1,0x1170,0x7f29,0x7176,
  0x5e5b,0x7ec4,0x3fc7,0x3e61,0x4fd6,0x0d6e,0x4002,0x44db,0x5345,0x1c3b,0x1b7a,0x526f,0x05ed,0x0429,0x4783,0x5697,
  0x21ed,0x72f6,0x383b,0x2f1a,0x0431,0x56fa,0x6ad4,0x28ce,0x7f8b,0x5199,0x088a,0x1cdb,0x1d7a,0x14d6,0x5cd6,0x6a53,
  0x3421,0x27b5,0x165a,0x7894,0x194f,0x3fcb,0x30c4,0x6384,0x7b25,0x34f4,0x5156,0x784f,0x10f0,0x5749,0x04ef,0x7c64,
  0x24e6,0x296a,0x41c4,0x3cec,0x5d3b,0x7de0,0x6554,0x188a,0x2b69,0x0b2a,0x11cf,0x7f25,0x7e52,0x4caa,0x0000,0x4554,
  0x7cfd,0x1cb5,0x0000,0x6b89,0x5ab7,0x3c0e,0x52b4,0x1df9,0x49d6,0x7dff,0x799c,0x7457,0x3c63,0x312f,0x0b8a,0x0060,
  0x0ddc,0x1577,0x0864,0x0aca,0x0bd5,0x5c8b,0x1db6,0x0497,0x1ffc,0x6c97,0x778a,0x01c1,0x5cc1,0x2a35,0x178b,0x7c42,
};
const u16 ebat_m0_vtx[] = {
  0xfba5,0xfff4,0xfc40,0xfcdd,0xfff4,0xfd70,0xfb9e,0xfee6,0xfd70,0xfb9e,0xfee6,0xfd70,0xfcdd,0xfff4,0xfd70,0xfb3f,
  0xfff4,0xfed8,0xfcdd,0xfff4,0xfd70,0xfb8e,0x0135,0xfd70,0xfb3f,0xfff4,0xfed8,0xfa0f,0xfff4,0xfd70,0xfb9e,0xfee6,
  0xfd70,0xfb3f,0xfff4,0xfed8,0xfb8e,0x0135,0xfd70,0xfcdd,0xfff4,0xfd70,0xfba5,0xfff4,0xfc40,0xfb8e,0x0135,0xfd70,
  0xfa0f,0xfff4,0xfd70,0xfb3f,0xfff4,0xfed8,0xfba5,0xfff4,0xfc40,0xfa0f,0xfff4,0xfd70,0xfb8e,0x0135,0xfd70,0xfa0f,
  0xfff4,0xfd70,0xf9e3,0x000d,0xfc98,0xf750,0x000d,0xfd70,0xf9e3,0x00e4,0xfd70,0xf9e3,0xff35,0xfd70,0xf750,0x000d,
  0xfd70,0xf9e3,0x000d,0xfc98,0xfbbf,0x000d,0xfd70,0xf9e3,0x00e4,0xfd70,0xf750,0x000d,0xfd70,0xf9e3,0x000d,0xfe47,
  0xf9e3,0x000d,0xfe47,0xf750,0x000d,0xfd70,0xf9e3,0xff35,0xfd70,0xfbbf,0x000d,0xfd70,0xfbbf,0x000d,0xfd70,0xfbbf,
  0x000d,0xfd70,0xf9f0,0x000a,0xfb4d,0xf29d,0x0008,0xfc2b,0xf9e9,0x000c,0xfe4a,0xf00c,0x0009,0xf95d,0xf9b1,0x000a,
  0xfeed,0xf9e8,0xff7a,0xfe40,0xf9e8,0x009a,0xfe40,0xef27,0x000a,0xf91e,0xf2a7,0xffa3,0xfc11,0xf24f,0x000a,0xfc94,
  0xf2a7,0xffa3,0xfc11,0xefe7,0x000a,0xf906,0xf2a7,0x0071,0xfc11,0xefe7,0x000a,0xf906,0xef27,0x000a,0xf91e,0xf2a7,
  0x0071,0xfc11,0xf9e8,0xff7a,0xfe40,0xf9b1,0x000a,0xfeed,0xf24f,0x000a,0xfc94,0xf9b1,0x000a,0xfeed,0xf9e8,0x009a,
  0xfe40,0xf9e8,0x009a,0xfe40,0xf9e8,0xff7a,0xfe40,0xefe7,0x000a,0xf906,0x0000,0xfcaf,0xf66e,0x01a0,0x0082,0xf584,
  0x01a0,0x024c,0xf58b,0x0000,0x0600,0xf66e,0x0000,0x0156,0xf531,0x0000,0x02d7,0xf23b,0x01a0,0x024c,0xf58b,0x01a0,
  0x0082,0xf584,0x0000,0x000a,0xf22f,0x0000,0x0156,0xf531,0x01a0,0x0082,0xf584,0x0000,0x0156,0xf531,0x01a0,0x024c,
  0xf58b,0x0000,0x02d7,0xf23b,0x0000,0x0600,0xf66e,0x01a0,0x024c,0xf58b,0x01a0,0x0082,0xf584,0x0000,0xfcaf,0xf66e,
  0x0000,0x000a,0xf22f,0xfe60,0x024c,0xf58b,0xfe60,0x0082,0xf584,0xfe60,0x024c,0xf58b,0x0000,0x02d7,0xf23b,0x0000,
  0x0156,0xf531,0xfe60,0x0082,0xf584,0xfe60,0x024c,0xf58b,0x0000,0x0156,0xf531,0xfe60,0x0082,0xf584,0xfe60,0x024c,
  0xf58b,0x0000,0x0600,0xf66e,0x0000,0x02d7,0xf23b,0x0000,0x000a,0xf22f,0x0000,0xfcaf,0xf66e,0xfe60,0x0082,0xf584,
  0x0328,0x0158,0xfbee,0x0323,0x0276,0xfd9b,0x0428,0x01fa,0xfcf1,0x0537,0xffe5,0x0089,0x043a,0xfe32,0xfcd6,0x034e,
  0xfe2a,0x0043,0x034e,0xffdd,0x015f,0x033c,0x01ed,0x0056,0x02de,0xfe86,0xfbd5,0x0328,0x0158,0xfbee,0x02a3,0xfd64,
  0xfd76,0xfc49,0xfdc9,0x0085,0xfd8e,0xfaa7,0x001a,0x0272,0xfaa7,0x001a,0x03b7,0xfdc9,0x0085,0x03d8,0xfecd,0x0187,
  0x03b7,0xfdc9,0x0085,0x03ef,0xfeff,0xfd78,0x0271,0xfa90,0xfe38,0x0272,0xfaa7,0x001a,0x0000,0xf988,0xfffd,0x0000,
  0xf91f,0xfe4e,0x0000,0x0992,0x0290,0xfcb3,0x0515,0x01f5,0x034d,0x0515,0x01f5,0x0357,0x0527,0xfef7,0xfca9,0x0527,
  0xfef7,0x0000,0x09eb,0x0007,0x0000,0xf91f,0xfe4e,0xfd8f,0xfa90,0xfe38,0x0271,0xfa90,0xfe38,0x0357,0x0527,0xfef7,
  0x034d,0x0515,0x01f5,0x0000,0x09eb,0x0007,0x0000,0x0992,0x0290,0xfc11,0xfeff,0xfd78,0xfc28,0xfecd,0x0187,0xfcb3,
  0x0515,0x01f5,0xfca9,0x0527,0xfef7,0x0000,0x0992,0x0290,0x0000,0x09eb,0x0007,0xfc49,0xfdc9,0x0085,0xfd8e,0xfaa7,
  0x001a,0xfd8f,0xfa90,0xfe38,0x03d8,0xfecd,0x0187,0xfc28,0xfecd,0x0187,0x0000,0xf988,0xfffd,0x03ef,0xfeff,0xfd78,
  0xfc11,0xfeff,0xfd78,0x02ef,0x03ec,0xf932,0x01d5,0x0683,0xf979,0x031e,0x04af,0xfff8,0x0000,0xf98f,0xfef3,0x0000,
  0xfaa2,0xf9bc,0x0173,0xfb5a,0xf9bc,0x032a,0x00d7,0xfb8b,0xfcd6,0x00d7,0xfb8b,0xfd11,0x03ec,0xf932,0x02ef,0x03ec,
  0xf932,0xfd11,0x03ec,0xf932,0xfce2,0x04af,0xfff8,0xfe2b,0x0683,0xf979,0x0321,0xfed9,0xf95f,0x023f,0xfb35,0xff15,
  0x032a,0x00d7,0xfb8b,0x0000,0x080d,0xf9c1,0x01d5,0x0683,0xf979,0xfcd6,0x00d7,0xfb8b,0xfdc1,0xfb35,0xff15,0xfcdf,
  0xfed9,0xf95f,0xfe8d,0xfb5a,0xf9bc,0xfe8d,0xfb5a,0xf9bc,0xfcdf,0xfed9,0xf95f,0x0000,0xfaa2,0xf9bc,0xfcd6,0x00d7,
  0xfb8b,0x032a,0x00d7,0xfb8b,0x0321,0xfed9,0xf95f,0x0000,0x080d,0xf9c1,0x0000,0x093a,0x0094,0x0000,0x093a,0x0094,
  0xfbd8,0x01fa,0xfcf1,0xfcdd,0x0276,0xfd9b,0xfcd8,0x0158,0xfbee,0xfbc6,0xfe32,0xfcd6,0xfac9,0xffe5,0x0089,0xfcb2,
  0xfe2a,0x0043,0xfcb2,0xffdd,0x015f,0xfcc4,0x01ed,0x0056,0xfcd8,0x0158,0xfbee,0xfd22,0xfe86,0xfbd5,0xfd5d,0xfd64,
  0xfd76,0xfffd,0x0fb7,0xf658,0xfffd,0x1022,0xfacd,0xfffe,0x0d15,0xfa06,0x0000,0x0fb7,0xf658,0xfffe,0x0a62,0xfafe,
  0xfffc,0x0dfd,0xff2d,0x0001,0x0917,0x020b,0xfffe,0x07c3,0xfa4d,0xff85,0x090b,0x001c,0x0000,0x08fd,0x0269,0x0000,
  0x0e12,0xffa1,0xffb4,0x0db3,0xfed3,0x0000,0x08fd,0x0269,0x007b,0x090b,0x001c,0x004c,0x0db3,0xfed3,0x0000,0x0e12,
  0xffa1,0xffb4,0x0db3,0xfed3,0x004c,0x0db3,0xfed3,0x007b,0x090b,0x001c,0xff85,0x090b,0x001c,0x0000,0x102c,0xf658,
  0xffda,0x0fde,0xfa9b,0x0000,0x105d,0xfae0,0x004c,0x0db3,0xfed3,0xffb4,0x0db3,0xfed3,0xffda,0x0fde,0xfa9b,0x0026,
  0x0fde,0xfa9b,0x0000,0x0fbc,0xf5c1,0x0000,0x0fbc,0xf5c1,0x0000,0x102c,0xf658,0x0026,0x0fde,0xfa9b,0x0000,0x105d,
  0xfae0,0x0000,0x0fbc,0xf5c1,0x0000,0x080d,0xf9c1,0x01fa,0xfadb,0xffc3,0x01dd,0xfb1a,0x00f8,0xfe23,0xfb1a,0x00f8,
  0xfe06,0xfadb,0xffc3,0x01dd,0xfb1a,0x00f8,0x0000,0x05b5,0x00f8,0xfe23,0xfb1a,0x00f8,0xfe06,0xfadb,0xffc3,0xfe23,
  0xfb1a,0x00f8,0x0000,0x05b5,0x00f8,0x0000,0x05f4,0xffc3,0x0000,0x05b5,0x00f8,0x01dd,0xfb1a,0x00f8,0x01fa,0xfadb,
  0xffc3,0x0000,0x05f4,0xffc3,0xfe2b,0x0683,0xf979,0x0173,0xfb5a,0xf9bc,0x027b,0x04e4,0x04ae,0x0339,0xff13,0x056c,
  0x02c5,0x0592,0x004a,0xfc91,0xfe25,0xff41,0xfcc7,0xff13,0x056c,0xfd3b,0x0592,0x004a,0x0386,0xfca4,0x019b,0x036f,
  0xfe25,0xff41,0xfc7a,0xfca4,0x019b,0xfc1b,0xfe3e,0x0240,0xfc1b,0xfce6,0x02b2,0x03e5,0xfce6,0x02b2,0x03e5,0xfe3e,
  0x0240,0xfc1b,0xfc74,0x015a,0x03e5,0xfc74,0x015a,0x03e5,0xfce6,0x02b2,0xfc1b,0xfce6,0x02b2,0x01e1,0x00da,0x088d,
  0x0142,0x04af,0x0803,0x0000,0x0175,0x09c6,0xfd85,0x04e4,0x04ae,0x0000,0x095e,0x00f2,0xfe1f,0x00da,0x088d,0x01e1,
  0x00da,0x088d,0x0000,0x0175,0x09c6,0xfebe,0x04af,0x0803,0xfe1f,0x00da,0x088d,0x0000,0x077d,0x054f,0xfcc7,0xff13,
  0x056c,0x0339,0xff13,0x056c,0x0000,0x04af,0x086a,0x0000,0x095e,0x00f2,0x03e5,0xfdcc,0x00e7,0x03e5,0xfc74,0x015a,
  0xfc1b,0xfc74,0x015a,0xfc1b,0xfdcc,0x00e7,0xfc1b,0xfdcc,0x00e7,0xfc1b,0xfe3e,0x0240,0x03e5,0xfe3e,0x0240,0x03e5,
  0xfdcc,0x00e7,0xfc91,0xfe25,0xff41,0x036f,0xfe25,0xff41,0x0386,0xfca4,0x019b,0xfc7a,0xfca4,0x019b,0xfc7a,0xfca4,
  0x019b,0x0386,0xfca4,0x019b,0xff2d,0xff69,0x092d,0xff81,0x0154,0x08fa,0xfe1f,0x0083,0x079d,0x01e1,0x0083,0x079d,
  0x007f,0x0154,0x08fa,0x00d3,0xff69,0x092d,0xfdcb,0xfe5b,0x0737,0xfddf,0x006e,0x075c,0xfd71,0xff44,0x0558,0x028f,
  0xff44,0x0558,0x0221,0x006e,0x075c,0x0235,0xfe5b,0x0737,0xfd8b,0xfd2f,0x04d8,0xfd6b,0xff0e,0x04df,0xfd30,0xfe09,
  0x0326,0x02d0,0xfe09,0x0326,0x0295,0xff0e,0x04df,0x0275,0xfd2f,0x04d8,0x03e5,0xfce6,0x02b2,0x03e5,0xfdcc,0x00e7,
  0x03e5,0xfe3e,0x0240,0x03e5,0xfc74,0x015a,0x03e5,0xfdcc,0x00e7,0x03e5,0xfce6,0x02b2,0xfc1b,0xfce6,0x02b2,0xfc1b,
  0xfdcc,0x00e7,0xfc1b,0xfc74,0x015a,0xfc1b,0xfe3e,0x0240,0xfc1b,0xfdcc,0x00e7,0xfc1b,0xfce6,0x02b2,0xff2b,0xfd20,
  0x0349,0x00de,0xfd21,0x0349,0x0004,0xfdfa,0x0349,0x0005,0xfc47,0x0349,0x00de,0xfd21,0x0349,0xff2b,0xfd20,0x0349,
  0x0004,0xfdfa,0x0349,0x0004,0xfe21,0xffdf,0xff03,0xfd1f,0xffdf,0xff2b,0xfd20,0x0349,0xff2b,0xfd20,0x0349,0xff03,
  0xfd1f,0xffdf,0x0005,0xfc1f,0xffdf,0x0005,0xfc47,0x0349,0x00de,0xfd21,0x0349,0x0005,0xfc47,0x0349,0x0005,0xfc1f,
  0xffdf,0x0106,0xfd21,0xffdf,0x0106,0xfd21,0xffdf,0x0004,0xfe21,0xffdf,0x0004,0xfdfa,0x0349,0x00de,0xfd21,0x0349,
  0xfdaa,0x0076,0xfa94,0xfdaa,0x01d1,0xfa9c,0xfc94,0x01f3,0xf8b5,0xfc94,0x005c,0xf8ae,0xfe7e,0x01db,0xf5d0,0xfe7e,
  0x007e,0xf5ca,0xfd42,0x0062,0xf655,0xfd42,0x01f7,0xf65b,0xfe60,0xff84,0xf677,0xfe60,0x02d5,0xf683,0xfdcf,0xff7e,
  0xf9bb,0xfdcf,0x02cc,0xf9c9,0x036c,0x005c,0xf8ae,0x036c,0x01f3,0xf8b5,0x0256,0x01d1,0xfa9c,0x0256,0x0076,0xfa94,
  0x02be,0x01f7,0xf65b,0x02be,0x0062,0xf655,0x0182,0x007e,0xf5ca,0x0182,0x01db,0xf5d0,0x01a0,0xff84,0xf677,0x01a0,
  0x02d5,0xf683,0x0231,0xff7e,0xf9bb,0x0231,0x02cc,0xf9c9,0x02d8,0xff4c,0xfb8e,0x01a0,0xfb9b,0xfabf,0x01ce,0xff35,
  0xf513,0xfe60,0xfb9b,0xfabf,0x0000,0xfcde,0xf51a,0x0000,0xfae9,0xfa4b,0x0000,0xfcde,0xf51a,0xfe32,0xff35,0xf513,
  0x01ce,0xff35,0xf513,0xfd28,0xff4c,0xfb8e,0xfe32,0xff35,0xf513,0x01ce,0xff35,0xf513,0xfe32,0xff35,0xf513,0xfd28,
  0xff4c,0xfb8e,0x02d8,0xff4c,0xfb8e,0x0000,0x07de,0xfa97,0x0000,0x0577,0xf526,0xfe20,0x060a,0xfb1c,0xfd98,0xff4c,
  0xfb8e,0xfd97,0x02ea,0xfba0,0xfe6c,0x0331,0xf687,0xfe6a,0xff3a,0xf679,0x0000,0x07de,0xfa97,0x01e0,0x060a,0xfb1c,
  0x0000,0x0577,0xf526,0x01b3,0x033d,0xf521,0xfd97,0x02ea,0xfba0,0xfd98,0xff4c,0xfb8e,0x0268,0xff4c,0xfb8e,0x0269,
  0x02ea,0xfba0,0x0000,0x07de,0xfa97,0xfe20,0x060a,0xfb1c,0x01e0,0x060a,0xfb1c,0xfd6e,0x02ea,0xfba0,0xfe4d,0x033d,
  0xf521,0x0292,0x02ea,0xfba0,0xfd6e,0x02ea,0xfba0,0xfe4d,0x033d,0xf521,0x01b3,0x033d,0xf521,0x0292,0x02ea,0xfba0,
  0x01b3,0x033d,0xf521,0xfe4d,0x033d,0xf521,0x0000,0x0577,0xf526,0xfd6e,0x02ea,0xfba0,0x0292,0x02ea,0xfba0,0xfe6c,
  0x0331,0xf687,0x0194,0x0331,0xf687,0x0196,0xff3a,0xf679,0xfe6a,0xff3a,0xf679,0x01a0,0xfb9b,0xfabf,0xfe60,0xfb9b,
  0xfabf,0x0000,0xfae9,0xfa4b,0x0196,0xff3a,0xf679,0x0194,0x0331,0xf687,0x0269,0x02ea,0xfba0,0x0268,0xff4c,0xfb8e,
  0x0000,0xf9e5,0xf549,0x0063,0xfbde,0xf8f4,0xff9d,0xfbde,0xf8f4,0x0000,0xf9e5,0xf549,0x0078,0xfd78,0xf5b1,0x0063,
  0xfbde,0xf8f4,0xff88,0xfd78,0xf5b1,0x0000,0xf9e5,0xf549,0xff9d,0xfbde,0xf8f4,0x0078,0xfd78,0xf5b1,0x0000,0xf9e5,
  0xf549,0xff88,0xfd78,0xf5b1,0x0048,0x070e,0xf962,0x0000,0x0985,0xf56d,0xffb8,0x070e,0xf962,0x005c,0x0505,0xf5e5,
  0xffa4,0x0505,0xf5e5,0x0000,0x0985,0xf56d,0x005c,0x0505,0xf5e5,0x0000,0x0985,0xf56d,0x0048,0x070e,0xf962,0xffb8,
  0x070e,0xf962,0x0000,0x0985,0xf56d,0xffa4,0x0505,0xf5e5,0x02d8,0xff4c,0xfb8e,0xfd28,0xff4c,0xfb8e,0x061d,0x00e4,
  0xfd70,0x08b0,0x000d,0xfd70,0x061d,0x000d,0xfc98,0x061d,0x000d,0xfc98,0x08b0,0x000d,0xfd70,0x061d,0xff35,0xfd70,
  0x0441,0x000d,0xfd70,0x061d,0x000d,0xfe47,0x08b0,0x000d,0xfd70,0x061d,0x00e4,0xfd70,0x061d,0xff35,0xfd70,0x08b0,
  0x000d,0xfd70,0x061d,0x000d,0xfe47,0x0441,0x000d,0xfd70,0x0441,0x000d,0xfd70,0x0441,0x000d,0xfd70,0x0617,0x000c,
  0xfe4a,0x0d63,0x0008,0xfc2b,0x0610,0x000a,0xfb4d,0x0ff4,0x0009,0xf95d,0x0618,0x009a,0xfe40,0x0618,0xff7a,0xfe40,
  0x064f,0x000a,0xfeed,0x0db1,0x000a,0xfc94,0x0d59,0xffa3,0xfc11,0x10d9,0x000a,0xf91e,0x0d59,0x0071,0xfc11,0x1019,
  0x000a,0xf906,0x0d59,0xffa3,0xfc11,0x0d59,0x0071,0xfc11,0x10d9,0x000a,0xf91e,0x1019,0x000a,0xf906,0x064f,0x000a,
  0xfeed,0x0618,0xff7a,0xfe40,0x0618,0x009a,0xfe40,0x064f,0x000a,0xfeed,0x0db1,0x000a,0xfc94,0x0618,0xff7a,0xfe40,
  0x0618,0x009a,0xfe40,0x1019,0x000a,0xf906,0x0462,0xfee6,0xfd70,0x0323,0xfff4,0xfd70,0x045b,0xfff4,0xfc40,0x04c1,
  0xfff4,0xfed8,0x0323,0xfff4,0xfd70,0x0462,0xfee6,0xfd70,0x04c1,0xfff4,0xfed8,0x0472,0x0135,0xfd70,0x0323,0xfff4,
  0xfd70,0x04c1,0xfff4,0xfed8,0x0462,0xfee6,0xfd70,0x05f1,0xfff4,0xfd70,0x045b,0xfff4,0xfc40,0x0323,0xfff4,0xfd70,
  0x0472,0x0135,0xfd70,0x04c1,0xfff4,0xfed8,0x05f1,0xfff4,0xfd70,0x0472,0x0135,0xfd70,0x0472,0x0135,0xfd70,0x05f1,
  0xfff4,0xfd70,0x045b,0xfff4,0xfc40,0x05f1,0xfff4,0xfd70,0x0000,0x0268,0xf5d2,0x00de,0x016a,0xf5d2,0x0124,0x0173,
  0xf119,0x0000,0x0297,0xf119,0x0000,0x004e,0xf119,0x0124,0x0173,0xf119,0x00de,0x016a,0xf5d2,0x0000,0x006c,0xf5d2,
  0x0000,0x0297,0xf119,0x0124,0x0173,0xf119,0x0000,0x004e,0xf119,0x0000,0x0297,0xf119,0xfedc,0x0173,0xf119,0xff22,
  0x016a,0xf5d2,0x0000,0x0268,0xf5d2,0x0000,0x006c,0xf5d2,0xff22,0x016a,0xf5d2,0xfedc,0x0173,0xf119,0x0000,0x004e,
  0xf119,0xfedc,0x0173,0xf119,0xfffe,0x016c,0xea8b,0x0004,0x016c,0xf10a,0x0001,0xfb47,0xedc0,0xfffd,0xfd57,0xe96e,
  0xfffb,0x0907,0xe777,0x0001,0x0790,0xedc0,0xfffd,0x0586,0xe9a5,0xff77,0xfb84,0xed5f,0x0000,0xf94f,0xe71f,0x0000,
  0xfb12,0xedce,0xff6f,0x0000,0xf039,0x0000,0xffc5,0xf0e2,0x0091,0x0000,0xf039,0x0000,0xf9b5,0xe6e3,0x0089,0xfb84,
  0xed5f,0x0000,0xf94f,0xe71f,0x0000,0xf9b5,0xe6e3,0x0000,0x02f9,0xf11a,0x012f,0x0178,0xf11a,0x0000,0x0178,0xed9d,
  0x012f,0x0178,0xf11a,0x0000,0xfff6,0xf11a,0x0000,0x0178,0xed9d,0x0000,0xfff6,0xf11a,0x012f,0x0178,0xf11a,0x0000,
  0x02f9,0xf11a,0x0000,0x0178,0xed9d,0xfed1,0x0178,0xf11a,0x0000,0x02f9,0xf11a,0x0000,0x0178,0xed9d,0x0000,0xfff6,
  0xf11a,0xfed1,0x0178,0xf11a,0xfed1,0x0178,0xf11a,0x0000,0x07c5,0xedce,0xff77,0x0753,0xed5f,0xff6f,0x02d7,0xf039,
  0x0000,0x0312,0xf0e2,0x0089,0x0753,0xed5f,0xff77,0x0753,0xed5f,0x0000,0x0922,0xe6e3,0x0000,0x0312,0xf0e2,0x0091,
  0x02d7,0xf039,0x0089,0x0753,0xed5f,0x0000,0x07c5,0xedce,0x0000,0x0988,0xe71f,0xff6f,0x02d7,0xf039,0x0091,0x02d7,
  0xf039,0x0000,0x0922,0xe6e3,0x0000,0x0988,0xe71f,0x0000,0x0922,0xe6e3,0x0091,0x02d7,0xf039,0x0000,0x0312,0xf0e2,
  0xff6f,0x02d7,0xf039,0xfffb,0xf9d0,0xe777,0x0000,0xffc5,0xf0e2,0xff6f,0x0000,0xf039,0x0000,0xf9b5,0xe6e3,0xff77,
  0xfb84,0xed5f,0x0089,0xfb84,0xed5f,0x0000,0xfb12,0xedce,0x0091,0x0000,0xf039,0x0000,0xffc5,0xf0e2,0x0091,0x0000,
  0xf039,0xff6f,0x0000,0xf039,0x0268,0xfbf4,0x0459,0x026d,0xfbc2,0x026d,0x027c,0xfd4e,0x0347,0x00b5,0xfcc6,0x0910,
  0x01e5,0xfc5c,0x0757,0x0165,0xfe26,0x0805,0x0208,0xfc40,0x06c8,0x0265,0xfbf4,0x04be,0x024d,0xfdb4,0x058c,0xfdb3,
  0xfdb4,0x058c,0xfd9b,0xfbf4,0x04be,0xfdf8,0xfc40,0x06c8,0xfe9b,0xfe26,0x0805,0xfe1b,0xfc5c,0x0757,0xff4b,0xfcc6,
  0x0910,0xfd84,0xfd4e,0x0347,0xfd93,0xfbc2,0x026d,0xfd98,0xfbf4,0x0459,0x0283,0xfab6,0x00f6,0x02c8,0xfe81,0x0106,
  0x02c9,0xfc2a,0x0284,0xfd7b,0xfc83,0x0642,0xfdb8,0xfb69,0x0639,0xfea3,0xfd29,0x0943,0x02a7,0xfae8,0x027d,0xfea3,
  0xfd29,0x0943,0x0000,0xfd4c,0x0a06,0xfd7b,0xfc83,0x0642,0x0000,0xfba4,0x093c,0x0000,0xfd4c,0x0a06,0xfd37,0xfc2a,
  0x0284,0xfd59,0xfae8,0x027d,0x0000,0xf973,0x0150,0xfd7d,0xfab6,0x00f6,0x015d,0xfd29,0x0943,0x0285,0xfc83,0x0642,
  0x015d,0xfd29,0x0943,0x0248,0xfb69,0x0639,0x0000,0xfa21,0x0606,0x0149,0xfb96,0x087d,0x0285,0xfc83,0x0642,0xfd38,
  0xfe81,0x0106,0x02c8,0xfe81,0x0106,0xfd38,0xfe81,0x0106,0xfd37,0xfc2a,0x0284,0x02c9,0xfc2a,0x0284,0xfeb7,0xfb96,
  0x087d,0x0000,0xf973,0x0150,0xfd7d,0xfab6,0x00f6,0x0283,0xfab6,0x00f6,0x02c9,0xfc2a,0x0284,0xfd37,0xfc2a,0x0284,
  0xfd38,0xfe81,0x0106,0x02c8,0xfe81,0x0106,
};
const u16 ebat_m0_uv[] = {
  0x06ac,0x0693,0x0769,0x0766,0x0827,0x0693,0x0827,0x0693,0x0769,0x0766,0x06ac,0x0693,0x0769,0x0766,0x0827,0x0693,
  0x06ac,0x0693,0x0769,0x0766,0x0827,0x0693,0x06ac,0x0693,0x0827,0x0693,0x0769,0x0766,0x06ac,0x0693,0x0827,0x0693,
  0x0769,0x0766,0x06ac,0x0693,0x06ac,0x0693,0x0769,0x0766,0x0827,0x0693,0x0769,0x0766,0x0297,0x017a,0x0407,0x0219,
  0x029c,0x0219,0x029c,0x0219,0x0407,0x0219,0x0297,0x017a,0x018e,0x0219,0x029c,0x0219,0x0407,0x0219,0x0297,0x02b7,
  0x0297,0x02b7,0x0407,0x0219,0x029c,0x0219,0x018e,0x0219,0x018e,0x0219,0x018e,0x0219,0x0020,0x01c1,0x0118,0x0457,
  0x011c,0x01b5,0x0020,0x054f,0x0984,0x05bf,0x0940,0x058b,0x0942,0x05f6,0x0fbf,0x0589,0x0e13,0x05dd,0x0e13,0x0589,
  0x0e41,0x0637,0x0fc3,0x0660,0x0e45,0x068d,0x0fbf,0x05dd,0x0fbf,0x0589,0x0e13,0x05dd,0x0b5a,0x05dd,0x0b5a,0x0589,
  0x0e13,0x0589,0x0b5a,0x0589,0x0b5a,0x05dd,0x0b78,0x069d,0x0b78,0x0623,0x0fbf,0x05dd,0x08fb,0x04e8,0x08fb,0x0436,
  0x0ad7,0x0438,0x0ad7,0x04e8,0x05de,0x03f4,0x04c5,0x0481,0x0621,0x0481,0x0479,0x0375,0x05d5,0x0375,0x04bd,0x03f9,
  0x09d5,0x0523,0x0a54,0x0571,0x09d5,0x05cc,0x04c5,0x0481,0x05fc,0x0603,0x0621,0x0481,0x0479,0x0375,0x0495,0x01e7,
  0x05d5,0x0375,0x0ad7,0x0438,0x08fb,0x0436,0x0621,0x0481,0x04c5,0x0481,0x05de,0x03f4,0x0479,0x0375,0x09d5,0x05cc,
  0x0a54,0x0571,0x09d5,0x0523,0x0621,0x0481,0x05fc,0x0603,0x04c5,0x0481,0x05d5,0x0375,0x0495,0x01e7,0x0479,0x0375,
  0x0d6b,0x01b8,0x0cbb,0x0235,0x0cf3,0x01d0,0x0b8e,0x0128,0x0cf3,0x008a,0x0ba2,0x0053,0x0af9,0x0128,0x0b96,0x01fd,
  0x0d6b,0x009f,0x0d6b,0x01b8,0x0cbb,0x000b,0x0e2e,0x0a9d,0x0e2e,0x094f,0x0fdf,0x094f,0x0fdf,0x0a9d,0x06cc,0x0b0b,
  0x0732,0x0aa0,0x0869,0x0b21,0x0826,0x0947,0x0766,0x094a,0x0773,0x0835,0x0823,0x0823,0x0f09,0x0fc7,0x0e2e,0x0dde,
  0x0fdf,0x0dde,0x0fdf,0x0dde,0x0e2e,0x0dde,0x0f09,0x0fc7,0x0f03,0x08b1,0x0e2e,0x094f,0x0fdf,0x094f,0x07ce,0x0d99,
  0x069c,0x0d92,0x075b,0x0fe2,0x0657,0x0fc2,0x0869,0x0b21,0x06cc,0x0b0b,0x069c,0x0d92,0x07ce,0x0d99,0x0657,0x0fc2,
  0x075b,0x0fe2,0x0732,0x0aa0,0x0766,0x094a,0x0826,0x0947,0x0fdf,0x0b37,0x0e2e,0x0b37,0x0f03,0x08b1,0x0fdf,0x0b32,
  0x0e2e,0x0b32,0x0ab0,0x0dd6,0x0a8f,0x0ed2,0x0853,0x0df4,0x08bf,0x09c0,0x0a92,0x09bf,0x0a92,0x0a55,0x0b01,0x0c94,
  0x0c22,0x0c94,0x0c21,0x0e41,0x0b01,0x0e41,0x0ab0,0x0dd6,0x0853,0x0df4,0x0a8f,0x0ed2,0x0a9f,0x0be7,0x08b6,0x0ab5,
  0x09f3,0x0cb5,0x0b91,0x0fe0,0x0afd,0x0f44,0x09f3,0x0cb5,0x08b6,0x0ab5,0x0a9f,0x0be7,0x0a92,0x0a55,0x0c06,0x0a5c,
  0x0c22,0x0b99,0x0b91,0x0a12,0x0c22,0x0c94,0x0b01,0x0c94,0x0b01,0x0b99,0x0a6f,0x0f9a,0x0809,0x0fd7,0x0809,0x0fd7,
  0x0cf3,0x01d0,0x0cbb,0x0235,0x0d6b,0x01b8,0x0cf3,0x008a,0x0b8e,0x0128,0x0ba2,0x0053,0x0af9,0x0128,0x0b96,0x01fd,
  0x0d6b,0x01b8,0x0d6b,0x009f,0x0cbb,0x000b,0x0547,0x0591,0x03dc,0x05b6,0x0423,0x04a0,0x0547,0x0590,0x03c8,0x03ab,
  0x024e,0x04f5,0x0146,0x033a,0x0404,0x02bb,0x0fae,0x034a,0x0faf,0x021a,0x0d49,0x0277,0x0d49,0x02fb,0x0faf,0x021a,
  0x0fae,0x034a,0x0d49,0x02fb,0x0d49,0x0277,0x0c3a,0x03be,0x0c3a,0x037d,0x0a1c,0x0369,0x0a1c,0x03d2,0x0a5e,0x0277,
  0x0b92,0x02fb,0x0b92,0x0277,0x0c3a,0x03be,0x0c3a,0x037d,0x0dce,0x038d,0x0dce,0x03ae,0x0a5e,0x02fb,0x0a5e,0x02fb,
  0x0a5e,0x0277,0x0b92,0x02fb,0x0b92,0x0277,0x0fd5,0x039d,0x0a6f,0x0f9a,0x09eb,0x040c,0x09e0,0x03c1,0x08e2,0x03c1,
  0x08d7,0x040c,0x09e0,0x03c1,0x0961,0x01bd,0x08e2,0x03c1,0x05e2,0x0186,0x05f1,0x01f8,0x07b0,0x01f8,0x07bf,0x0186,
  0x07b0,0x01f8,0x05f1,0x01f8,0x05e2,0x0186,0x07bf,0x0186,0x0c26,0x0f44,0x0b1c,0x0a5c,0x03cb,0x0d40,0x033e,0x0a15,
  0x0632,0x0d88,0x06b0,0x098a,0x033e,0x0a15,0x0632,0x0d88,0x055d,0x08bd,0x06b0,0x098a,0x055d,0x08bd,0x026a,0x0021,
  0x026a,0x00a7,0x0538,0x00a7,0x0538,0x0021,0x026a,0x012c,0x0538,0x012c,0x0538,0x00a7,0x026a,0x00a7,0x0173,0x0b2b,
  0x01d7,0x0d45,0x0050,0x0be0,0x03cb,0x0d40,0x0582,0x0fe6,0x0c6b,0x0f36,0x0dee,0x0f36,0x0d2d,0x0fd7,0x01d7,0x0d45,
  0x0173,0x0b2b,0x031d,0x0f27,0x0c6b,0x0d8f,0x0dee,0x0d8f,0x0143,0x0dc3,0x0582,0x0fe6,0x0538,0x00a7,0x0538,0x012c,
  0x026a,0x012c,0x026a,0x00a7,0x026a,0x00a7,0x026a,0x0021,0x0538,0x0021,0x0538,0x00a7,0x0c6b,0x0a31,0x0dee,0x0a31,
  0x0dee,0x0b79,0x0c6b,0x0b79,0x0c6b,0x0b79,0x0dee,0x0b79,0x0145,0x09ae,0x01e3,0x0aae,0x00a7,0x0aad,0x00a7,0x0aad,
  0x01e3,0x0aae,0x0145,0x09ae,0x0145,0x09ae,0x01e3,0x0aae,0x00a7,0x0aad,0x00a7,0x0aad,0x01e3,0x0aae,0x0145,0x09ae,
  0x0145,0x09ae,0x00a7,0x0aad,0x01e3,0x0aae,0x01e3,0x0aae,0x00a7,0x0a1b,0x0145,0x09ae,0x0a1f,0x01ca,0x0b42,0x01ca,
  0x0ab0,0x024e,0x0ab0,0x024e,0x0b42,0x01ca,0x0a1f,0x01ca,0x0a1f,0x01ca,0x0b42,0x01ca,0x0ab0,0x024e,0x0ab0,0x024e,
  0x0b42,0x01ca,0x0a1f,0x01ca,0x0b27,0x01ad,0x0a38,0x01ad,0x0aaf,0x0130,0x0aaf,0x0130,0x0a38,0x01ad,0x0b27,0x01ad,
  0x0503,0x00a7,0x029f,0x00a7,0x029f,0x012c,0x0503,0x012c,0x0503,0x012c,0x029f,0x012c,0x029f,0x00a7,0x0503,0x00a7,
  0x0503,0x0021,0x0503,0x00a7,0x029f,0x00a7,0x029f,0x0021,0x029f,0x0021,0x029f,0x00a7,0x0503,0x00a7,0x0503,0x0021,
  0x0da7,0x00a0,0x0da7,0x0149,0x0e61,0x0148,0x0e61,0x00a5,0x0ff3,0x014d,0x0ff3,0x00a5,0x0f76,0x00a7,0x0f76,0x0149,
  0x0f8f,0x0023,0x0f8a,0x01cb,0x0e1a,0x0023,0x0e13,0x01cb,0x0e61,0x00a5,0x0e61,0x0148,0x0da7,0x0149,0x0da7,0x00a0,
  0x0f76,0x0149,0x0f76,0x00a7,0x0ff3,0x00a5,0x0ff3,0x014d,0x0f8f,0x0023,0x0f8a,0x01cb,0x0e1a,0x0023,0x0e13,0x01cb,
  0x0678,0x0631,0x06df,0x0518,0x08cc,0x0647,0x06df,0x0518,0x08ec,0x055e,0x0724,0x0483,0x0a30,0x0914,0x0af6,0x0869,
  0x0af6,0x09c0,0x0678,0x0631,0x08cc,0x0647,0x0af6,0x09c0,0x0af6,0x0869,0x0cbf,0x0869,0x0cbf,0x09c0,0x012a,0x04ce,
  0x0317,0x05e8,0x00c7,0x05b7,0x072e,0x001d,0x072e,0x0141,0x0915,0x0141,0x0915,0x0017,0x012a,0x04ce,0x00c7,0x05b7,
  0x0317,0x05e8,0x02f4,0x06d2,0x0565,0x0141,0x0565,0x001d,0x072e,0x001d,0x072e,0x0141,0x08fa,0x0932,0x0984,0x0847,
  0x086f,0x0847,0x0082,0x06e4,0x02f4,0x06d2,0x0082,0x06e4,0x09bd,0x0832,0x09bd,0x069b,0x0af1,0x069b,0x0af0,0x0832,
  0x0aee,0x069b,0x09bd,0x069b,0x0a55,0x05bd,0x0985,0x06cb,0x086f,0x06cb,0x0a3e,0x0141,0x0915,0x0141,0x0915,0x0017,
  0x0a3e,0x0017,0x0d8f,0x09c4,0x0d8f,0x086d,0x0deb,0x0916,0x0915,0x0017,0x0915,0x0141,0x072e,0x0141,0x072e,0x001d,
  0x0825,0x0368,0x07e8,0x01a2,0x084a,0x01a0,0x075a,0x0241,0x0633,0x03ad,0x058a,0x0241,0x0633,0x03ad,0x075a,0x0241,
  0x058a,0x0241,0x05a2,0x0165,0x03d6,0x01ad,0x05a5,0x01dc,0x06a3,0x0453,0x0874,0x0436,0x06a4,0x0437,0x08f9,0x01ab,
  0x0882,0x01a8,0x08b1,0x035c,0x074c,0x02ca,0x0874,0x0436,0x06a4,0x0437,0x06a4,0x0437,0x0874,0x0436,0x074c,0x02ca,
  0x0cbf,0x09c0,0x0cbf,0x0869,0x029c,0x0219,0x0407,0x0219,0x0297,0x017a,0x0297,0x017a,0x0407,0x0219,0x029c,0x0219,
  0x018e,0x0219,0x0297,0x02b7,0x0407,0x0219,0x029c,0x0219,0x029c,0x0219,0x0407,0x0219,0x0297,0x02b7,0x018e,0x0219,
  0x018e,0x0219,0x018e,0x0219,0x011c,0x01b5,0x0118,0x0457,0x0020,0x01c1,0x0020,0x054f,0x0942,0x05f6,0x0940,0x058b,
  0x0984,0x05bf,0x0e13,0x0589,0x0e13,0x05dd,0x0fbf,0x0589,0x0e45,0x068d,0x0fc3,0x0660,0x0e41,0x0637,0x0e13,0x05dd,
  0x0fbf,0x0589,0x0fbf,0x05dd,0x0b5a,0x0589,0x0b5a,0x05dd,0x0b5a,0x05dd,0x0b5a,0x0589,0x0e13,0x0589,0x0b78,0x0623,
  0x0b78,0x069d,0x0fbf,0x05dd,0x0827,0x0693,0x0769,0x0766,0x06ac,0x0693,0x06ac,0x0693,0x0769,0x0766,0x0827,0x0693,
  0x06ac,0x0693,0x0827,0x0693,0x0769,0x0766,0x06ac,0x0693,0x0827,0x0693,0x0769,0x0766,0x06ac,0x0693,0x0769,0x0766,
  0x0827,0x0693,0x06ac,0x0693,0x0769,0x0766,0x0827,0x0693,0x0827,0x0693,0x0769,0x0766,0x06ac,0x0693,0x0769,0x0766,
  0x0012,0x001a,0x0011,0x00b1,0x0244,0x00b1,0x0245,0x001a,0x0243,0x0149,0x0244,0x00b1,0x0011,0x00b1,0x0010,0x0149,
  0x0ade,0x00c4,0x0a8e,0x0074,0x0ade,0x0023,0x0245,0x001a,0x0244,0x00b1,0x0011,0x00b1,0x0012,0x001a,0x0010,0x0149,
  0x0011,0x00b1,0x0244,0x00b1,0x0243,0x0149,0x0b2f,0x0074,0x062c,0x0636,0x03f8,0x0636,0x0520,0x084f,0x0693,0x0795,
  0x0745,0x08c3,0x0520,0x084f,0x0693,0x0795,0x0d92,0x052f,0x0afb,0x04e1,0x0d92,0x04e1,0x0916,0x062e,0x094b,0x0670,
  0x0981,0x062e,0x0afb,0x052f,0x0d92,0x052f,0x0afb,0x04e1,0x0afb,0x052f,0x003b,0x0fae,0x003b,0x0ee5,0x020e,0x0ee5,
  0x003b,0x0ee5,0x003b,0x0e1b,0x020e,0x0ee5,0x01aa,0x0f77,0x0235,0x0f0a,0x02c0,0x0f77,0x020e,0x0ee5,0x003b,0x0ee5,
  0x003b,0x0fae,0x020e,0x0ee5,0x003b,0x0e1b,0x003b,0x0ee5,0x0235,0x0fe4,0x0d92,0x04e1,0x0d92,0x052f,0x0fbb,0x052f,
  0x0fbb,0x04e1,0x0d9f,0x0416,0x0d9f,0x048a,0x0b62,0x0450,0x0fbb,0x04e1,0x0fbb,0x052f,0x0d92,0x052f,0x0d92,0x04e1,
  0x0afb,0x04e1,0x0fba,0x048e,0x0fba,0x0412,0x0afb,0x052f,0x0afb,0x04e1,0x0afb,0x052f,0x0981,0x062e,0x094b,0x0670,
  0x0916,0x062e,0x0745,0x08c3,0x0fbb,0x04e1,0x0fbb,0x052f,0x0b62,0x0450,0x0d9f,0x048a,0x0d9f,0x0416,0x0d92,0x04e1,
  0x0fbb,0x052f,0x0fbb,0x04e1,0x0fba,0x0412,0x0fba,0x048e,0x01e3,0x0aae,0x00a7,0x0aad,0x0145,0x09ae,0x01e3,0x0aae,
  0x00a7,0x0aad,0x0145,0x09ae,0x01e3,0x0aae,0x00a7,0x0aad,0x0145,0x09ae,0x0145,0x09ae,0x00a7,0x0aad,0x01e3,0x0aae,
  0x0145,0x09ae,0x00a7,0x0aad,0x01e3,0x0aae,0x0145,0x09ae,0x00a7,0x0aad,0x01e3,0x0aae,0x002a,0x08a2,0x002a,0x0a80,
  0x00ee,0x0951,0x02d0,0x092e,0x02b2,0x08a5,0x0471,0x08f4,0x00d7,0x08b5,0x0b49,0x07eb,0x0b21,0x0788,0x0c35,0x0839,
  0x043a,0x07c7,0x04fd,0x0895,0x00ee,0x0951,0x00d7,0x08b5,0x002a,0x0746,0x002a,0x08a2,0x0471,0x08f4,0x0c35,0x06d7,
  0x0b49,0x0725,0x02b2,0x08a5,0x029e,0x076f,0x03de,0x0843,0x02d0,0x092e,0x002a,0x0a80,0x0e5b,0x06df,0x0e5b,0x0830,
  0x0d6d,0x0830,0x0d6d,0x06df,0x03de,0x0843,0x0fdf,0x0788,0x0f7b,0x0830,0x0f7b,0x06df,0x0d6d,0x06df,0x0d6d,0x0830,
  0x0e5b,0x0830,0x0e5b,0x06df,
};
const u16 ebat_m0_col[] = {
  0x7fff,0x7fff,0x7fff,0x7fff,0x7fff,0x7fff,0x7fff,0x7fff,0x7fff,0x7fff,0x7fff,0x7fff,0x7fff,0x7fff,0x7fff,0x7fff,
  0x7fff,0x7fff,0x7fff,0x7fff,0x7fff,0x7fff,0x7fff,0x7fff,0x7fff,0x7fff,0x7fff,0x7fff,0x7fff,0x7fff,0x7fff,0x7fff,
  0x7fff,0x7fff,0x7fff,0x7fff,0x7fff,0x7fff,0x7fff,0x7fff,0x7fff,0x7fff,0x7fff,0x7fff,0x7fff,0x7fff,0x7fff,0x7fff,
  0x7fff,0x7fff,0x7fff,0x7fff,0x7fff,0x7fff,0x7fff,0x7fff,0x7fff,0x7fff,0x7fff,0x7fff,0x7fff,0x7fff,0x7fff,0x7fff,
  0x7fff,0x7fff,0x7fff,0x7fff,0x7fff,0x7fff,0x7fff,0x7fff,0x7fff,0x7fff,0x7fff,0x7fff,0x7fff,0x7fff,0x7fff,0x7fff,
  0x7fff,0x7fff,0x7fff,0x7fff,0x7fff,0x7fff,0x7fff,0x7fff,0x7fff,0x7fff,0x7fff,0x7fff,0x7fff,0x7fff,0x7fff,0x7fff,
  0x7fff,0x7fff,0x7fff,0x7fff,0x7fff,0x7fff,0x7fff,0x7fff,0x7fff,0x7fff,0x7fff,0x7fff,0x7fff,0x7fff,0x7fff,0x7fff,
  0x7fff,0x7fff,0x7fff,0x7fff,0x7fff,0x7fff,0x7fff,0x7fff,0x7fff,0x7fff,0x7fff,0x7fff,0x7fff,0x7fff,0x7fff,0x7fff,
  0x7fff,0x7fff,0x7fff,0x7fff,0x7fff,0x7fff,0x7fff,0x7fff,0x7fff,0x7fff,0x7fff,0x7fff,0x7fff,0x7fff,0x7fff,0x7fff,
  0x7fff,0x7fff,0x7fff,0x7fff,0x7fff,0x7fff,0x7fff,0x7fff,0x7fff,0x7fff,0x7fff,0x7fff,0x7fff,0x7fff,0x7fff,0x7fff,
  0x7fff,0x7fff,0x7fff,0x7fff,0x7fff,0x7fff,0x7fff,0x7fff,0x7fff,0x7fff,0x7fff,0x7fff,0x7fff,0x7fff,0x7fff,0x7fff,
  0x7fff,0x7fff,0x7fff,0x7fff,0x7fff,0x7fff,0x7fff,0x7fff,0x7fff,0x7fff,0x7fff,0x7fff,0x7fff,0x7fff,0x7fff,0x7fff,
  0x7fff,0x7fff,0x7fff,0x7fff,0x7fff,0x7fff,0x7fff,0x7fff,0x7fff,0x7fff,0x7fff,0x7fff,0x7fff,0x7fff,0x7fff,0x7fff,
  0x7fff,0x7fff,0x7fff,0x7fff,0x7fff,0x7fff,0x7fff,0x7fff,0x7fff,0x7fff,0x7fff,0x7fff,0x7fff,0x7fff,0x7fff,0x7fff,
  0x7fff,0x7fff,0x7fff,0x7fff,0x7fff,0x7fff,0x7fff,0x7fff,0x7fff,0x7fff,0x7fff,0x7fff,0x7fff,0x7fff,0x7fff,0x7fff,
  0x7fff,0x7fff,0x7fff,0x7fff,0x7fff,0x7fff,0x7fff,0x7fff,0x7fff,0x7fff,0x7fff,0x7fff,0x7fff,0x7fff,0x7fff,0x7fff,
  0x7fff,0x7fff,0x7fff,0x7fff,0x7fff,0x7fff,0x7fff,0x7fff,0x7fff,0x7fff,0x7fff,0x7fff,0x7fff,0x7fff,0x7fff,0x7fff,
  0x7fff,0x7fff,0x7fff,0x7fff,0x7fff,0x7fff,0x7fff,0x7fff,0x7fff,0x7fff,0x7fff,0x7fff,0x7fff,0x7fff,0x7fff,0x7fff,
  0x7fff,0x7fff,0x7fff,0x7fff,0x7fff,0x7fff,0x7fff,0x7fff,0x7fff,0x7fff,0x7fff,0x7fff,0x7fff,0x7fff,0x7fff,0x7fff,
  0x7fff,0x7fff,0x7fff,0x7fff,0x7fff,0x7fff,0x7fff,0x7fff,0x7fff,0x7fff,0x7fff,0x7fff,0x7fff,0x7fff,0x7fff,0x7fff,
  0x7fff,0x7fff,0x7fff,0x7fff,0x7fff,0x7fff,0x7fff,0x7fff,0x7fff,0x7fff,0x7fff,0x7fff,0x7fff,0x7fff,0x7fff,0x7fff,
  0x7fff,0x7fff,0x7fff,0x7fff,0x7fff,0x7fff,0x7fff,0x7fff,0x7fff,0x7fff,0x7fff,0x7fff,0x7fff,0x7fff,0x7fff,0x7fff,
  0x7fff,0x7fff,0x7fff,0x7fff,0x7fff,0x7fff,0x7fff,0x7fff,0x7fff,0x7fff,0x7fff,0x7fff,0x7fff,0x7fff,0x7fff,0x7fff,
  0x7fff,0x7fff,0x7fff,0x7fff,0x7fff,0x7fff,0x7fff,0x7fff,0x7fff,0x7fff,0x7fff,0x7fff,0x7fff,0x7fff,0x7fff,0x7fff,
  0x7fff,0x7fff,0x7fff,0x7fff,0x7fff,0x7fff,0x7fff,0x7fff,0x7fff,0x7fff,0x7fff,0x7fff,0x7fff,0x7fff,0x7fff,0x7fff,
  0x7fff,0x7fff,0x7fff,0x7fff,0x7fff,0x7fff,0x7fff,0x7fff,0x7fff,0x7fff,0x7fff,0x7fff,0x7fff,0x7fff,0x7fff,0x7fff,
  0x7fff,0x7fff,0x7fff,0x7fff,0x7fff,0x7fff,0x7fff,0x7fff,0x7fff,0x7fff,0x7fff,0x7fff,0x7fff,0x7fff,0x7fff,0x7fff,
  0x7fff,0x7fff,0x7fff,0x7fff,0x7fff,0x7fff,0x7fff,0x7fff,0x7fff,0x7fff,0x7fff,0x7fff,0x7fff,0x7fff,0x7fff,0x7fff,
  0x7fff,0x7fff,0x7fff,0x7fff,0x7fff,0x7fff,0x7fff,0x7fff,0x7fff,0x7fff,0x7fff,0x7fff,0x7fff,0x7fff,0x7fff,0x7fff,
  0x7fff,0x7fff,0x7fff,0x7fff,0x7fff,0x7fff,0x7fff,0x7fff,0x7fff,0x7fff,0x7fff,0x7fff,0x7fff,0x7fff,0x7fff,0x7fff,
  0x7fff,0x7fff,0x7fff,0x7fff,0x7fff,0x7fff,0x7fff,0x7fff,0x7fff,0x7fff,0x7fff,0x7fff,0x7fff,0x7fff,0x7fff,0x7fff,
  0x7fff,0x7fff,0x7fff,0x7fff,0x7fff,0x7fff,0x7fff,0x7fff,0x7fff,0x7fff,0x7fff,0x7fff,0x7fff,0x7fff,0x7fff,0x7fff,
  0x7fff,0x7fff,0x7fff,0x7fff,0x7fff,0x7fff,0x7fff,0x7fff,0x7fff,0x7fff,0x7fff,0x7fff,0x7fff,0x7fff,0x7fff,0x7fff,
  0x7fff,0x7fff,0x7fff,0x7fff,0x7fff,0x7fff,0x7fff,0x7fff,0x7fff,0x7fff,0x7fff,0x7fff,0x7fff,0x7fff,0x7fff,0x7fff,
  0x7fff,0x7fff,0x7fff,0x7fff,0x7fff,0x7fff,0x7fff,0x7fff,0x7fff,0x7fff,0x7fff,0x7fff,0x7fff,0x7fff,0x7fff,0x7fff,
  0x7fff,0x7fff,0x7fff,0x7fff,0x7fff,0x7fff,0x7fff,0x7fff,0x7fff,0x7fff,0x7fff,0x7fff,0x7fff,0x7fff,0x7fff,0x7fff,
  0x7fff,0x7fff,0x7fff,0x7fff,0x7fff,0x7fff,0x7fff,0x7fff,0x7fff,0x7fff,0x7fff,0x7fff,0x7fff,0x7fff,0x7fff,0x7fff,
  0x7fff,0x7fff,0x7fff,0x7fff,0x7fff,0x7fff,0x7fff,0x7fff,0x7fff,0x7fff,0x7fff,0x7fff,0x7fff,0x7fff,0x7fff,0x7fff,
  0x7fff,0x7fff,0x7fff,0x7fff,0x7fff,0x7fff,0x7fff,0x7fff,0x7fff,0x7fff,0x7fff,0x7fff,0x7fff,0x7fff,0x7fff,0x7fff,
  0x7fff,0x7fff,0x7fff,0x7fff,0x7fff,0x7fff,0x7fff,0x7fff,0x7fff,0x7fff,0x7fff,0x7fff,0x7fff,0x7fff,0x7fff,0x7fff,
  0x7fff,0x7fff,
};
const u16 ebat_m0_idx[] = {
  0x0000,0x0001,0x0002,0x0002,0x0015,0x0000,0x0003,0x0004,0x0005,0x0006,0x0007,0x0008,0x0009,0x000a,0x000b,0x000c,
  0x000d,0x000e,0x000f,0x0010,0x0011,0x0012,0x0013,0x0014,0x0016,0x0017,0x0018,0x001c,0x0016,0x0018,0x0019,0x001a,
  0x001b,0x0024,0x0019,0x001b,0x001d,0x001e,0x001f,0x001d,0x001f,0x0025,0x0020,0x0021,0x0022,0x0020,0x0022,0x0023,
  0x0026,0x0027,0x0028,0x0029,0x0027,0x0026,0x002a,0x002b,0x002c,0x002d,0x002e,0x002f,0x002e,0x002d,0x003d,0x0036,
  0x002f,0x002e,0x0036,0x0037,0x002f,0x0030,0x0031,0x0032,0x0030,0x0032,0x003b,0x0030,0x003b,0x003c,0x0033,0x0034,
  0x0035,0x0035,0x0034,0x0038,0x0035,0x0038,0x0039,0x0035,0x0039,0x003a,0x003e,0x003f,0x0040,0x003e,0x0040,0x0041,
  0x0041,0x0052,0x003e,0x0041,0x0051,0x0052,0x0042,0x0043,0x0044,0x0045,0x0046,0x0047,0x0047,0x0046,0x0056,0x0048,
  0x0049,0x004a,0x004b,0x004c,0x004d,0x004e,0x004f,0x0050,0x0053,0x0054,0x0055,0x0057,0x0058,0x0059,0x005a,0x005b,
  0x005c,0x005d,0x005e,0x005f,0x0060,0x0061,0x0062,0x0061,0x0067,0x0062,0x0063,0x0062,0x0067,0x0063,0x0064,0x0062,
  0x0065,0x0064,0x0063,0x0066,0x0065,0x0063,0x0067,0x0066,0x0063,0x0068,0x0069,0x0062,0x0068,0x0062,0x0064,0x0064,
  0x006a,0x0068,0x006a,0x0064,0x0065,0x006b,0x006c,0x006d,0x006b,0x006d,0x006e,0x006b,0x006e,0x008c,0x006b,0x008c,
  0x008d,0x008d,0x008c,0x0078,0x008d,0x0078,0x0077,0x0076,0x0077,0x0078,0x006f,0x0070,0x0071,0x007f,0x006f,0x0071,
  0x007f,0x0080,0x006f,0x0081,0x0080,0x007f,0x0081,0x0082,0x0080,0x0072,0x0073,0x0074,0x0072,0x0074,0x0075,0x0075,
  0x0074,0x008a,0x0075,0x008a,0x008b,0x008b,0x008a,0x0089,0x008b,0x0089,0x0083,0x0083,0x0089,0x0084,0x0083,0x0084,
  0x0085,0x0083,0x0085,0x0086,0x0086,0x0085,0x0087,0x0086,0x0087,0x0088,0x0079,0x007a,0x007b,0x008f,0x007a,0x0079,
  0x008f,0x0090,0x007a,0x0090,0x008f,0x007e,0x0090,0x007e,0x007d,0x007c,0x007d,0x007e,0x0073,0x0072,0x0071,0x0073,
  0x0071,0x0070,0x008e,0x006d,0x006c,0x0091,0x0092,0x0093,0x0091,0x0093,0x00a0,0x0093,0x009f,0x00a0,0x00a0,0x009f,
  0x009e,0x0096,0x009e,0x009f,0x0096,0x009f,0x0094,0x0094,0x0095,0x0096,0x00a6,0x0095,0x0094,0x00a4,0x00a6,0x0094,
  0x00a4,0x00a5,0x00a6,0x00a5,0x00a4,0x00a3,0x00a3,0x00a4,0x009c,0x00a3,0x009c,0x009b,0x009b,0x009c,0x009d,0x00af,
  0x009d,0x009c,0x00dc,0x009d,0x00af,0x0097,0x0098,0x0099,0x0097,0x0099,0x009a,0x0099,0x00a1,0x009a,0x00ec,0x00a1,
  0x0099,0x009a,0x00a1,0x00a2,0x00a7,0x00a8,0x00a9,0x00ac,0x00a9,0x00a8,0x00aa,0x00ac,0x00a8,0x00aa,0x00ab,0x00ac,
  0x00ed,0x00a9,0x00ac,0x00ad,0x00ae,0x0092,0x0093,0x0092,0x00ae,0x00b0,0x00b1,0x00b2,0x00b0,0x00b7,0x00b1,0x00b7,
  0x00b0,0x00b4,0x00b4,0x00b6,0x00b7,0x00b4,0x00b5,0x00b6,0x00b4,0x00b3,0x00b5,0x00b0,0x00b3,0x00b4,0x00b3,0x00b0,
  0x00b8,0x00b3,0x00b8,0x00b9,0x00b9,0x00ba,0x00b3,0x00b5,0x00b3,0x00ba,0x00bb,0x00bc,0x00bd,0x00bb,0x00bd,0x00be,
  0x00c0,0x00bd,0x00bc,0x00bf,0x00bd,0x00c0,0x00bf,0x00c0,0x00c1,0x00bf,0x00c1,0x00c2,0x00c3,0x00c4,0x00c5,0x00c3,
  0x00c5,0x00c6,0x00d1,0x00c6,0x00c5,0x00d1,0x00d0,0x00c6,0x00cf,0x00d0,0x00d1,0x00d6,0x00d0,0x00cf,0x00c7,0x00c8,
  0x00c9,0x00c7,0x00c9,0x00ca,0x00ca,0x00c9,0x00d9,0x00ca,0x00d9,0x00da,0x00d8,0x00da,0x00d9,0x00d7,0x00d8,0x00d9,
  0x00cb,0x00cc,0x00cd,0x00cb,0x00cd,0x00ce,0x00d2,0x00d3,0x00d4,0x00d2,0x00d4,0x00d5,0x00db,0x00d5,0x00d4,0x00dd,
  0x00de,0x00df,0x00dd,0x00df,0x00e0,0x00e1,0x00e2,0x00e3,0x00e4,0x00e5,0x00e6,0x00e4,0x00e6,0x00e7,0x00e8,0x00e9,
  0x00ea,0x00e8,0x00ea,0x00eb,0x00ee,0x00ef,0x00f0,0x00f0,0x010d,0x00ee,0x0109,0x00ee,0x010d,0x00ee,0x0109,0x0100,
  0x0100,0x00ff,0x00ee,0x00ff,0x0100,0x0101,0x0100,0x010c,0x0101,0x0109,0x010c,0x0100,0x0107,0x010c,0x0109,0x0107,
  0x0109,0x0102,0x0102,0x0108,0x0107,0x0102,0x00f2,0x0108,0x0102,0x00f3,0x00f2,0x0102,0x0103,0x00f3,0x0109,0x0103,
  0x0102,0x00f1,0x00f2,0x00f3,0x00f6,0x00f2,0x00f1,0x00f4,0x00f5,0x00ef,0x00f0,0x00ef,0x00f5,0x00ff,0x00ef,0x00ee,
  0x00f7,0x00f8,0x00f9,0x00f7,0x00f9,0x00fa,0x00fb,0x00fc,0x00fd,0x00fb,0x00fd,0x00fe,0x0104,0x0105,0x0106,0x010a,
  0x0105,0x0104,0x010a,0x010b,0x0105,0x011a,0x010b,0x010a,0x011a,0x011b,0x010b,0x0107,0x0108,0x0101,0x0101,0x010c,
  0x0107,0x010e,0x010f,0x0110,0x010e,0x0110,0x0111,0x0112,0x0113,0x0114,0x0112,0x0114,0x0115,0x0116,0x0117,0x0118,
  0x0116,0x0118,0x0119,0x011c,0x011d,0x011e,0x011f,0x0120,0x0121,0x0122,0x0123,0x0124,0x0125,0x0126,0x0127,0x0128,
  0x0129,0x012a,0x012b,0x012c,0x012d,0x012e,0x012f,0x0130,0x0131,0x0132,0x0133,0x0134,0x0135,0x0136,0x0137,0x0138,
  0x0139,0x013a,0x013b,0x013c,0x013d,0x013e,0x013f,0x0140,0x0141,0x0142,0x0140,0x0142,0x0143,0x0144,0x0145,0x0146,
  0x0144,0x0146,0x0147,0x0148,0x0149,0x014a,0x0148,0x014a,0x014b,0x014c,0x014d,0x014e,0x014c,0x014e,0x014f,0x0150,
  0x0151,0x0152,0x0150,0x0152,0x0153,0x0153,0x015a,0x0150,0x0156,0x015a,0x0153,0x0157,0x0156,0x0153,0x0154,0x0156,
  0x0157,0x0154,0x0155,0x0156,0x0158,0x0156,0x0155,0x0156,0x0158,0x015a,0x0157,0x0153,0x0152,0x0159,0x0157,0x0152,
  0x0154,0x0157,0x0159,0x0159,0x0152,0x015b,0x015b,0x0152,0x0151,0x015c,0x015d,0x015e,0x015c,0x015e,0x015f,0x015f,
  0x0166,0x015c,0x015c,0x0166,0x0164,0x015c,0x0164,0x0161,0x015d,0x015c,0x0161,0x015d,0x0161,0x0160,0x0167,0x015d,
  0x0160,0x015e,0x015d,0x0167,0x0167,0x0160,0x0165,0x0165,0x0160,0x0163,0x0160,0x0162,0x0163,0x0160,0x0161,0x0162,
  0x0162,0x0161,0x0164,0x0168,0x0169,0x016a,0x016a,0x0169,0x016c,0x0169,0x016d,0x016c,0x016b,0x016c,0x016d,0x016b,
  0x0172,0x016c,0x0171,0x0172,0x016b,0x016e,0x016f,0x0170,0x0173,0x0174,0x0175,0x0173,0x0175,0x0176,0x0177,0x0178,
  0x0179,0x0178,0x018a,0x0179,0x0189,0x0179,0x018a,0x017a,0x017b,0x017c,0x017a,0x017c,0x017d,0x017e,0x017f,0x0180,
  0x0180,0x017f,0x0181,0x018b,0x0181,0x017f,0x0182,0x0183,0x0184,0x0182,0x0184,0x0185,0x0186,0x0187,0x0188,0x0193,
  0x0188,0x0187,0x0193,0x0194,0x0188,0x018c,0x018d,0x018e,0x018c,0x018e,0x018f,0x0190,0x0191,0x0192,0x0195,0x0196,
  0x0197,0x0195,0x0197,0x0198,0x0199,0x019a,0x019b,0x01b8,0x019a,0x0199,0x01b8,0x01b9,0x019a,0x019c,0x019d,0x019e,
  0x019c,0x019e,0x019f,0x01a0,0x01a1,0x01a2,0x01a3,0x01a4,0x01a5,0x01a6,0x01a7,0x01a8,0x01a9,0x01aa,0x01ab,0x01ac,
  0x01ad,0x01ae,0x01af,0x01b0,0x01b1,0x01b2,0x01b3,0x01b4,0x01b5,0x01b6,0x01b7,0x01ba,0x01bb,0x01bc,0x01ba,0x01bc,
  0x01c0,0x01bd,0x01be,0x01bf,0x01bd,0x01bf,0x01c8,0x01c1,0x01c2,0x01c3,0x01c9,0x01c1,0x01c3,0x01c4,0x01c5,0x01c6,
  0x01c7,0x01c4,0x01c6,0x01ca,0x01cb,0x01cc,0x01cc,0x01cb,0x01cd,0x01ce,0x01cf,0x01d0,0x01d1,0x01d2,0x01d3,0x01d2,
  0x01d1,0x01da,0x01d2,0x01da,0x01db,0x01e1,0x01d3,0x01d2,0x01d4,0x01d5,0x01d6,0x01df,0x01d4,0x01d6,0x01df,0x01e0,
  0x01d4,0x01d7,0x01d8,0x01d9,0x01de,0x01d8,0x01d7,0x01dc,0x01de,0x01d7,0x01dc,0x01dd,0x01de,0x01e2,0x01e3,0x01e4,
  0x01e4,0x01f7,0x01e2,0x01e5,0x01e6,0x01e7,0x01e8,0x01e9,0x01ea,0x01eb,0x01ec,0x01ed,0x01ee,0x01ef,0x01f0,0x01f1,
  0x01f2,0x01f3,0x01f4,0x01f5,0x01f6,0x01f8,0x01f9,0x01fa,0x01f8,0x01fa,0x01fb,0x01fc,0x01fd,0x01fe,0x01fc,0x01fe,
  0x01ff,0x0200,0x0201,0x0202,0x0202,0x020b,0x0200,0x0203,0x0204,0x0205,0x0203,0x0205,0x0206,0x0207,0x0208,0x0209,
  0x0207,0x0209,0x020a,0x020c,0x020d,0x020e,0x020c,0x020e,0x020f,0x0241,0x020f,0x020e,0x0210,0x0211,0x0212,0x020d,
  0x0212,0x0211,0x020d,0x020c,0x0212,0x0213,0x0214,0x0215,0x0219,0x0214,0x0213,0x0242,0x0243,0x0213,0x0242,0x0213,
  0x0215,0x0216,0x0217,0x0218,0x021a,0x021b,0x021c,0x021b,0x021a,0x0247,0x0247,0x021a,0x0248,0x0247,0x0248,0x0249,
  0x021d,0x021e,0x021f,0x0220,0x0221,0x0222,0x0223,0x0224,0x0225,0x0225,0x022c,0x0223,0x0226,0x0227,0x0228,0x0229,
  0x022a,0x022b,0x022d,0x022e,0x022f,0x022d,0x022f,0x0230,0x022d,0x023c,0x022e,0x022e,0x023c,0x023d,0x0231,0x0232,
  0x0233,0x0239,0x0232,0x0231,0x0239,0x0231,0x023a,0x0234,0x0235,0x0236,0x0234,0x0236,0x0237,0x0237,0x0236,0x0238,
  0x023b,0x0238,0x0236,0x023e,0x023f,0x0240,0x0244,0x0245,0x0246,0x024a,0x0246,0x0245,0x024a,0x0245,0x024b,0x024c,
  0x024d,0x024e,0x024f,0x0250,0x0251,0x0252,0x0253,0x0254,0x0255,0x0256,0x0257,0x0258,0x0259,0x025a,0x025b,0x025c,
  0x025d,0x025e,0x025f,0x0260,0x0260,0x0264,0x025e,0x0274,0x0264,0x0260,0x0271,0x0264,0x0274,0x0271,0x0272,0x0264,
  0x0273,0x0272,0x0271,0x0268,0x0272,0x0273,0x027a,0x0272,0x0268,0x0262,0x0272,0x027a,0x026b,0x0272,0x0262,0x026c,
  0x0272,0x026b,0x026c,0x026b,0x026d,0x026d,0x026b,0x026a,0x026a,0x0275,0x026d,0x026a,0x026b,0x0261,0x0262,0x0261,
  0x026b,0x0261,0x0262,0x0263,0x027a,0x0263,0x0262,0x027a,0x0268,0x0263,0x0263,0x0268,0x0269,0x026e,0x0269,0x0268,
  0x0273,0x026e,0x0268,0x0273,0x0271,0x026e,0x026e,0x0271,0x0274,0x0265,0x0266,0x0267,0x0267,0x0266,0x026f,0x0267,
  0x026f,0x027e,0x0267,0x027e,0x027f,0x0270,0x026f,0x0266,0x0276,0x0277,0x0278,0x0276,0x0278,0x0279,0x027b,0x027c,
  0x027d,0x0280,0x027d,0x027c,0x0280,0x0281,0x027d,0x025e,0x0264,0x026c,0x026c,0x0264,0x0272,
};
const R3DMesh ebat_meshes[1] = {
  { ebat_m0_vtx, ebat_m0_uv, ebat_m0_idx, 399, 0, ebat_m0_col },
};
const R3DTexture ebat_texs[1] = {
  { ebat_tex0_pal, ebat_tex0_px, 7, 7 },
};
const R3DModel ebat = { ebat_meshes, 1, ebat_texs, 1 };
