/* generato da bake3d.py da p_sonm.bcres — asset originali */
#include "model3d.h"

const u8 sonm_tex0_px[] = {
  0x53,0x53,0x03,0x03,0x02,0x02,0x93,0x93,0xc2,0xc2,0x03,0x03,0x56,0x56,0x0b,0x0b,
  0x53,0x53,0x53,0x53,0x15,0x15,0x31,0x31,0x2e,0x2e,0x10,0x10,0x17,0x17,0x17,0x17,
  0x6c,0xce,0x6c,0x6c,0xce,0xce,0xce,0xce,0x6c,0x6c,0x53,0x53,0x65,0x65,0x65,0x25,
  0xce,0xce,0x2a,0x2a,0x65,0x65,0xfb,0xfb,0x22,0x22,0x15,0x15,0x53,0x17,0x17,0x24,
  0xc8,0x16,0x16,0x16,0xf4,0xb4,0xf4,0xf4,0x07,0x07,0x07,0x07,0x07,0x07,0x07,0x07,
  0x07,0xd9,0x07,0x07,0x07,0x07,0x07,0x07,0x07,0x07,0x07,0x58,0xf4,0xb4,0x07,0xa2,
  0x9e,0x47,0x9e,0x47,0x9e,0x47,0x9e,0x9e,0x9e,0x47,0x9e,0x9e,0x9e,0x47,0x9e,0x9e,
  0xb4,0xb4,0xb4,0xb4,0x0f,0x0f,0x8b,0x8b,0x9e,0x47,0x47,0x47,0x9e,0x47,0x9e,0x9e,
  0x53,0x53,0x03,0x1b,0x1c,0x1c,0x46,0x46,0xc2,0xc2,0x03,0x03,0x56,0x56,0x0b,0x0b,
  0x53,0x53,0x53,0x53,0x15,0x15,0x31,0x31,0x2e,0x2e,0x10,0x10,0x17,0x17,0x17,0x17,
  0x6c,0xce,0xce,0x6c,0xce,0xce,0xce,0xce,0x6c,0x6c,0x53,0x53,0x65,0x65,0x25,0x25,
  0xce,0xce,0x2a,0x2a,0x65,0x65,0xfb,0xfb,0x22,0x22,0x15,0x15,0x17,0x17,0x24,0x24,
  0xd1,0x16,0x16,0x16,0xf4,0xb4,0xf4,0xf4,0x07,0x07,0x07,0x58,0x07,0x07,0x07,0x07,
  0x07,0x07,0x07,0x07,0x07,0x07,0x07,0x07,0x07,0x07,0x07,0x58,0xf4,0xb4,0x07,0xa2,
  0x9e,0x47,0x9e,0x9e,0x9e,0x47,0x9e,0x9e,0x9e,0x47,0x9e,0x9e,0x9e,0x47,0x9e,0x9e,
  0x4f,0x4f,0xb4,0xb4,0x0f,0x0f,0x0f,0x8b,0x9e,0x47,0x9e,0x9e,0x9e,0x47,0x9e,0x9e,
  0x53,0x53,0x03,0x1b,0x1c,0x1c,0x46,0x46,0xc2,0xc2,0x03,0x03,0x56,0x56,0x0b,0x0b,
  0x5f,0x5f,0x5f,0x5f,0x4d,0x4d,0x48,0x48,0x2e,0x2e,0x10,0x10,0x23,0x23,0x23,0x23,
  0x5f,0x2a,0x5f,0x5f,0x00,0x00,0x1e,0x2a,0x6c,0x6c,0xc2,0xc2,0xfb,0xfb,0xfb,0x25,
  0xce,0xce,0x2a,0x2a,0x65,0x65,0xfb,0xfb,0x22,0x22,0x15,0x15,0x17,0x17,0x24,0x24,
  0xd1,0x16,0x16,0x16,0xf4,0x36,0xf4,0xf4,0x07,0x07,0x07,0x07,0x29,0x75,0x75,0x29,
  0x07,0x07,0x07,0x07,0x07,0x07,0x07,0x07,0x07,0x07,0x07,0x07,0xf4,0x36,0x9e,0x36,
  0xd9,0x7a,0xd9,0x7a,0xd9,0x7a,0xd9,0xd9,0xd9,0x7a,0xd9,0xd9,0xd9,0x7a,0xd9,0xd9,
  0x4f,0x4f,0xb4,0xb4,0x0f,0x0f,0x0f,0x8b,0xd9,0x7a,0x7a,0x7a,0xd9,0x7a,0xd9,0xd9,
  0x53,0x53,0x03,0x1b,0x1c,0x1c,0x46,0x46,0xc2,0xc2,0x03,0x03,0x56,0x56,0x0b,0x0b,
  0x5f,0x5f,0x5f,0x5f,0x4d,0x4d,0x48,0x48,0x2e,0x2e,0x10,0x10,0x23,0x23,0x23,0x23,
  0x5f,0x2a,0x2a,0x5f,0x00,0x00,0x1e,0x2a,0x6c,0x6c,0xc2,0xc2,0xfb,0xfb,0x25,0x25,
  0xce,0xce,0x2a,0x2a,0x65,0x65,0xfb,0xfb,0x22,0x22,0x15,0x15,0x17,0x17,0x24,0x24,
  0xcb,0x8e,0x8e,0x8e,0xf4,0x36,0xf4,0xf4,0x07,0x07,0x07,0x07,0x29,0x75,0x75,0x29,
  0x07,0x07,0x07,0x07,0x07,0x07,0x07,0x07,0x07,0x07,0x07,0x07,0xf4,0x36,0x9e,0x36,
  0xd9,0x7a,0xd9,0xd9,0xd9,0x7a,0xd9,0xd9,0xd9,0x7a,0xd9,0xd9,0xd9,0x7a,0xd9,0xd9,
  0x4f,0xb4,0xb4,0xb4,0x0f,0x0f,0x0f,0x0f,0xd9,0x7a,0xd9,0xd9,0xd9,0x7a,0xd9,0xd9,
  0xc2,0xc2,0xc2,0xaf,0x53,0x53,0x03,0x03,0x17,0x17,0x17,0x17,0x22,0x22,0xfb,0x22,
  0x17,0x53,0x17,0x17,0x17,0x53,0x17,0x17,0x2e,0x2e,0x19,0x04,0x15,0x15,0x4d,0x4d,
  0xc2,0xc2,0xaf,0xaf,0x53,0x53,0x53,0x53,0xce,0x6c,0xce,0xce,0xce,0x6c,0xce,0xce,
  0x65,0x65,0x65,0x22,0x6c,0xc2,0x6c,0xc2,0xc2,0xc2,0x02,0x02,0x02,0x02,0x02,0x02,
  0x16,0xc8,0x0e,0xb4,0x4f,0xb4,0x4f,0xb4,0x83,0x83,0x18,0x83,0x59,0x8c,0x59,0x8c,
  0x35,0x83,0x83,0x83,0xc8,0x83,0xc8,0x81,0x4f,0xb4,0xb4,0xb4,0x07,0x07,0x07,0x07,
  0x16,0xc8,0xc8,0xd1,0xa0,0xa0,0x8f,0x8f,0xa0,0xa0,0x8f,0x8f,0x4f,0x4f,0x4f,0x4f,
  0x97,0x0c,0xef,0xef,0xee,0xcd,0x77,0x77,0x07,0x07,0x07,0x07,0x47,0x47,0xd9,0xd9,
  0xc2,0xc2,0xc2,0xaf,0x53,0x53,0x03,0x03,0x17,0x17,0x17,0x17,0x22,0x22,0xfb,0x22,
  0x17,0x53,0x17,0x17,0x17,0x53,0x17,0x17,0x2e,0x2e,0x04,0x04,0x15,0x15,0x4d,0x4d,
  0xc2,0xc2,0xaf,0xaf,0x53,0x53,0x53,0x53,0xce,0x6c,0xce,0xce,0xce,0x6c,0xce,0xce,
  0x65,0x65,0x65,0x22,0x6c,0xc2,0xce,0xc2,0xc2,0xc2,0x02,0x02,0x02,0x02,0x02,0x02,
  0x16,0xc8,0x0e,0xb4,0x4f,0xb4,0x4f,0xb4,0x83,0x83,0x18,0x83,0x59,0x8c,0x59,0x8c,
  0x35,0x83,0x83,0x83,0xc8,0x83,0xc8,0x81,0x4f,0xb4,0xb4,0xb4,0x07,0x07,0x07,0x07,
  0x16,0xc8,0xc8,0xc8,0xa0,0xa0,0x8f,0x8f,0xa0,0xa0,0x8f,0x8f,0x4f,0x4f,0x4f,0x4f,
  0x0c,0xef,0xef,0x09,0xcd,0xcd,0x77,0x77,0x07,0x07,0x07,0x07,0x47,0x47,0xd9,0xd9,
  0xc2,0xc2,0xc2,0xaf,0x53,0x53,0x03,0x03,0x57,0x57,0x57,0x57,0x25,0x25,0x25,0x25,
  0x1b,0x24,0x1b,0x1b,0x24,0x24,0x24,0x24,0x2f,0x2e,0x04,0x04,0x4d,0x15,0x48,0x4d,
  0xc2,0xc2,0xaf,0xaf,0x03,0x1b,0x1b,0x1b,0x1e,0x5f,0x03,0x03,0xce,0x1e,0xce,0xce,
  0x3b,0x3b,0x3b,0x3b,0x02,0x02,0x02,0x02,0xc2,0xc2,0x02,0x02,0x1c,0xe7,0x02,0x02,
  0x16,0xb4,0x0e,0xb4,0xb4,0xb4,0xb4,0xb4,0x81,0x81,0x81,0x81,0x8c,0x8c,0x8c,0x8c,
  0x81,0x81,0x81,0x75,0x81,0x81,0x81,0x81,0xb4,0xb4,0xb4,0xb4,0x6a,0x6a,0x6a,0x6a,
  0x8e,0x8e,0x8e,0xd1,0xa0,0xa0,0x8f,0x8f,0xa0,0xa0,0x8f,0x8f,0xb4,0xb4,0x4f,0xb4,
  0xef,0xaa,0x09,0x09,0xcd,0xcd,0x77,0x66,0x04,0x04,0x04,0x04,0xd9,0x47,0xb2,0xd9,
  0xc2,0xc2,0xc2,0xaf,0x53,0x53,0x03,0x03,0x57,0x57,0x57,0x57,0x25,0x25,0x25,0x25,
  0x1b,0x24,0x1b,0x1b,0x24,0x24,0x24,0x24,0x2f,0x2e,0x04,0x04,0x4d,0x4d,0x48,0x48,
  0xc2,0xc2,0xaf,0xaf,0x03,0x03,0x1b,0x1b,0x1e,0x5f,0x03,0x03,0xce,0x1e,0xce,0xce,
  0x3b,0x3b,0x3b,0x3b,0x02,0x02,0x02,0x02,0xc2,0xc2,0x02,0x02,0x1c,0xe7,0x02,0x02,
  0x0e,0xb4,0x4f,0xb4,0xb4,0xb4,0xb4,0xb4,0x81,0x81,0x81,0x81,0x8c,0x8c,0x8c,0x8c,
  0x81,0x81,0x81,0x75,0x81,0x81,0x81,0x81,0xb4,0xb4,0xb4,0xb4,0x6a,0x6a,0x6a,0x6a,
  0x8e,0x8e,0x8e,0x8e,0xa0,0xa0,0x8f,0x8f,0xa0,0xa0,0x8f,0x8f,0xb4,0xb4,0x4f,0xb4,
  0xaa,0xaa,0x09,0x09,0xcd,0xcd,0x66,0x66,0x04,0x04,0x04,0x04,0xd9,0xe0,0xb2,0xd9,
  0xc2,0xc2,0xc2,0xaf,0x65,0x65,0x3c,0x3c,0xc2,0xc2,0xc2,0xc2,0x65,0x65,0x25,0x25,
  0xce,0xce,0xce,0xce,0xce,0xce,0xc2,0xc2,0x15,0x15,0x31,0x31,0x01,0x01,0x01,0x01,
  0x15,0x15,0x21,0x21,0x53,0x53,0x03,0x03,0x17,0x17,0x17,0x17,0x53,0x53,0x53,0x53,
  0x06,0x06,0x06,0x06,0xa4,0xa4,0xa5,0xb9,0x2f,0x2f,0xbb,0xf3,0x07,0x07,0x07,0x07,
  0x59,0x8c,0x8c,0x75,0xdc,0xdc,0xdc,0xdc,0xdd,0xdd,0x0f,0xdd,0x27,0x27,0x27,0x27,
  0x26,0x26,0xe4,0xe4,0xc1,0xc1,0xc1,0xa7,0x89,0x89,0x7c,0x7c,0xa7,0xc1,0xa7,0xa7,
  0xef,0xef,0xef,0xef,0xd4,0xd4,0xd4,0xd4,0x83,0x83,0x81,0x81,0xc1,0xc1,0xcf,0xcf,
  0x27,0x27,0x63,0x27,0x97,0x0c,0xaa,0xef,0xdc,0xdc,0xdc,0xdc,0xf4,0xf4,0xf4,0x36,
  0xc2,0xc2,0xc2,0xaf,0x65,0x65,0x3c,0x3c,0xc2,0xc2,0x6c,0xc2,0x65,0x65,0x65,0x25,
  0xce,0xce,0xce,0xce,0xce,0xce,0xc2,0xc2,0x15,0x15,0x31,0x31,0x01,0x01,0x01,0x01,
  0x15,0x15,0x21,0x48,0x53,0x53,0x03,0x03,0x17,0x17,0x17,0x17,0x53,0x53,0x53,0x53,
  0x06,0x06,0x06,0x9a,0xa4,0xa4,0xa5,0xb9,0x2f,0x2f,0xbb,0xf3,0x07,0x07,0x07,0x07,
  0x59,0x8c,0x8c,0x29,0xdc,0xdc,0xdc,0xdc,0xdd,0xdd,0x0f,0xdd,0x27,0x27,0x27,0x27,
  0x26,0x26,0xe4,0xe4,0xc1,0xc1,0xc1,0xc1,0x9d,0x9d,0xe4,0xe4,0xa7,0xc1,0xa7,0xa7,
  0x0c,0xef,0xef,0xef,0xd4,0xd4,0xd4,0xd4,0x83,0x83,0x81,0x81,0xc1,0xc1,0xcf,0xcf,
  0x27,0x27,0x63,0x55,0x97,0xaa,0xaa,0xef,0xdc,0xdc,0xdc,0xdc,0x36,0x36,0x36,0x36,
  0xc2,0xc2,0xc2,0xaf,0x65,0x65,0x3c,0x3c,0xc2,0xc2,0xc2,0xc2,0x65,0x65,0x25,0x25,
  0x2a,0x2a,0x2a,0x2a,0xce,0xce,0xc2,0xc2,0x21,0x21,0x21,0x21,0x01,0x01,0x01,0x01,
  0x15,0x15,0x48,0x48,0x53,0x53,0x1b,0x03,0x53,0x17,0x17,0x17,0x03,0x03,0x03,0x03,
  0x33,0x33,0x33,0x33,0x07,0x07,0x07,0x07,0x75,0x75,0x2c,0x58,0x07,0x07,0x07,0x07,
  0x59,0x8c,0x8c,0x29,0xdc,0x63,0x1a,0x63,0xf1,0xf1,0x8b,0xf1,0x63,0x63,0x63,0x55,
  0x9d,0x26,0xe4,0xe4,0xcf,0xcf,0xcf,0xcf,0x9d,0x9d,0xe4,0xe4,0xcf,0xcf,0xcf,0xcf,
  0x09,0x09,0x09,0x09,0x67,0x67,0x8e,0x8e,0x83,0x83,0x81,0x81,0xc1,0xc1,0xcf,0xcf,
  0x27,0x27,0x27,0x27,0xef,0xef,0x09,0x09,0x1a,0x08,0x1a,0x63,0xd9,0xd9,0xd9,0xf4,
  0xc2,0xc2,0xc2,0xaf,0x65,0x65,0x3c,0x3c,0xc2,0xc2,0x1e,0xc2,0x65,0x65,0x25,0x25,
  0x2a,0x2a,0x2a,0x2a,0x6c,0x6c,0xc2,0xc2,0x21,0x21,0x21,0x21,0x01,0x01,0x01,0x01,
  0x15,0x15,0x48,0x48,0x53,0x53,0x1b,0x03,0x53,0x17,0x17,0x17,0x03,0x03,0x03,0x03,
  0x33,0x33,0x33,0x91,0x07,0x07,0x07,0x07,0x75,0x75,0x2c,0x58,0x07,0x07,0x07,0x07,
  0x59,0x8c,0x8c,0x29,0x63,0x1a,0x1a,0x63,0xf1,0xf1,0x8b,0xf1,0x63,0x63,0x63,0x55,
  0x9d,0x9d,0xe4,0xe4,0xcf,0xcf,0xcf,0xcf,0x9d,0x9d,0xe4,0xe4,0xcf,0xcf,0xcf,0xcf,
  0xef,0x09,0x09,0x09,0x67,0xa0,0xa0,0xa0,0x83,0x83,0x81,0x81,0xc1,0xc1,0xcf,0xcf,
  0x27,0x27,0x27,0x27,0xef,0x09,0x09,0x09,0x08,0x1a,0x1a,0x63,0xf4,0xf4,0xf4,0xf4,
  0x53,0x53,0x03,0x1b,0x22,0x22,0x22,0x65,0x02,0x02,0x7b,0x7b,0xc2,0xc2,0xc2,0xc2,
  0x03,0x03,0x23,0x23,0x02,0x02,0x02,0x02,0x15,0x15,0x48,0x48,0x53,0x53,0x24,0x53,
  0x02,0x02,0xaf,0xaf,0xbc,0xbc,0x93,0x93,0x53,0x53,0x03,0x03,0x17,0x17,0x57,0x57,
  0x3e,0xe0,0x07,0x07,0xb6,0xb6,0xf4,0xf4,0x1a,0x14,0x07,0x07,0x1d,0x1d,0xc5,0xc5,
  0x8d,0x83,0x2c,0x2c,0xad,0xcd,0xcd,0xad,0x97,0x97,0xe3,0xe3,0xf6,0xf6,0x01,0x01,
  0xf6,0x89,0x7c,0x7c,0xe8,0xb7,0xe8,0xb7,0x26,0x26,0xe4,0xe4,0xe8,0x1a,0x1a,0x1a,
  0xf6,0xf6,0xcf,0xcf,0x07,0x07,0x75,0x75,0x0c,0x0c,0xe3,0xe3,0xc1,0xc1,0xcf,0xcf,
  0xe8,0xe8,0x1a,0x1a,0x07,0x07,0x07,0x07,0x07,0x07,0x07,0x07,0x07,0x07,0x07,0x07,
  0x53,0x53,0x03,0x1b,0x22,0x22,0x22,0x65,0x02,0x02,0x7b,0x7b,0xc2,0xc2,0xc2,0xc2,
  0x03,0x03,0x03,0x23,0x02,0x02,0x02,0x02,0x15,0x15,0x48,0x48,0x53,0x53,0x24,0x53,
  0x02,0x02,0xaf,0xaf,0xbc,0xbc,0x93,0x93,0x53,0x53,0x03,0x03,0x17,0x17,0x57,0x57,
  0xe0,0xe0,0x07,0x07,0x4a,0x4a,0x4a,0x4a,0x14,0x09,0x07,0x07,0xc5,0xc5,0xf9,0xf9,
  0x8d,0x83,0x2c,0x2c,0xad,0xcd,0xad,0xad,0x97,0x97,0xe3,0xe3,0x89,0x89,0x7c,0x7c,
  0x89,0x89,0x7c,0x7c,0xe8,0xe8,0xe8,0xe8,0x26,0x26,0xe4,0xe4,0x1a,0xe8,0x1a,0x1a,
  0xf6,0xf6,0xcf,0xcf,0x07,0x07,0x75,0x29,0x0c,0x0c,0xe3,0xe3,0xc1,0xc1,0xcf,0xcf,
  0x1a,0xe8,0x1a,0x1a,0x07,0x07,0x07,0x07,0x07,0x07,0x07,0x07,0x07,0x07,0x07,0x07,
  0x53,0x53,0x03,0x1b,0x7d,0x7d,0x7d,0x7d,0x02,0x02,0x7b,0x7b,0xe7,0xe7,0xaf,0xaf,
  0x23,0x23,0x23,0x23,0x23,0x23,0x23,0x23,0x15,0x15,0x48,0x48,0x53,0x53,0x24,0x53,
  0x02,0x02,0xaf,0xaf,0xbc,0xbc,0x93,0x93,0x53,0x53,0x03,0x03,0x17,0x17,0x57,0x57,
  0x70,0xe0,0x07,0x07,0x4a,0x4a,0x4a,0x4a,0x09,0x09,0x07,0x07,0x3b,0x3b,0xf9,0xf9,
  0x8d,0x83,0x2c,0x2c,0xee,0xee,0xee,0xee,0x97,0x97,0xe3,0xe3,0x89,0x89,0x7c,0x7c,
  0x89,0xf6,0x7c,0x7c,0x1a,0x96,0x96,0x96,0x26,0x26,0xe4,0xe4,0xe8,0xe8,0x1a,0x1a,
  0xf6,0xf6,0xcf,0xcf,0x07,0x07,0x75,0x29,0x0c,0x0c,0xe3,0xe3,0xc1,0xc1,0xcf,0xcf,
  0x1a,0x1a,0x1a,0x1a,0x07,0x07,0x07,0x07,0x75,0x75,0x75,0x29,0x07,0x07,0x07,0x07,
  0x53,0x53,0x03,0x1b,0x7d,0x7d,0x7d,0x7d,0x02,0x02,0xe7,0x7b,0xe7,0xe7,0xe7,0xe7,
  0x23,0x23,0x23,0x23,0x23,0x23,0x23,0x23,0x15,0x15,0x48,0x48,0x53,0x53,0x53,0x53,
  0x02,0x02,0xaf,0xaf,0xbc,0xbc,0x93,0x93,0x53,0x53,0x03,0x03,0x17,0x17,0x57,0x57,
  0x87,0x87,0x07,0x07,0x5e,0x4a,0x37,0x4a,0x14,0x09,0x07,0x07,0x3b,0x3b,0xf9,0xf9,
  0x18,0x8d,0x83,0x2c,0xee,0xee,0xee,0xee,0x97,0x97,0xe3,0xe3,0x89,0x89,0x7c,0x7c,
  0x89,0x89,0x7c,0x7c,0x1a,0x96,0x1a,0x96,0x26,0x26,0xe4,0xe4,0xe8,0xe8,0x1a,0x1a,
  0x97,0x97,0xe3,0xe3,0x07,0x07,0x75,0x29,0x0c,0x0c,0xe3,0xe3,0xc1,0xc1,0xcf,0xcf,
  0xe8,0x1a,0x1a,0x1a,0x07,0x07,0x07,0x07,0x75,0x75,0x75,0x29,0x07,0x07,0x07,0x07,
  0x53,0x53,0x03,0x1b,0xce,0xce,0x1e,0x1e,0x22,0x22,0x22,0x65,0x02,0x02,0xaf,0xaf,
  0x15,0x15,0x5a,0x5a,0xfb,0xfb,0x12,0x12,0xc2,0xc2,0xc2,0xc2,0x56,0x56,0x0b,0x0b,
  0xc2,0xc2,0x6c,0x6c,0x53,0x53,0x53,0x53,0x56,0x56,0x0b,0x0b,0x17,0x17,0x24,0x24,
  0x22,0x22,0x22,0x22,0x77,0x66,0x92,0x92,0x58,0x58,0x2c,0x2c,0x07,0x07,0x07,0x07,
  0xc8,0xc8,0xc8,0xc8,0x97,0xf6,0x01,0x7c,0x99,0x55,0x99,0x99,0x0c,0x0c,0xe3,0xe3,
  0xc1,0xc1,0xcf,0xcf,0x9d,0x9d,0xe4,0xe4,0x9d,0x26,0xe4,0xe4,0xa3,0xa3,0xa3,0xa3,
  0xb4,0xb4,0xb4,0xb4,0x07,0x07,0x75,0x75,0xa3,0xa3,0xcf,0xcf,0x26,0x26,0xe4,0xe4,
  0x63,0x63,0x54,0x54,0xb4,0xb4,0xcb,0xcb,0xb7,0xcd,0xcd,0xcd,0xdd,0xdd,0x0f,0xdd,
  0x53,0x53,0x03,0x1b,0x6c,0x6c,0xc2,0xc2,0x22,0x22,0x22,0x65,0x02,0x02,0x02,0xaf,
  0x15,0x15,0x5a,0x5a,0xfb,0xfb,0x12,0x12,0xc2,0xc2,0xc2,0xc2,0x56,0x56,0x0b,0x0b,
  0xc2,0xc2,0x6c,0x6c,0x53,0x53,0x53,0x53,0x56,0x56,0x0b,0x0b,0x17,0x17,0x24,0x24,
  0x12,0x22,0x22,0x22,0x92,0x66,0x92,0x92,0x75,0x58,0x75,0x2c,0x07,0x07,0x07,0x07,
  0xc8,0x83,0x83,0x83,0x89,0x7c,0x7c,0x7c,0x99,0x99,0x99,0x99,0xaa,0xaa,0xe3,0xe3,
  0xc1,0xc1,0xcf,0xcf,0x26,0x26,0xe4,0xe4,0x26,0x26,0xe4,0xe4,0xa3,0xa3,0xa3,0xa3,
  0xb4,0xb4,0xb4,0xb4,0x07,0x07,0x75,0x75,0xa3,0xa3,0xcf,0xcf,0x26,0x26,0xe4,0xe4,
  0x63,0x63,0x54,0x08,0xc8,0xc8,0xd1,0xd1,0xb7,0xcd,0xcd,0xcd,0x0f,0xdd,0x0f,0xdd,
  0x53,0x53,0x03,0x1b,0x6c,0x6c,0xc2,0xc2,0x7d,0x7d,0x7d,0x7d,0x02,0x02,0x02,0xaf,
  0x48,0x48,0x48,0x48,0x25,0x25,0x25,0x25,0x23,0x03,0x03,0x03,0x56,0x56,0x0b,0x0b,
  0x5f,0x5f,0x2a,0x2a,0x17,0x17,0x53,0x53,0x56,0x56,0x0b,0x0b,0x17,0x17,0x24,0x24,
  0x48,0x48,0x48,0x21,0x04,0x04,0x19,0x19,0x07,0x07,0x07,0x07,0x07,0x07,0x58,0x58,
  0x8e,0x8e,0x8e,0x8e,0x7c,0x7c,0x7c,0x7c,0x55,0x1a,0x96,0x55,0x0c,0xaa,0xe3,0xe3,
  0xc1,0xc1,0xcf,0xcf,0x26,0x26,0xe4,0xe4,0x26,0x26,0xe4,0xe4,0x71,0x71,0xcf,0xcf,
  0xb4,0xb4,0xb4,0x8c,0x07,0x07,0x75,0x75,0xa3,0xa3,0xcf,0xcf,0x26,0x26,0xe4,0xe4,
  0x63,0x63,0x54,0x54,0xc8,0xc8,0xd1,0xd1,0x96,0x96,0x96,0x96,0xf1,0x27,0x8b,0xf1,
  0x53,0x53,0x03,0x1b,0x6c,0xce,0xc2,0x1e,0x7d,0x7d,0x7d,0x7d,0x02,0x02,0x02,0xaf,
  0x48,0x48,0x48,0x48,0x25,0x25,0x25,0x25,0x23,0x03,0x03,0x03,0x56,0x56,0x0b,0x0b,
  0x5f,0x5f,0x2a,0x2a,0x17,0x17,0x53,0x53,0x56,0x56,0x0b,0x0b,0x17,0x17,0x24,0x24,
  0x48,0x48,0x21,0x48,0x19,0x04,0x19,0x19,0x07,0x07,0x07,0x07,0x07,0x07,0x58,0x07,
  0xd1,0x81,0x81,0x81,0x89,0x89,0x7c,0x7c,0x55,0x96,0x96,0x55,0x0c,0x0c,0xe3,0xe3,
  0xa7,0xc1,0xcf,0xcf,0x26,0x26,0xe4,0xe4,0x26,0x9d,0xe4,0xe4,0x71,0x71,0xcf,0xcf,
  0xb4,0xb4,0xb4,0x8c,0x07,0x07,0x75,0x75,0xa3,0xa3,0xcf,0xcf,0x26,0x26,0xe4,0xe4,
  0xd5,0xd5,0x54,0x54,0xb4,0xd1,0xcb,0x67,0x96,0x96,0x96,0x96,0xf1,0xf1,0x8b,0xf1,
  0xc2,0xc2,0xc2,0xaf,0xc2,0xc2,0xc2,0xc2,0x53,0x53,0x53,0x53,0x53,0x53,0x53,0x53,
  0xfb,0xfb,0x12,0x12,0x22,0x22,0xfb,0xfb,0x6c,0x6c,0x1e,0x1e,0xc2,0xc2,0x1c,0x1c,
  0x23,0x23,0x23,0x23,0x17,0x17,0x53,0x53,0x56,0xa4,0x0b,0x0b,0x56,0xa4,0x0b,0x0b,
  0x07,0x07,0x07,0x07,0x07,0x07,0x07,0x07,0x2c,0x29,0x58,0x29,0x5d,0x5c,0xe5,0xe5,
  0x18,0x8c,0x83,0x81,0x36,0x8c,0x36,0x8c,0x2d,0xdb,0x2d,0x2d,0x07,0x07,0x07,0x07,
  0x07,0x07,0x07,0x07,0x07,0x07,0x07,0x07,0x07,0x07,0x07,0x07,0x07,0x07,0x07,0x07,
  0xe8,0xe8,0xe8,0xe8,0xbf,0x6f,0x45,0xf9,0x9d,0x9d,0x7c,0x7c,0xdc,0xdc,0xdc,0xdc,
  0xff,0xff,0xff,0xff,0x9d,0x9d,0xe4,0xe4,0xf7,0xf7,0xf7,0xf7,0x59,0x59,0xf4,0xf4,
  0xc2,0xc2,0xc2,0xaf,0xc2,0xc2,0xc2,0xc2,0x53,0x53,0x53,0x53,0x53,0x53,0x53,0x53,
  0xfb,0xfb,0x12,0xfb,0x22,0x22,0xfb,0xfb,0x6c,0x6c,0x1e,0x1e,0xc2,0xc2,0x1c,0x1c,
  0x23,0x23,0x23,0x23,0x17,0x17,0x53,0x53,0x56,0x56,0x0b,0x0b,0x56,0x56,0x0b,0x0b,
  0x07,0x07,0xd9,0x07,0x07,0x07,0x07,0x07,0x2c,0x29,0x58,0x29,0x5d,0x5c,0x5d,0x5d,
  0x18,0x8c,0x83,0x81,0x8c,0x8c,0x8c,0xb4,0x2d,0x82,0x2d,0xdb,0x07,0x07,0x07,0x07,
  0x07,0x07,0x07,0x07,0x07,0x07,0x07,0x07,0x07,0x07,0x07,0x07,0x07,0x07,0x07,0x07,
  0xe8,0xe8,0xe8,0xe8,0xbf,0x6f,0x45,0xf9,0x9d,0x9d,0x7c,0x7c,0xdc,0xdc,0xdc,0xdc,
  0xff,0xff,0xff,0xff,0x9d,0x9d,0xe4,0xe4,0xf7,0xf7,0xf7,0xf7,0x36,0x59,0xf4,0xf4,
  0xc2,0xc2,0xc2,0xaf,0x5f,0x5f,0x5f,0x5f,0x03,0x03,0x03,0x03,0x1b,0x1b,0x03,0x03,
  0x21,0x21,0x21,0x21,0x25,0x25,0x25,0x25,0x6c,0x6c,0x1e,0x1e,0xc2,0xc2,0x1c,0x1c,
  0x23,0x23,0x23,0x23,0x17,0x17,0x17,0x17,0x56,0x56,0x0b,0x0b,0x56,0x56,0x0b,0x0b,
  0x07,0x07,0xd9,0x07,0xb2,0x07,0xb2,0xb2,0x07,0x07,0x07,0x07,0x5d,0xeb,0xe5,0xe5,
  0x35,0x8c,0x83,0x81,0x58,0x58,0x58,0x58,0x64,0x2d,0x64,0x2d,0x75,0x75,0x75,0x75,
  0x07,0x07,0x07,0x07,0x07,0x07,0x07,0x07,0x6a,0x6a,0x6a,0x6a,0x07,0x07,0x07,0x07,
  0x1a,0x1a,0x1a,0x96,0x6f,0x6f,0xbf,0xf9,0x9d,0x9d,0x7c,0x7c,0x1a,0x1a,0x1a,0x1a,
  0x14,0x76,0x14,0x14,0x9d,0x9d,0x7c,0xe4,0x76,0x14,0x14,0x76,0xf4,0x36,0xf4,0xf4,
  0xc2,0xc2,0xc2,0xaf,0x5f,0x5f,0x5f,0x5f,0x03,0x03,0x03,0x03,0x1b,0x03,0x03,0x03,
  0x21,0x21,0x21,0x21,0x25,0xfb,0x25,0x25,0x6c,0x6c,0x1e,0x1e,0xc2,0xc2,0x1c,0x1c,
  0x23,0x23,0x23,0x23,0x17,0x17,0x17,0x17,0x56,0x56,0x0b,0x0b,0x56,0x56,0x0b,0x0b,
  0x07,0x07,0xd9,0x07,0xb2,0x07,0x07,0x07,0x07,0x07,0x07,0x07,0x5d,0xeb,0x5d,0x5d,
  0x35,0x8c,0x83,0x81,0x58,0x58,0x58,0x29,0x64,0x2d,0x2d,0x2d,0x29,0x75,0x75,0x75,
  0x07,0x07,0x07,0x07,0x07,0x07,0x07,0x07,0x6a,0x6a,0x6a,0x6a,0x07,0x07,0x07,0x07,
  0x1a,0x1a,0x1a,0x1a,0x6f,0x6f,0xbf,0xf9,0x89,0x9d,0x7c,0x7c,0x1a,0x1a,0x1a,0x1a,
  0x14,0x76,0x14,0x14,0x89,0x9d,0x7c,0xe4,0x76,0x14,0x76,0x76,0xf4,0x36,0xf4,0xf4,
  0x17,0x17,0x24,0x1b,0x17,0x17,0x24,0x24,0xbc,0xbc,0x93,0x93,0xc2,0xc2,0x23,0x23,
  0x65,0x65,0xfb,0xfb,0x53,0x53,0x03,0x03,0xc2,0xc2,0x23,0x23,0x02,0x02,0x1c,0x1c,
  0xbc,0xbc,0x93,0x93,0x17,0x17,0x17,0x17,0x56,0x56,0x0b,0x0b,0x53,0x53,0x5f,0x5f,
  0xfb,0x31,0x2f,0x2e,0x2c,0x75,0x75,0x2c,0x2f,0xf3,0xf3,0x2f,0x07,0x07,0x07,0x07,
  0xa0,0xa0,0x8a,0x8a,0xdf,0xdf,0xdf,0xae,0xf0,0xf0,0xf0,0xa2,0x07,0x07,0x07,0x07,
  0x07,0x07,0x07,0x07,0x75,0x29,0x75,0x75,0x07,0x07,0x07,0x07,0x75,0x75,0x75,0x29,
  0xa0,0xa0,0x8f,0x8f,0xa0,0xa0,0x8f,0x8f,0x07,0x07,0x07,0x07,0xe8,0xb7,0x1a,0x96,
  0x16,0x16,0x16,0x0e,0x18,0x8d,0x8d,0x6a,0x07,0x07,0x07,0x07,0xb2,0x47,0xd9,0x7a,
  0x17,0x17,0x24,0x24,0x17,0x17,0x24,0x24,0xbc,0xbc,0x93,0x93,0xc2,0xc2,0x23,0x23,
  0x65,0x65,0xfb,0xfb,0x53,0x53,0x03,0x03,0xc2,0xc2,0x23,0x23,0x02,0x02,0x1c,0x1c,
  0xbc,0xbc,0x93,0x93,0x17,0x17,0x17,0x17,0x56,0x56,0x0b,0x0b,0x53,0x53,0x5f,0x5f,
  0xfb,0x31,0x2f,0x2e,0x75,0x29,0x75,0x2c,0x2f,0xf3,0xf3,0x2f,0x07,0x07,0x07,0x07,
  0xd4,0xcc,0x8a,0xd4,0xdf,0xdf,0xdf,0xae,0xf0,0xf0,0xf0,0xa2,0x07,0x07,0x07,0x07,
  0x07,0x07,0x07,0x07,0x75,0x29,0x75,0x75,0x07,0x07,0x07,0x07,0x75,0x75,0x75,0x29,
  0xd4,0xd4,0xa0,0xa0,0xa0,0xa0,0x8f,0x8f,0x07,0x07,0x07,0x07,0xe8,0xe8,0x1a,0x96,
  0x16,0x16,0x16,0x16,0x18,0x18,0x8d,0x8d,0x07,0x07,0x07,0x07,0xe0,0x47,0xd9,0x7a,
  0x17,0x17,0x24,0x24,0x17,0x17,0x24,0x24,0xbc,0xbc,0x93,0x1c,0xc2,0xc2,0x23,0x23,
  0x65,0x65,0xfb,0xfb,0x53,0x53,0x03,0x03,0xc2,0xc2,0x4a,0x4a,0x02,0xbc,0x1c,0xe7,
  0xbc,0xbc,0x93,0x93,0x17,0x17,0x17,0x17,0x56,0x56,0x0b,0x0b,0x53,0x53,0x5f,0x5f,
  0xfb,0x31,0x2f,0x2e,0x07,0x07,0x07,0x07,0x07,0x07,0x07,0xb2,0x07,0x07,0x07,0x07,
  0xcc,0xcc,0xd4,0xd4,0x59,0x37,0x37,0xdf,0x20,0x20,0x59,0xf0,0x07,0x07,0x07,0x07,
  0x04,0x19,0x19,0x04,0x3e,0xe6,0x3e,0x70,0x61,0x61,0x61,0x61,0x3e,0x70,0x70,0x70,
  0xa0,0xa0,0x2b,0x8f,0xa0,0xa0,0x8f,0x8f,0x07,0x07,0x07,0x07,0xe8,0xe8,0x1a,0x1a,
  0xa0,0xa0,0x8e,0x8e,0x8d,0x8d,0x6a,0x6a,0x07,0x07,0x07,0x07,0x47,0x47,0x7a,0x7a,
  0x17,0x17,0x1b,0x24,0x17,0x17,0x24,0x24,0xbc,0xbc,0x1c,0x1c,0xc2,0xc2,0x23,0x23,
  0x65,0x65,0xfb,0xfb,0x53,0x53,0x03,0x03,0xc2,0xc2,0x4a,0x23,0x02,0xbc,0x1c,0xe7,
  0xbc,0xbc,0x93,0x93,0x53,0x53,0x17,0x17,0x56,0x56,0x0b,0x0b,0x53,0x53,0x5f,0x5f,
  0xfb,0x31,0x2f,0x2e,0x07,0x07,0x07,0x07,0x07,0x07,0x07,0xb2,0x07,0x07,0x07,0x07,
  0xcc,0xcc,0xd4,0xd4,0x37,0x37,0x37,0xdf,0x20,0x20,0x59,0xf0,0x07,0x07,0x07,0x07,
  0x04,0x19,0x19,0x04,0x70,0xe6,0x3e,0x70,0x61,0x61,0x61,0x61,0x3e,0x70,0x70,0x70,
  0xa0,0xa0,0x8f,0xa0,0xa0,0xa0,0x8f,0x8f,0x07,0x07,0x07,0x07,0xe8,0xe8,0x96,0x1a,
  0x8e,0x8e,0xa0,0xa0,0x8d,0x8d,0x2c,0x2c,0x07,0x07,0x07,0x07,0x47,0x47,0x7a,0x7a,
  0xc2,0xc2,0xc2,0xc2,0x53,0x53,0x53,0x53,0x6c,0x6c,0x1e,0x1e,0x53,0x53,0x03,0x03,
  0x65,0x65,0x65,0x25,0x65,0x65,0xec,0xec,0x15,0x15,0x4d,0x4d,0x02,0x02,0x23,0x23,
  0x6c,0x6c,0xc2,0xc2,0x53,0x53,0x03,0x03,0x53,0x53,0x03,0x03,0x15,0x15,0x5a,0x5a,
  0xfb,0x12,0xa4,0x56,0x6a,0x6a,0x6a,0x6a,0x33,0x33,0xde,0xde,0x53,0x53,0x03,0x03,
  0xcc,0xcc,0xd4,0xd4,0x61,0x61,0x8d,0x8d,0xb5,0x5c,0x0b,0x0b,0x35,0x35,0x59,0x59,
  0x0e,0x0e,0xd1,0x8e,0x9d,0x9d,0xe4,0xe4,0xe3,0xe3,0xe3,0xf6,0xdc,0xdc,0x1a,0x1a,
  0xb8,0xeb,0xdd,0xb8,0xa0,0xa0,0x8f,0x8f,0x0e,0x0e,0x8e,0x8e,0xa7,0xc1,0xcf,0xcf,
  0x92,0x92,0x92,0xb7,0xdc,0xdc,0xee,0x1a,0x16,0x16,0x16,0x16,0xa0,0xa0,0x8f,0x8f,
  0xc2,0xc2,0xc2,0xc2,0x53,0x53,0x53,0x53,0x6c,0x6c,0x1e,0x1e,0x53,0x53,0x03,0x03,
  0x65,0x65,0x65,0x65,0x65,0x65,0xec,0xec,0x15,0x15,0x4d,0x4d,0x02,0x02,0x23,0x23,
  0x6c,0x6c,0xc2,0xc2,0x53,0x53,0x03,0x03,0x53,0x53,0x03,0x03,0x15,0x15,0x5a,0x5a,
  0xfb,0x12,0xa4,0x56,0x6a,0x6a,0x6a,0x6a,0x33,0x33,0xde,0xde,0x53,0x53,0x03,0x03,
  0xcc,0xcc,0xd4,0xd4,0x62,0x62,0x61,0x61,0xb5,0x5c,0x0b,0x0b,0xb6,0x35,0x35,0x59,
  0x0e,0x0e,0x8e,0x8e,0x9d,0x9d,0xe4,0xe4,0x97,0x97,0x97,0x97,0xdc,0xdc,0x1a,0x1a,
  0xb8,0xeb,0xdd,0xb8,0xa0,0xa0,0x8f,0x8f,0x0e,0x0e,0x8e,0x8e,0xa7,0xc1,0xcf,0xcf,
  0xab,0xb7,0xab,0xab,0xdc,0xdc,0xee,0x1a,0x16,0x16,0x16,0x16,0xa0,0xa0,0x8f,0x8f,
  0x1c,0xe7,0x1c,0x1c,0x5f,0x5f,0x5f,0x5f,0x6c,0x6c,0x1e,0x1e,0x53,0x53,0x03,0x03,
  0x25,0x43,0x43,0x43,0x65,0x65,0xec,0xec,0x15,0x15,0x5a,0x4d,0x02,0x02,0x23,0x23,
  0x6c,0x6c,0xc2,0xc2,0x53,0x53,0x03,0x03,0x53,0x53,0x03,0x03,0x15,0x15,0x5a,0x5a,
  0xfb,0x12,0xa4,0x56,0x07,0x07,0x07,0x07,0x33,0x33,0xde,0xde,0x53,0x53,0x03,0x03,
  0xcc,0xcc,0xd4,0xd4,0x62,0x62,0x61,0x61,0x5c,0x0c,0x5c,0x5c,0xb6,0xb6,0x35,0x35,
  0x0e,0x0e,0x8e,0x8e,0x9d,0x9d,0xe4,0xe4,0x09,0x09,0x09,0xe3,0xdc,0xdc,0x1a,0x1a,
  0xb8,0x34,0xdd,0xb8,0xa0,0xa0,0x8f,0x8f,0x0e,0x0e,0x8e,0x8e,0xc1,0xc1,0xcf,0xcf,
  0x92,0x92,0x92,0xee,0xdc,0xdc,0x1a,0x1a,0xa0,0xa0,0xa0,0xa0,0xa0,0xa0,0x8f,0x8f,
  0x1c,0xe7,0x1c,0x1c,0x5f,0x5f,0x5f,0x5f,0x6c,0x6c,0x1e,0x1e,0x53,0x53,0x03,0x03,
  0x25,0x25,0x43,0x43,0x65,0x65,0xec,0xec,0x15,0x15,0x5a,0x4d,0x02,0x02,0x23,0x23,
  0x6c,0x6c,0xc2,0xc2,0x53,0x53,0x03,0x03,0x53,0x53,0x03,0x03,0x15,0x15,0x5a,0x5a,
  0xfb,0x12,0xa4,0x56,0x07,0x07,0x07,0x07,0x90,0x33,0x91,0xde,0x53,0x53,0x03,0x03,
  0xcc,0xcc,0xd4,0xd4,0x62,0x61,0x61,0x8d,0x5c,0x0c,0x5c,0x5c,0x35,0x39,0x59,0x35,
  0x0e,0x0e,0x8e,0x8e,0x9d,0x9d,0xe4,0xe4,0xe3,0xe3,0xe3,0xe3,0xdc,0xdc,0x1a,0x1a,
  0xeb,0x34,0xb8,0xb8,0xa0,0xa0,0x8f,0x8f,0x0e,0x0e,0x8e,0x8e,0xa7,0x28,0xcf,0xcf,
  0xee,0xee,0xee,0xee,0xdc,0xdc,0x96,0xee,0x8e,0x8e,0xa0,0x8e,0xa0,0xa0,0x8f,0x8f,
  0xce,0xce,0x2a,0x2a,0xc2,0x6c,0x6c,0xce,0xc2,0xc2,0x5f,0x5f,0x53,0x53,0x03,0x03,
  0x17,0x17,0x1b,0x24,0xc2,0xc2,0x6c,0x6c,0x17,0x17,0x24,0x17,0x02,0x02,0x23,0x23,
  0x6c,0x6c,0x2a,0x2a,0x53,0x53,0x03,0x03,0x53,0x53,0x03,0x03,0x53,0x53,0x17,0x17,
  0x70,0xe6,0x10,0x10,0x8e,0x5b,0x88,0x88,0x07,0x58,0x04,0x04,0x53,0x53,0x53,0x53,
  0x3e,0x70,0x70,0x70,0x0b,0xb5,0x0b,0xb5,0x0b,0xb5,0x0b,0xb5,0x70,0x70,0xe6,0x70,
  0x85,0x85,0xfd,0xfd,0x0c,0xaa,0xe3,0xe3,0x83,0x83,0x75,0x81,0xff,0xff,0x14,0x14,
  0x64,0x64,0x64,0x64,0xa0,0xa0,0x8f,0x8f,0x4f,0x4f,0x4f,0x4f,0x35,0x8c,0x59,0x59,
  0xab,0xab,0xcd,0xab,0x8d,0x8d,0xf8,0x6a,0xa7,0xa7,0xcf,0xcf,0x07,0x07,0x07,0x07,
  0xce,0xce,0x2a,0x2a,0xc2,0x6c,0x6c,0x6c,0xc2,0xc2,0x5f,0x5f,0x53,0x53,0x03,0x03,
  0x17,0x17,0x1b,0x24,0x6c,0xc2,0x6c,0x6c,0x17,0x17,0x24,0x17,0x02,0x02,0x23,0x23,
  0x6c,0x6c,0x2a,0x2a,0x53,0x53,0x03,0x03,0x53,0x53,0x03,0x03,0x53,0x53,0x17,0x17,
  0x70,0xe6,0x10,0x10,0x8e,0x8e,0x5b,0x88,0x07,0x07,0x04,0x04,0x53,0x53,0x53,0x53,
  0x3e,0x70,0x70,0x70,0x0b,0xb5,0x0b,0xb5,0x0b,0xb5,0x0b,0xb5,0x49,0x49,0x3e,0x3e,
  0x85,0x85,0xfd,0xfd,0x0c,0xaa,0xe3,0xe3,0x83,0x83,0x75,0x75,0xff,0xff,0x14,0x14,
  0x40,0x40,0x64,0x64,0xa0,0xa0,0x8f,0x8f,0x4f,0x4f,0x4f,0x4f,0x59,0x8c,0x59,0x59,
  0xab,0xab,0x77,0x77,0x8d,0x18,0x6a,0x74,0xa7,0xa7,0xcf,0xcf,0x07,0x07,0x07,0x07,
  0xce,0xce,0x2a,0x2a,0x02,0x02,0x02,0x02,0xc2,0xc2,0x5f,0x5f,0x53,0x53,0x03,0x03,
  0x17,0x17,0x24,0x24,0x5f,0x5f,0xc2,0x2a,0x17,0x17,0x24,0x17,0x02,0x02,0x23,0x23,
  0x6c,0x6c,0x2a,0x2a,0x53,0x53,0x03,0x03,0x53,0x53,0x03,0x03,0x53,0x53,0x17,0x17,
  0x70,0xe6,0x10,0x10,0x88,0x88,0x88,0x88,0x07,0x07,0x04,0x04,0xc2,0xc2,0xc2,0xc2,
  0x3e,0x70,0x70,0x70,0xa7,0x5c,0xa7,0x5c,0xa7,0x5c,0xa7,0x5c,0x70,0x70,0xe6,0xe6,
  0x85,0x85,0xfd,0xfd,0x0c,0xaa,0xe3,0xe3,0x83,0x83,0x81,0x81,0xff,0xff,0x14,0x14,
  0x64,0x64,0x64,0x64,0xa0,0xa0,0x2b,0x2b,0xb4,0xb4,0x4f,0x4f,0x8c,0x8c,0x8c,0x8c,
  0xab,0xab,0x92,0x92,0x18,0x18,0x74,0x74,0xa7,0xc1,0xcf,0xcf,0x07,0x07,0x07,0x07,
  0xce,0xce,0x2a,0x2a,0x02,0x02,0x02,0x02,0x6c,0xc2,0x2a,0x5f,0x53,0x53,0x03,0x03,
  0x17,0x17,0x24,0x24,0x2a,0x5f,0xc2,0xc2,0x17,0x17,0x17,0x17,0x02,0x02,0x23,0x23,
  0x6c,0x6c,0x2a,0x2a,0x53,0x53,0x03,0x03,0x53,0x53,0x03,0x03,0x53,0x53,0x17,0x17,
  0x70,0xe6,0x10,0x10,0x88,0x88,0x88,0x88,0x07,0x07,0x04,0x04,0xc2,0xc2,0xc2,0xc2,
  0x3e,0x70,0x70,0x70,0xa7,0x5c,0xa7,0x5c,0xa7,0x5c,0xa7,0x5c,0x49,0x49,0x3e,0x3e,
  0xeb,0x85,0xfd,0xfd,0x0c,0xaa,0xe3,0xe3,0x83,0x83,0x81,0x81,0xff,0xff,0x14,0x76,
  0x64,0x64,0x64,0x64,0xa0,0xa0,0x2b,0xa0,0xb4,0x4f,0x4f,0xb4,0x8c,0x8c,0x8c,0x8c,
  0xab,0xab,0x92,0x92,0x8d,0x8d,0x6a,0x2c,0xc1,0xc1,0xcf,0xcf,0x07,0x07,0x07,0x07,
  0xce,0xce,0x2a,0x2a,0x02,0x02,0x02,0x02,0xce,0xce,0x2a,0x2a,0x17,0x17,0x17,0x17,
  0x02,0x02,0x02,0x02,0xbc,0xbc,0x93,0x93,0x17,0x17,0x57,0x57,0x53,0x53,0x5f,0x5f,
  0xbc,0xbc,0x93,0x93,0x53,0x53,0x03,0x03,0xc2,0xc2,0x6c,0xce,0x17,0x17,0x24,0x17,
  0x07,0x07,0x10,0x10,0x2b,0x2b,0x78,0x78,0x07,0x07,0xe9,0xe9,0x17,0x17,0x24,0x24,
  0x35,0x62,0x35,0x35,0x40,0x64,0x64,0x64,0x40,0x64,0x64,0x64,0xb5,0x5c,0xb5,0x0b,
  0x3e,0xe6,0x70,0x70,0x89,0x89,0x7c,0x7c,0x68,0x68,0x68,0x68,0xad,0xf7,0x66,0x66,
  0x82,0x82,0xad,0xf5,0xdd,0xeb,0x27,0x51,0x97,0x97,0xe3,0xe3,0x0c,0x0c,0xe3,0xe3,
  0xe8,0xe8,0x1a,0x96,0xff,0xff,0xff,0xff,0xcd,0xad,0xcd,0xcd,0x68,0x6f,0x68,0xbf,
  0xce,0xce,0x2a,0x2a,0x02,0x02,0x02,0x02,0xce,0xce,0x2a,0x2a,0x17,0x17,0x17,0x17,
  0x02,0x02,0x02,0x02,0xbc,0xbc,0x93,0x93,0x17,0x17,0x57,0x57,0x53,0x53,0x5f,0x5f,
  0xbc,0xbc,0x93,0x93,0x53,0x53,0x03,0x03,0xc2,0xc2,0x6c,0xce,0x17,0x17,0x17,0x17,
  0x07,0x07,0x10,0x10,0x2b,0x2b,0x78,0x78,0x07,0x07,0xe9,0xe9,0x17,0x17,0x24,0x24,
  0x35,0x62,0x35,0x35,0x40,0x64,0x64,0x64,0x40,0x64,0x64,0x64,0xb5,0x5c,0xb5,0x0b,
  0x3e,0xe6,0x3e,0x70,0x89,0x89,0x7c,0x7c,0x68,0x68,0x68,0x68,0xad,0xf7,0x66,0x66,
  0x82,0x82,0xad,0xad,0xdd,0xeb,0x27,0x51,0x97,0x97,0xe3,0xe3,0x0c,0x0c,0xe3,0xe3,
  0xe8,0xe8,0x1a,0x1a,0xff,0xff,0xff,0xff,0xcd,0xad,0xad,0xcd,0x6f,0x6f,0xbf,0x68,
  0xce,0xce,0x2a,0x2a,0x1c,0x1c,0x1c,0x1c,0xce,0xce,0x2a,0x2a,0x17,0x17,0x53,0x53,
  0xaf,0xaf,0x02,0x02,0xbc,0xbc,0x93,0x93,0x17,0x17,0x57,0x57,0x53,0x53,0x5f,0x5f,
  0xbc,0xbc,0x93,0x93,0x53,0x53,0x03,0x03,0x5f,0x5f,0x5f,0x2a,0x57,0x57,0x57,0x57,
  0x07,0x07,0x10,0x10,0x2b,0x2b,0x78,0x78,0x07,0x07,0xe9,0xe9,0x17,0x17,0x17,0x17,
  0x35,0x62,0x35,0x62,0xfa,0xe8,0x40,0x64,0xfa,0xe8,0x40,0x64,0x0b,0x71,0x0b,0x0c,
  0x3e,0xe6,0x3e,0x70,0x89,0x89,0x7c,0x7c,0x13,0x13,0x68,0x68,0xad,0xf7,0x66,0x66,
  0x82,0x82,0xad,0xad,0x85,0xeb,0xdd,0x51,0x97,0x97,0xe3,0xe3,0x0c,0x0c,0xe3,0xe3,
  0xe8,0xe8,0x1a,0x1a,0x14,0x14,0x14,0x76,0x92,0xee,0xee,0xee,0x6f,0x6f,0xbf,0xbf,
  0xce,0xce,0x2a,0x2a,0x1c,0x1c,0x1c,0x1c,0xce,0xce,0x2a,0x2a,0x17,0x17,0x53,0x53,
  0x02,0xaf,0x02,0x02,0xbc,0xbc,0x20,0x20,0x17,0x17,0x57,0x57,0x53,0x53,0x5f,0x5f,
  0xbc,0xbc,0x1c,0x93,0x53,0x53,0x03,0x03,0x5f,0x5f,0x5f,0x2a,0x57,0x57,0x57,0x57,
  0x07,0x07,0x10,0x10,0x2b,0x2b,0x78,0x78,0x07,0x07,0xe9,0xba,0x17,0x17,0x17,0x17,
  0x35,0x62,0x35,0x62,0xfa,0xe8,0x40,0x64,0xfa,0xe8,0x40,0x64,0x0b,0x71,0x0b,0x0c,
  0x3e,0x70,0x70,0x70,0x89,0x89,0x7c,0x7c,0x68,0x13,0x68,0x68,0xad,0xad,0x66,0x66,
  0x82,0x82,0xd8,0xad,0xeb,0xdd,0x51,0x27,0x97,0x97,0xe3,0xe3,0x0c,0x0c,0xe3,0xe3,
  0xe8,0xe8,0x1a,0x1a,0x14,0x14,0x14,0x14,0x92,0xee,0xee,0xee,0x68,0x68,0x68,0x68,
  0x00,0x00,0x00,0x00,0x65,0x65,0x65,0x25,0xce,0xce,0x1e,0x1e,0x53,0x53,0x03,0x03,
  0xbc,0xbc,0xbc,0xbc,0xc2,0xc2,0x5f,0x5f,0x17,0x03,0x23,0x23,0x53,0x53,0x53,0x53,
  0x6c,0xce,0xce,0xce,0x65,0x65,0x65,0x65,0x1e,0xce,0xce,0xce,0xce,0xce,0xce,0xce,
  0x42,0x07,0x6a,0x29,0x07,0x07,0x07,0x07,0x29,0x6a,0x07,0x07,0x17,0x17,0x24,0x24,
  0x39,0x5e,0x39,0x5e,0x62,0x62,0x62,0x62,0x62,0x62,0x62,0x62,0x62,0x35,0x62,0x62,
  0x07,0x07,0x01,0x01,0x9d,0x9d,0xe4,0xe4,0x07,0x07,0x01,0x01,0xff,0xff,0x14,0x14,
  0x82,0x82,0xd8,0xad,0x0e,0x4f,0x8e,0xd1,0x8d,0x8d,0x83,0x83,0x89,0x9d,0x7c,0xe4,
  0x9d,0x9d,0xe4,0xe4,0x0c,0xaa,0xaa,0x97,0x0c,0xaa,0x0c,0x0c,0x9d,0x26,0x26,0x5b,
  0x00,0x00,0x00,0x00,0x65,0x65,0x25,0x25,0xce,0xce,0x2a,0x1e,0x53,0x53,0x03,0x03,
  0xbc,0xbc,0xbc,0xbc,0xc2,0xc2,0x5f,0x5f,0x17,0x03,0x23,0x23,0x53,0x53,0x53,0x53,
  0x6c,0xce,0xce,0xce,0x25,0x65,0x65,0x65,0x1e,0xce,0xce,0xce,0xce,0xce,0xce,0xce,
  0x42,0x07,0x6a,0x29,0x07,0x07,0x07,0x07,0x6a,0x6a,0x07,0x07,0x17,0x17,0x24,0x24,
  0x39,0x5e,0x39,0x5e,0x62,0x62,0x62,0x62,0x62,0x62,0x62,0x62,0x62,0x35,0x62,0x62,
  0x07,0x07,0x01,0x01,0x9d,0x9d,0xe4,0xe4,0x07,0x07,0x01,0x01,0xff,0xff,0x14,0x14,
  0x82,0x82,0xd8,0xad,0x0e,0x4f,0xd1,0xd1,0x8d,0x8d,0x83,0x83,0x89,0x9d,0x7c,0xe4,
  0x9d,0x9d,0xe4,0xe4,0x0c,0xaa,0xaa,0x97,0x0c,0xaa,0x0c,0x0c,0x26,0x26,0xe4,0xe4,
  0x1e,0x1e,0x1e,0x1e,0xfb,0xfb,0xfb,0x25,0xce,0xce,0x2a,0x1e,0x53,0x53,0x03,0x03,
  0x93,0x93,0x1c,0x1c,0xc2,0xc2,0x5f,0x5f,0x17,0x03,0x23,0x23,0x6c,0x00,0x6c,0x6c,
  0x5f,0x00,0x00,0x00,0xfb,0xfb,0xfb,0xfb,0x2a,0x2a,0x1e,0x1e,0x2a,0x2a,0x1e,0x1e,
  0x42,0x07,0x6a,0x29,0x07,0x07,0x07,0x07,0x6a,0x6a,0x07,0x07,0x17,0x17,0x24,0x24,
  0xae,0x5e,0xae,0x5e,0x61,0x8d,0x8d,0x61,0x61,0x8d,0x8d,0x61,0x62,0x35,0x35,0x62,
  0x07,0x07,0x01,0x01,0x9d,0x9d,0xe4,0xe4,0x07,0x07,0x01,0x01,0xff,0xff,0x14,0x14,
  0x2d,0x82,0xd8,0xad,0x4f,0x0e,0xd1,0xd1,0x8d,0x8d,0x83,0x83,0x89,0x9d,0x7c,0xe4,
  0x9d,0x9d,0xe4,0xe4,0xef,0x09,0x09,0xef,0x0c,0xcf,0xe3,0xe3,0x26,0x26,0xe4,0x5b,
  0x1e,0x1e,0x1e,0x1e,0xfb,0xfb,0x25,0x25,0xce,0xce,0x2a,0x2a,0x53,0x53,0x03,0x03,
  0x93,0x93,0x1c,0x1c,0xc2,0xc2,0x5f,0x5f,0x17,0x03,0x23,0x23,0x6c,0x00,0x6c,0x6c,
  0x5f,0x00,0x00,0x00,0x25,0xfb,0xfb,0xfb,0x2a,0x2a,0x1e,0x1e,0x2a,0x2a,0x1e,0x1e,
  0x42,0x07,0x6a,0x29,0x07,0x07,0x07,0x07,0x6a,0x6a,0x07,0x07,0x17,0x17,0x24,0x24,
  0xae,0x5e,0xae,0x5e,0x61,0x8d,0x8d,0x61,0x61,0x8d,0x8d,0x61,0x62,0x35,0x35,0x62,
  0x07,0x07,0x01,0x01,0x9d,0x9d,0xe4,0xe4,0x07,0x07,0x01,0x01,0xff,0xff,0x14,0x14,
  0x2d,0x82,0xd8,0xad,0x0e,0x0e,0xd1,0xd1,0x8d,0x8d,0x83,0x83,0x89,0x9d,0x7c,0xe4,
  0x9d,0x9d,0xe4,0xe4,0xef,0x09,0x09,0xef,0xe3,0xcf,0xe3,0xe3,0x26,0x26,0xe4,0x5b,
  0xce,0xce,0xce,0xce,0x65,0x65,0x65,0x65,0x00,0x00,0x2a,0x2a,0x53,0x53,0x03,0x03,
  0x17,0x17,0x17,0x17,0xc2,0xc2,0xc2,0xc2,0x07,0x07,0x37,0x59,0x3e,0xe6,0x3e,0xe6,
  0x07,0x07,0x07,0x07,0xac,0x98,0x98,0x1e,0x3e,0xe6,0xb2,0x32,0x07,0x07,0x07,0x07,
  0x07,0x07,0x07,0x07,0x07,0x07,0x07,0x07,0x07,0x07,0x07,0x07,0x6a,0x2c,0x2c,0x6a,
  0x29,0x29,0x75,0x75,0x9c,0xb5,0x5d,0xb5,0x9c,0xb5,0x5d,0x9c,0x9c,0xb5,0x5d,0x9c,
  0x07,0x07,0x07,0x07,0xaa,0xaa,0xe3,0xe3,0x97,0x97,0x0c,0x0c,0xdc,0xdc,0x1a,0x1a,
  0xbd,0xe2,0xe8,0x2d,0x85,0x51,0xdd,0xdd,0x0c,0x0c,0xef,0xef,0x9d,0x9d,0x9d,0x9d,
  0xe8,0xe8,0x1a,0xb7,0x83,0x81,0x81,0x81,0x8d,0x8d,0x8d,0x83,0xf4,0x36,0x36,0xf4,
  0xce,0xce,0xce,0xce,0x65,0x65,0x65,0x65,0x00,0x00,0x2a,0x2a,0x53,0x53,0x03,0x03,
  0x17,0x17,0x17,0x17,0xc2,0xc2,0xc2,0xc2,0x07,0x07,0x37,0x36,0x3e,0xe6,0x3e,0xe6,
  0x07,0x07,0x07,0x07,0xac,0x98,0x98,0x1e,0x3e,0xe6,0xe6,0xb2,0x07,0x07,0x07,0x07,
  0x07,0x07,0x07,0x07,0x07,0x07,0x07,0x07,0x07,0x07,0x07,0x07,0x6a,0x2c,0x6a,0x6a,
  0x29,0x75,0x29,0x75,0x9c,0xb5,0x5d,0xb5,0x9c,0xb5,0x5d,0x9c,0x9c,0xb5,0x5d,0x9c,
  0x07,0x07,0x07,0x07,0x0c,0xaa,0xe3,0xe3,0x97,0x0c,0x0c,0xe3,0xdc,0xdc,0x1a,0x1a,
  0xbd,0xe2,0xe8,0x2d,0x85,0xeb,0xdd,0x85,0x0c,0x0c,0xef,0x09,0x9d,0x9d,0x9d,0x9d,
  0xe8,0xe8,0x1a,0xb7,0x18,0x83,0x81,0x81,0x8d,0x8d,0x8d,0x83,0xf4,0x36,0x36,0x36,
  0x2a,0x2a,0x2a,0x2a,0xd7,0xd7,0xd7,0xd7,0x00,0x00,0x2a,0x2a,0x53,0x53,0x03,0x1b,
  0x03,0x03,0x03,0x1b,0x03,0x03,0x03,0x03,0x07,0x07,0x37,0x36,0x07,0x07,0x07,0x07,
  0x04,0x04,0x19,0x04,0xfd,0xc4,0xc4,0xc6,0x04,0x04,0x19,0x04,0x07,0x07,0x07,0x07,
  0x07,0x07,0x07,0x07,0x04,0x04,0x04,0x04,0x04,0x19,0x04,0x04,0x07,0x07,0x07,0x07,
  0x29,0x75,0x29,0x75,0x8a,0x8a,0x34,0x8a,0x8a,0x8a,0x34,0x8a,0x8a,0x8a,0x34,0x8a,
  0x07,0x07,0x07,0x07,0x0c,0xaa,0xe3,0xe3,0x0c,0xef,0xe3,0xe3,0xdc,0xdc,0x1a,0x1a,
  0xbd,0xe2,0xe8,0x2d,0x85,0x51,0xdd,0x85,0x0c,0x0c,0xef,0x09,0x7c,0x7c,0xe4,0xe4,
  0x1a,0x1a,0x1a,0x96,0x81,0x75,0x75,0x75,0x83,0x83,0x83,0x2c,0xd9,0xf4,0xf4,0xd9,
  0x2a,0x2a,0x2a,0x2a,0xd7,0xd7,0xd7,0xd7,0x00,0x00,0x2a,0x2a,0x53,0x53,0x03,0x1b,
  0x03,0x03,0x03,0x1b,0x03,0x03,0x03,0x03,0x07,0x07,0x37,0x36,0x07,0x07,0x07,0x07,
  0x04,0x04,0x04,0x19,0xfd,0xc4,0xc4,0xc6,0x04,0x04,0x04,0x19,0x07,0x07,0x07,0x07,
  0x07,0x07,0x07,0x07,0x04,0x04,0x04,0x04,0x04,0x19,0x04,0x04,0x07,0x07,0x07,0x07,
  0x29,0x75,0x29,0x75,0x8a,0x8a,0x34,0x8a,0x8a,0x8a,0x34,0x8a,0x8a,0x8a,0x34,0x8a,
  0x07,0x07,0x07,0x07,0x0c,0xaa,0xe3,0xe3,0xaa,0xaa,0xe3,0xe3,0xdc,0xdc,0x1a,0x1a,
  0xbd,0xe2,0xe8,0x2d,0x85,0x51,0xdd,0xdd,0xef,0x0c,0x09,0x09,0xe4,0xe4,0xe4,0xe4,
  0x1a,0x1a,0x1a,0x96,0x81,0x81,0x75,0x75,0x83,0x8d,0x83,0x2c,0xd9,0xf4,0xf4,0xf4,
  0xce,0xce,0x1e,0x1e,0x22,0x22,0xfb,0xfb,0x53,0x53,0x53,0x53,0x2c,0x2c,0x2f,0x2f,
  0x07,0x07,0x07,0x07,0x07,0x07,0x07,0x07,0x07,0x07,0x07,0x07,0xca,0xa3,0xca,0xca,
  0x07,0x07,0x6a,0x6a,0x07,0x07,0x2f,0x2f,0x42,0x42,0x07,0x07,0x07,0x07,0x07,0x07,
  0xb7,0xb7,0xb7,0xb7,0x27,0x27,0x27,0x27,0x96,0xdc,0x96,0xdc,0x83,0xf2,0x83,0xd1,
  0x70,0x70,0x70,0x70,0x62,0x62,0x61,0x61,0x3f,0x39,0x1b,0x59,0x3f,0x35,0x3f,0x62,
  0x07,0x07,0x07,0x07,0x0c,0xaa,0xe3,0xe3,0x9d,0x9d,0xe4,0xe4,0xe8,0xe8,0x1a,0x1a,
  0x8a,0xd4,0xb8,0x8a,0x8a,0x8a,0x8a,0x8a,0xf6,0x97,0x97,0x97,0xdc,0xdc,0x1a,0x1a,
  0x6f,0x6f,0x6f,0x6f,0xff,0xff,0xff,0xff,0x26,0x26,0xe4,0xe4,0x07,0x07,0x07,0x07,
  0xce,0xce,0x1e,0x1e,0x22,0x22,0xfb,0xfb,0x53,0x53,0x53,0x53,0x2c,0x29,0x2f,0x2e,
  0x07,0x07,0x07,0x07,0x07,0x07,0x07,0x07,0x07,0x07,0x07,0x07,0xb3,0xc7,0xca,0xca,
  0x07,0x07,0x6a,0x6a,0x07,0x07,0x32,0x2f,0x42,0x42,0x07,0x07,0x07,0x07,0x07,0x07,
  0xe8,0xb7,0xe8,0xb7,0x27,0x27,0x27,0x27,0x96,0xdc,0x96,0xdc,0xf2,0xf2,0xd1,0xd1,
  0x3e,0x70,0x49,0x49,0x61,0x61,0x61,0x61,0x3f,0x39,0x1b,0x59,0x3f,0x35,0x3f,0x62,
  0x07,0x07,0x07,0x07,0x0c,0x0c,0xe3,0xe3,0x9d,0x9d,0xe4,0xe4,0xe8,0xe8,0x1a,0x1a,
  0x8a,0xd4,0xb8,0x8a,0xd4,0xd4,0x8a,0x8a,0x97,0xf6,0x97,0x97,0xdc,0xdc,0x1a,0x1a,
  0x6f,0x6f,0x68,0x68,0xff,0xff,0xff,0xff,0x26,0x26,0xe4,0xe4,0x07,0x07,0x07,0x07,
  0xce,0xce,0x1e,0x1e,0x12,0x12,0x21,0x21,0x03,0x03,0x03,0x03,0x2c,0x29,0x2f,0x2e,
  0x04,0x19,0x04,0x04,0x04,0x04,0x04,0x19,0x2f,0x2e,0x32,0x32,0xc7,0xa3,0xc7,0xc7,
  0x07,0x07,0x6a,0x6a,0x07,0x07,0x32,0x2f,0x2f,0x2f,0x3e,0x3e,0x07,0x07,0x07,0x07,
  0xe8,0xe8,0xe8,0xe8,0x63,0x55,0x54,0x63,0x1a,0x63,0x1a,0x63,0xf2,0xf2,0xd1,0xd1,
  0xe6,0xe6,0xe6,0xe6,0x62,0x62,0x61,0x61,0x62,0x62,0x3f,0x35,0x0d,0x81,0xbe,0x35,
  0x07,0x07,0x07,0x07,0x0c,0xaa,0xe3,0xe3,0x9d,0x9d,0xe4,0xe4,0xe8,0xe8,0x1a,0x1a,
  0x8a,0xd4,0xb8,0x8a,0xb8,0xb8,0xb8,0xb8,0xcf,0xe3,0xe3,0xe3,0xdc,0xdc,0x96,0x1a,
  0x68,0x68,0x68,0x68,0x14,0xf7,0x14,0x14,0x26,0x26,0xe4,0xe4,0x07,0x07,0x07,0x07,
  0x6c,0x6c,0x2a,0x2a,0x12,0x12,0x21,0x21,0x03,0x03,0x03,0x03,0x29,0x42,0x2e,0x32,
  0x04,0x19,0x04,0x04,0x04,0x04,0x04,0x19,0x2f,0x2f,0x32,0x32,0xa3,0xc7,0xc7,0xc7,
  0x07,0x07,0x6a,0x6a,0x07,0x07,0xf3,0x2f,0x2f,0x2f,0x32,0x3e,0x07,0x07,0x07,0x07,
  0xe8,0xe8,0xe8,0xe8,0x54,0x27,0x54,0x63,0x1a,0x63,0x1a,0x63,0xf2,0xf2,0xd1,0xd1,
  0x3e,0xe6,0x49,0x49,0x61,0x61,0x61,0x61,0x62,0x62,0x3f,0x35,0x0d,0x81,0xbe,0x35,
  0x07,0x07,0x07,0x07,0xaa,0xaa,0xe3,0xe3,0x9d,0x9d,0xe4,0xe4,0xe8,0xe8,0x1a,0x1a,
  0x8a,0xd4,0xb8,0xb8,0xb8,0xb8,0xb8,0xb8,0xe3,0xcf,0x09,0xe3,0xdc,0xdc,0x96,0x1a,
  0x68,0x68,0x68,0x68,0x55,0x55,0x14,0x14,0x26,0x26,0xe4,0xe4,0x07,0x07,0x07,0x07,
  0x53,0x53,0x23,0x23,0xa4,0xa4,0x0b,0x0b,0x2f,0x2e,0x6a,0x6a,0x9d,0xe4,0xe4,0x5b,
  0x05,0x05,0x0a,0x0a,0x05,0x05,0x0a,0x0a,0x05,0x05,0x0a,0x0a,0x05,0x05,0x0a,0x0a,
  0xe1,0xe1,0xe1,0xe1,0x07,0x6f,0x07,0x07,0xee,0xee,0x92,0x92,0xbf,0xc4,0x08,0x4c,
  0x8f,0x8f,0x8f,0x8f,0xf2,0x8d,0xf2,0x8d,0x8f,0x8f,0x8f,0x8f,0xbf,0xbf,0xd0,0x4c,
  0x61,0x62,0x35,0x62,0x4b,0x40,0x9b,0x64,0x4b,0x40,0x9b,0x64,0x4b,0x40,0x4b,0x40,
  0x07,0x07,0x07,0x07,0x07,0x07,0x07,0x07,0x07,0x07,0x07,0x07,0x07,0x07,0x07,0x07,
  0x07,0x07,0x07,0x07,0x07,0x07,0x07,0x07,0x07,0x07,0x6a,0x6a,0x0c,0xaa,0xe3,0xe3,
  0x36,0x59,0xf4,0xf4,0xa0,0xa0,0x8f,0x8f,0x47,0x47,0x68,0x68,0x9c,0x9c,0xf6,0xf6,
  0x53,0x53,0x23,0x23,0x56,0x56,0x0b,0x0b,0x2e,0x2e,0x6a,0x6a,0x26,0xe4,0xe4,0x5b,
  0x05,0x05,0x0a,0x0a,0x05,0x05,0x0a,0x0a,0x05,0x05,0x0a,0x0a,0x05,0x05,0x0a,0x0a,
  0xe1,0xe1,0xe1,0xe1,0x07,0xb2,0x07,0x07,0xee,0x92,0x92,0x92,0xbf,0xc4,0x45,0x4c,
  0x8f,0x8f,0x8f,0x8f,0xf2,0x8d,0xf2,0x8d,0x8f,0x8f,0x8f,0x8f,0xbf,0xbf,0x45,0x4c,
  0x61,0x62,0x35,0x62,0x4b,0x40,0x9b,0x64,0x4b,0x40,0x9b,0x64,0x4b,0x40,0x4b,0x40,
  0x07,0x07,0x07,0x07,0x07,0x07,0x07,0x07,0x07,0x07,0x07,0x07,0x07,0x07,0x07,0x07,
  0x07,0x07,0x07,0x07,0x07,0x07,0x07,0x07,0x07,0x07,0x6a,0x6a,0x0c,0x0c,0xe3,0xe3,
  0xf4,0x59,0xf4,0xf4,0xa0,0xa0,0x8f,0x8f,0x68,0x13,0x68,0x68,0x9c,0xb5,0xf6,0xf6,
  0x53,0x53,0x23,0x23,0x56,0x56,0x0b,0x0b,0x2e,0x2e,0x6a,0x6a,0xe4,0xe4,0x5b,0x5b,
  0x05,0x05,0x0a,0x0a,0x05,0x05,0x0a,0x0a,0x05,0x05,0x0a,0x0a,0x05,0x05,0x0a,0x0a,
  0xe1,0xe1,0xe1,0xe1,0x07,0x07,0x07,0x07,0xee,0xee,0x92,0x92,0xbf,0xc4,0x08,0x4c,
  0x8d,0x8d,0x8d,0xf8,0x67,0x67,0x67,0x67,0x8d,0x8d,0xf8,0xf8,0xbf,0xbf,0x45,0x4c,
  0x61,0x62,0x35,0x62,0x40,0x60,0x4b,0x64,0x40,0x60,0x4b,0x64,0x4b,0xab,0x4b,0xab,
  0x07,0x07,0x07,0x07,0x76,0x76,0x76,0x76,0x07,0x07,0x07,0x07,0x07,0x07,0x07,0x07,
  0x07,0x07,0x07,0x07,0x07,0x07,0x07,0x07,0x07,0x07,0x6a,0x6a,0x0c,0x0c,0xe3,0xe3,
  0xf4,0x36,0xf4,0xf4,0xa0,0xa0,0x8f,0x8f,0x68,0x68,0x7a,0x7a,0xb5,0xb5,0xf6,0xf6,
  0x53,0x53,0x23,0x23,0x56,0x56,0x0b,0x0b,0x2e,0x2e,0x6a,0x2c,0xe4,0xe4,0x5b,0x5b,
  0x05,0x05,0x0a,0x0a,0x05,0x05,0x0a,0x0a,0x05,0x05,0x0a,0x0a,0x05,0x05,0x0a,0x0a,
  0xe1,0xe1,0xe1,0xe1,0x07,0x07,0x07,0x07,0xcd,0x92,0xee,0x92,0xc4,0xc4,0x4c,0x4c,
  0x8d,0x8d,0x8d,0xf8,0x67,0x67,0x67,0x67,0x8d,0x8d,0xf8,0xf8,0xbf,0xbf,0x45,0x4c,
  0x61,0x61,0x35,0x61,0x40,0x60,0x4b,0x64,0x40,0x60,0x4b,0x64,0x4b,0xab,0x4b,0xab,
  0x07,0x07,0x07,0x07,0x76,0x76,0x76,0x76,0x07,0x07,0x07,0x07,0x07,0x07,0x07,0x07,
  0x07,0x07,0x07,0x07,0x07,0x07,0x07,0x07,0x07,0x07,0x6a,0x6a,0x0c,0x0c,0xe3,0xe3,
  0xf4,0x36,0xf4,0xf4,0xa0,0xa0,0x8f,0x8f,0xb2,0xc4,0x7a,0x7a,0xb5,0xb5,0xf6,0xf6,
  0x6c,0x6c,0xc2,0xc2,0xc2,0xc2,0x5f,0x5f,0x07,0x07,0x04,0x04,0x05,0x05,0x0a,0x0a,
  0x05,0x05,0x0a,0x0a,0x05,0x05,0x0a,0x0a,0x05,0x05,0x0a,0x0a,0x05,0x05,0x0a,0x0a,
  0x4c,0x4c,0x45,0x45,0x07,0x07,0x07,0x07,0x07,0x07,0x07,0x07,0xf6,0xf6,0xa7,0xa7,
  0x9d,0x9d,0x9d,0x7c,0x28,0x28,0xc1,0x28,0x7c,0x7c,0x7c,0x7c,0x97,0x97,0x01,0x01,
  0x2d,0xdb,0xd5,0xe2,0xa6,0xa6,0xa6,0x2d,0xa6,0x40,0x40,0xa6,0xbe,0xbe,0xbe,0xbe,
  0xdb,0xdb,0x2d,0x2d,0x40,0x40,0x9b,0x40,0x3f,0xbe,0xbe,0xbe,0x2f,0x2e,0x2e,0x2f,
  0x2f,0x2e,0x2e,0x2f,0x39,0x39,0xbe,0x3f,0x2d,0x1d,0x2d,0xe8,0x07,0x07,0x07,0x07,
  0xf4,0x8c,0x8c,0xb4,0x07,0x07,0x07,0x07,0x64,0x64,0x64,0x64,0xb5,0xb5,0x34,0x34,
  0x6c,0x6c,0xc2,0xc2,0xc2,0xc2,0x5f,0x5f,0x07,0x07,0x04,0x04,0x05,0x05,0x0a,0x0a,
  0x05,0x05,0x0a,0x0a,0x05,0x05,0x0a,0x0a,0x05,0x05,0x0a,0x0a,0x05,0x05,0x0a,0x0a,
  0x4c,0x4c,0x45,0x45,0x07,0x07,0x07,0x07,0x07,0x07,0x07,0x07,0xa7,0xa7,0xc1,0xc1,
  0x9d,0x7c,0x7c,0x7c,0x28,0x28,0xc1,0x28,0x7c,0x7c,0x7c,0x7c,0xf6,0x97,0x01,0x01,
  0x2d,0xdb,0xd5,0xe2,0xa6,0x2d,0xfa,0xdb,0xa6,0x40,0x64,0x40,0x35,0x35,0x35,0x35,
  0xdb,0xdb,0x2d,0xdb,0x40,0x4b,0x9b,0x64,0x3f,0x39,0xbe,0xbe,0x2f,0x2e,0x2e,0x2f,
  0x2f,0x2e,0x2e,0x2f,0xbe,0x39,0xbe,0x3f,0x2d,0x82,0x82,0xe8,0x07,0x07,0x07,0x07,
  0xb4,0xb4,0x8c,0xb4,0x07,0x07,0x07,0x07,0x64,0x64,0x64,0x64,0xb5,0xb5,0x34,0x34,
  0x6c,0x6c,0xc2,0xc2,0xc2,0xc2,0x5f,0x5f,0x07,0x07,0x04,0x19,0x05,0x05,0x0a,0x0a,
  0x05,0x05,0x0a,0x0a,0x05,0x05,0x0a,0x0a,0x05,0x05,0x0a,0x0a,0x05,0x05,0x0a,0x0a,
  0x4c,0x4c,0x45,0x45,0x07,0x07,0x07,0x07,0x04,0x19,0x04,0x04,0xc1,0xa7,0x71,0xc1,
  0xa7,0xa7,0xa7,0xcf,0x71,0x71,0x71,0x71,0xcf,0xcf,0xcf,0xcf,0xf6,0x97,0x01,0x01,
  0x2d,0xdb,0xd5,0xe2,0x11,0x11,0x11,0x64,0x64,0x64,0x64,0x64,0x3f,0x3f,0x3f,0x3f,
  0x11,0x11,0xb7,0xb7,0x60,0x60,0x4b,0x60,0x3f,0x39,0x39,0x39,0x2f,0x2e,0x32,0x2f,
  0x2f,0x2e,0x2e,0x2f,0x83,0x83,0x35,0x1b,0xbd,0xe2,0xbd,0xd5,0x6a,0x6a,0x6a,0x6a,
  0x58,0x29,0x29,0x8c,0x01,0x01,0x01,0x01,0x64,0x64,0x64,0x64,0xb5,0xb5,0x34,0x34,
  0x6c,0x6c,0xc2,0xc2,0xc2,0xc2,0x5f,0x5f,0x07,0x07,0x04,0x19,0x05,0x05,0x0a,0x0a,
  0x05,0x05,0x0a,0x0a,0x05,0x05,0x0a,0x0a,0x05,0x05,0x0a,0x0a,0x05,0x05,0x0a,0x0a,
  0x4c,0x4c,0x45,0x45,0x07,0x07,0x07,0x07,0x19,0x19,0x04,0x04,0xc1,0xa7,0x71,0xc1,
  0xa7,0xcf,0xcf,0xcf,0x71,0x71,0x71,0x71,0xcf,0xcf,0xcf,0xcf,0xf6,0x97,0x01,0x01,
  0x2d,0xdb,0xd5,0xe2,0x11,0x64,0xa6,0x11,0x64,0x64,0x64,0x64,0x3f,0x3f,0x3f,0x3f,
  0x11,0x11,0xb7,0xa6,0x60,0x40,0x4b,0x64,0x0d,0x35,0x39,0x39,0x2f,0x2e,0x32,0x2f,
  0x2f,0x2e,0x2e,0x2f,0x35,0x83,0x35,0x3f,0xbd,0xbd,0xbd,0xd5,0x6a,0x6a,0x6a,0x6a,
  0x8c,0x8c,0x29,0x8c,0x01,0x01,0x01,0x01,0x64,0x64,0x64,0x64,0x9c,0x9c,0x34,0x34,
  0x02,0x02,0x02,0x02,0x33,0x33,0x33,0x33,0x9c,0x26,0x26,0xe4,0x05,0x05,0x05,0x05,
  0x05,0x05,0x05,0x05,0x05,0x05,0x05,0x05,0x05,0x05,0x0a,0x0a,0x05,0x05,0x0a,0x0a,
  0x05,0x05,0x0a,0x0a,0x88,0xc7,0xf1,0x0f,0x8d,0x8d,0x8d,0x8d,0x4f,0xb8,0x88,0x88,
  0x88,0x88,0x44,0x44,0x8b,0x8b,0x98,0xc0,0x44,0x44,0x44,0x84,0x29,0x29,0x8c,0x29,
  0x37,0xdf,0x37,0x37,0xdf,0xae,0xae,0xae,0x75,0x29,0x29,0x29,0x75,0x29,0x29,0x29,
  0x2c,0x2c,0x29,0x29,0xb5,0xb5,0x34,0x34,0x59,0x59,0x5e,0x59,0x75,0x75,0x29,0x58,
  0x29,0x2c,0x75,0x29,0xc2,0x20,0x20,0x20,0x0b,0x0b,0x5c,0x5c,0x0b,0xb5,0x0c,0x0b,
  0x35,0x35,0x35,0x62,0x5e,0x39,0x39,0x5e,0xae,0xae,0xae,0xae,0xdf,0x5e,0xae,0xdf,
  0x02,0x02,0x02,0x02,0x33,0x33,0x33,0x33,0x9d,0x26,0xe4,0xe4,0x05,0x05,0x05,0x05,
  0x05,0x05,0x05,0x05,0x05,0x05,0x05,0x05,0x05,0x05,0x0a,0x0a,0x05,0x05,0x0a,0x0a,
  0x05,0x05,0x0a,0x0a,0x88,0x88,0xf1,0xf1,0x8d,0x8d,0x8d,0x8d,0x4f,0xb8,0x88,0x88,
  0x44,0x88,0x44,0x44,0x8b,0x8b,0x98,0xd0,0x44,0x44,0x44,0x84,0x8c,0x8c,0x8c,0x29,
  0x37,0xb6,0xdf,0xdf,0xdf,0xae,0xae,0xae,0x75,0x29,0x29,0x29,0x29,0x75,0x75,0x29,
  0x2c,0x75,0x29,0x29,0xb5,0xb5,0x34,0x34,0x59,0x59,0x5e,0x59,0x58,0x75,0x75,0x58,
  0x29,0x2c,0x75,0x29,0xa2,0x20,0x20,0x20,0x0b,0x0b,0x5c,0x5c,0x0b,0x0b,0x0c,0x0c,
  0x35,0x35,0x35,0x62,0x5e,0x39,0x39,0x5e,0xae,0xae,0xae,0xae,0xdf,0x5e,0xae,0xdf,
  0x1c,0x1c,0x02,0x1c,0x06,0x06,0x23,0x23,0x26,0x26,0xe4,0xe4,0x05,0x05,0x05,0x05,
  0x05,0x05,0x05,0x05,0x05,0x05,0x05,0x05,0x05,0x05,0x0a,0x0a,0x05,0x05,0x0a,0x0a,
  0x05,0x05,0x0a,0x0a,0x88,0x88,0xf1,0xf1,0x2c,0x2c,0x2c,0x83,0x4f,0xb8,0x88,0x88,
  0x44,0x44,0x8b,0xc0,0xc0,0xc0,0xc0,0xc0,0xcb,0xcb,0x84,0x29,0x29,0x29,0x29,0x29,
  0x59,0x37,0x59,0x59,0xdf,0xae,0xdf,0xae,0x76,0x76,0x76,0x76,0x76,0x76,0x76,0x76,
  0x76,0x76,0x76,0x76,0xb5,0xb5,0x34,0x34,0xdf,0xdf,0xdf,0xdf,0x04,0x04,0x04,0x19,
  0x76,0x76,0x76,0x76,0x20,0x20,0x20,0x20,0x0b,0x0b,0x5c,0x5c,0x0b,0x0b,0x0c,0x0c,
  0x35,0x35,0x35,0x35,0x35,0x35,0x35,0x35,0xae,0xdf,0xdf,0xae,0xdf,0xae,0xae,0xdf,
  0x1c,0x1c,0x02,0x1c,0x33,0x06,0x6b,0x23,0x26,0x26,0xe4,0xe4,0x05,0x05,0x05,0x05,
  0x05,0x05,0x05,0x05,0x05,0x05,0x05,0x05,0x05,0x05,0x0a,0x0a,0x05,0x05,0x0a,0x0a,
  0x05,0x05,0x0a,0x0a,0x88,0x88,0xf1,0xf1,0x2c,0x2c,0x83,0x2c,0x44,0x44,0xcb,0xcb,
  0x8b,0x44,0x8b,0xc0,0xc0,0xc0,0xc0,0xd0,0xcb,0xcb,0x84,0x29,0x8c,0x8c,0x8c,0x29,
  0x59,0x37,0x37,0x37,0xdf,0xae,0xdf,0xae,0x76,0x76,0x76,0x76,0x76,0x76,0x76,0x76,
  0x76,0x76,0x76,0x76,0xb5,0xb5,0x34,0x34,0xdf,0xdf,0xdf,0xdf,0x19,0x04,0x04,0x19,
  0x76,0x76,0x76,0x76,0x20,0x20,0x20,0x20,0x0b,0x0b,0x5c,0x5c,0x0b,0x0b,0x0c,0x0c,
  0x35,0x35,0x35,0x35,0x35,0x35,0x35,0x35,0xae,0xae,0xdf,0xdf,0xdf,0xae,0xae,0xdf,
  0x2b,0x2b,0x74,0x74,0x07,0x07,0x07,0x07,0x7c,0x7c,0x7c,0x7c,0xe4,0xe4,0x28,0x28,
  0x99,0x99,0x99,0x99,0x07,0xb2,0x07,0x07,0x07,0x07,0x07,0x07,0x0f,0xf1,0x0f,0x0f,
  0x1a,0x1a,0x1a,0x1a,0x63,0x63,0x08,0x4c,0x07,0x07,0x04,0x19,0x74,0x74,0x74,0x74,
  0x07,0x07,0x07,0x07,0x07,0x07,0x07,0x07,0x07,0x07,0x07,0x07,0x74,0x74,0x74,0x74,
  0x07,0x07,0x07,0x07,0x07,0x07,0x07,0x07,0x07,0x07,0x07,0x07,0x07,0x07,0x07,0x07,
  0x07,0x07,0x07,0x07,0x3e,0xe6,0x70,0x70,0x07,0x07,0x07,0x07,0x75,0x75,0x2c,0x29,
  0x07,0x07,0x07,0x07,0x07,0x07,0x07,0x07,0x07,0x07,0x07,0x07,0x07,0x07,0x07,0x07,
  0x07,0x07,0x07,0x07,0x07,0x07,0x07,0x07,0x07,0x07,0x07,0x07,0x7e,0x7e,0xf0,0xf0,
  0x74,0x74,0xf8,0xf8,0x07,0x07,0x07,0x07,0x7c,0x7c,0x7c,0x7c,0xe4,0xe4,0x28,0x28,
  0x99,0x99,0x69,0xa8,0x07,0x07,0x07,0x07,0x07,0x07,0x07,0x07,0x0f,0x0f,0xf1,0xf1,
  0x1a,0x1a,0x1a,0x1a,0x63,0x63,0x4c,0x4c,0x07,0x07,0x04,0x19,0x74,0x74,0x74,0x74,
  0x07,0x07,0x07,0x07,0x07,0x07,0x07,0x07,0x07,0x07,0x07,0x07,0x74,0x74,0x74,0x74,
  0xb2,0x07,0x07,0x07,0x07,0x07,0x07,0x07,0x07,0x07,0x07,0x07,0x07,0x07,0x07,0x07,
  0x07,0x07,0x07,0x07,0x3e,0xe6,0x70,0x70,0x07,0x07,0x07,0x07,0x75,0x75,0x2c,0x29,
  0x07,0x07,0x07,0x07,0x07,0x07,0x07,0x07,0x07,0x07,0x07,0x07,0x07,0x07,0x07,0x07,
  0x07,0x07,0x07,0x07,0x07,0x07,0x07,0x07,0x07,0x07,0x07,0x07,0x9f,0x9f,0xed,0xed,
  0x74,0x74,0xf8,0xf8,0x07,0x07,0x07,0x07,0xe4,0xe4,0x7c,0x7c,0xe4,0xe4,0x28,0x28,
  0x27,0x27,0x27,0x27,0x29,0x75,0x29,0x29,0x29,0x2c,0x29,0x29,0xf1,0x07,0xf1,0x85,
  0x1a,0x96,0x1a,0x1a,0x63,0x27,0x4c,0x54,0x07,0x07,0x04,0x19,0x74,0x74,0x74,0x74,
  0x04,0x04,0x04,0x04,0x04,0x04,0x04,0x04,0x04,0x04,0x04,0x04,0x74,0x74,0x74,0x74,
  0x76,0x76,0x76,0x76,0x04,0x19,0x04,0x04,0x04,0x19,0x04,0x04,0x75,0x29,0x29,0x29,
  0x04,0x19,0x04,0x04,0x70,0x70,0x70,0x70,0x6a,0x6a,0x6a,0x6a,0x07,0x07,0x07,0x07,
  0x04,0x04,0x04,0x04,0x04,0x04,0x04,0x04,0x04,0x19,0x04,0x04,0x04,0x19,0x04,0x04,
  0x04,0x04,0x04,0x04,0x04,0x04,0x04,0x04,0x07,0x07,0x07,0x07,0x80,0x80,0xed,0xed,
  0x74,0x74,0xf8,0xf8,0x07,0x07,0x07,0x07,0xe4,0xe4,0x7c,0x7c,0xe4,0xe4,0x28,0x28,
  0x27,0x27,0xfe,0xe5,0x29,0x75,0x29,0x29,0x29,0x2c,0x29,0x29,0xf1,0xf1,0x45,0x45,
  0x1a,0x96,0x1a,0x1a,0x27,0x27,0x54,0x54,0x07,0x07,0x04,0x04,0x74,0x74,0x74,0x74,
  0x04,0x04,0x04,0x04,0x04,0x04,0x04,0x04,0x04,0x04,0x04,0x04,0x74,0x74,0x74,0x74,
  0x76,0x76,0x76,0x76,0x04,0x19,0x04,0x04,0x04,0x19,0x04,0x04,0x75,0x29,0x29,0x29,
  0x04,0x19,0x04,0x04,0x70,0x70,0x70,0x70,0x6a,0x6a,0x6a,0x6a,0x07,0x07,0x07,0x07,
  0x04,0x19,0x04,0x04,0x04,0x04,0x04,0x04,0x04,0x19,0x04,0x04,0x04,0x19,0x04,0x04,
  0x04,0x04,0x04,0x04,0x04,0x04,0x04,0x04,0x07,0x07,0x07,0x07,0x80,0x80,0xed,0xed,
  0x07,0x07,0x07,0x07,0x07,0x07,0x07,0x07,0x89,0x89,0x7c,0x7c,0x26,0x26,0xe4,0xe4,
  0x07,0x07,0x07,0x07,0x6a,0x6a,0x6a,0x6a,0xb1,0xb1,0xb1,0xb1,0xf3,0xe6,0x04,0x04,
  0x1a,0x96,0x96,0x1a,0x27,0x27,0x63,0x63,0x07,0x07,0x58,0x07,0x07,0x07,0x04,0x04,
  0x07,0x07,0x04,0x04,0xc0,0xc0,0xc0,0x84,0x07,0x07,0x04,0x04,0x42,0x42,0x42,0x42,
  0x89,0x89,0x7c,0x7c,0x89,0x9d,0x7c,0xe4,0x9d,0x9d,0xe4,0xe4,0x9d,0x9d,0x9d,0x9d,
  0x26,0x26,0xe4,0xe4,0xe4,0xe4,0xe4,0xe4,0x26,0x9d,0xe4,0xe4,0x26,0x26,0x0a,0x0a,
  0x0a,0x0a,0x78,0x78,0x2b,0x2b,0x2b,0x2b,0x07,0x07,0x07,0x07,0x2b,0x2b,0x2b,0x2b,
  0x07,0x07,0x07,0x07,0x2b,0x2b,0x0a,0x0a,0x07,0x07,0x07,0x07,0x9f,0x9f,0x7e,0x7e,
  0x07,0x07,0x07,0x07,0x07,0x07,0x07,0x07,0x89,0x89,0x7c,0x7c,0x26,0x26,0xe4,0xe4,
  0x07,0x07,0x07,0x07,0x6a,0x6a,0x6a,0x6a,0xb1,0xb1,0xb1,0xb1,0xf3,0xe6,0x04,0x04,
  0x1a,0x96,0x96,0x96,0x27,0x27,0x63,0x63,0x07,0x07,0x2c,0x07,0x07,0x07,0x04,0x04,
  0x07,0x07,0x04,0x04,0xc0,0xc0,0xc0,0x84,0x07,0x07,0x04,0x04,0x42,0x42,0x42,0x42,
  0x89,0x89,0x7c,0x7c,0x9d,0x9d,0xe4,0xe4,0x9d,0x9d,0xe4,0xe4,0x9d,0x9d,0x9d,0x9d,
  0x26,0x26,0xe4,0xe4,0xe4,0xe4,0xe4,0xe4,0x26,0x26,0xe4,0xe4,0x26,0x05,0x0a,0x5b,
  0x0a,0x3a,0x78,0x78,0x2b,0x2b,0x2b,0x2b,0x07,0x07,0x07,0x07,0x2b,0x2b,0x74,0x2b,
  0x07,0x07,0x07,0x07,0x2b,0x2b,0x0a,0x0a,0x07,0x07,0x07,0x07,0x9f,0x9f,0x7e,0x7e,
  0x07,0x07,0x07,0x07,0x07,0x07,0x07,0x07,0x89,0x89,0x7c,0x7c,0x26,0x26,0xe4,0xe4,
  0x07,0x07,0x07,0x07,0x07,0x07,0x07,0x07,0xb1,0xc6,0xc6,0xd6,0xf3,0xd9,0x04,0x19,
  0x1a,0x1a,0x1a,0x1a,0x54,0x54,0x08,0x08,0x07,0x07,0x2c,0x07,0x07,0x07,0x04,0x04,
  0x07,0x07,0x04,0x04,0x58,0x58,0x07,0x4f,0x07,0x07,0x04,0x04,0x42,0x42,0x42,0x42,
  0x89,0x89,0x7c,0x7c,0x9d,0x9d,0xe4,0xe4,0x9d,0x9d,0xe4,0xe4,0xe4,0xe4,0xe4,0xe4,
  0x26,0x26,0xe4,0xe4,0x28,0x71,0x28,0x28,0x26,0x26,0xe4,0xe4,0x05,0x05,0x5b,0x5b,
  0x0a,0x3a,0x78,0x78,0x2b,0x2b,0x2b,0x2b,0x07,0x07,0x07,0x07,0x2b,0x2b,0x2b,0x2b,
  0x07,0x07,0x07,0x07,0x2b,0x2b,0x0a,0x0a,0x07,0x07,0x07,0x07,0x9f,0x9f,0x7e,0x7e,
  0x07,0x07,0x07,0x07,0x07,0x07,0x07,0x07,0x89,0x89,0x7c,0x7c,0x26,0x26,0xe4,0xe4,
  0x07,0x07,0x07,0x07,0x07,0x07,0x07,0x07,0xb1,0xb1,0xc6,0xd6,0xe6,0xd9,0x04,0x19,
  0x1a,0x1a,0x1a,0x1a,0x54,0x54,0x08,0x08,0x07,0x07,0x6a,0x07,0x07,0x07,0x04,0x04,
  0x07,0x07,0x04,0x04,0x58,0x58,0x07,0x4f,0x07,0x07,0x04,0x04,0x42,0x42,0x42,0x42,
  0x89,0x89,0x7c,0x7c,0x9d,0x9d,0xe4,0xe4,0x9d,0x9d,0xe4,0xe4,0xe4,0xe4,0xe4,0xe4,
  0x26,0x26,0xe4,0xe4,0x28,0x71,0x28,0x28,0x26,0x26,0x5b,0x5b,0x05,0x05,0x5b,0x5b,
  0x3a,0x3a,0x78,0x78,0x2b,0x2b,0x3a,0x2b,0x07,0x07,0x07,0x07,0x2b,0x2b,0x2b,0x2b,
  0x07,0x07,0x07,0x07,0x2b,0x2b,0x0a,0x0a,0x07,0x07,0x07,0x07,0x9f,0x9f,0x7e,0x7e,
  0x07,0x07,0x07,0x07,0x2c,0x29,0x04,0x04,0x07,0x07,0x01,0x01,0x9d,0x26,0xe4,0x5b,
  0x27,0x27,0x45,0xf5,0x07,0x07,0x07,0x07,0xa8,0x4e,0xf7,0xf7,0x7c,0x7c,0x28,0x28,
  0xb7,0xb7,0xb7,0xb7,0x07,0x07,0x19,0x19,0x07,0x07,0x60,0x60,0x07,0x07,0x04,0x04,
  0x07,0x07,0x6a,0x6a,0xe6,0xe6,0xd9,0xd9,0x07,0x07,0x04,0x04,0x42,0x42,0x42,0x42,
  0x89,0x89,0x7c,0x7c,0x9d,0x9d,0xe4,0xe4,0x9d,0x9d,0xe4,0xe4,0x26,0x26,0xe4,0xe4,
  0xe4,0xe4,0x28,0x28,0x05,0x05,0x05,0x05,0x2b,0x2b,0x3a,0x3a,0x2b,0x2b,0x2b,0x2b,
  0x74,0x74,0x74,0x74,0x2b,0x2b,0x3a,0x2b,0x2b,0x2b,0x0a,0x0a,0x2b,0x2b,0x2b,0x2b,
  0x2b,0x2b,0x78,0x78,0x2b,0x2b,0x2b,0x2b,0x07,0x07,0x07,0x07,0x9f,0x9f,0x7e,0x7e,
  0x07,0x07,0x07,0x07,0x75,0x29,0x04,0x04,0x07,0x07,0x01,0x01,0x9d,0x26,0xe4,0x5b,
  0x27,0x27,0x45,0x45,0x07,0x07,0x07,0x07,0xa8,0x4e,0xf7,0xf7,0x7c,0x7c,0x28,0xcf,
  0xb7,0xb7,0xb7,0xb7,0x07,0x07,0x19,0x04,0x07,0x07,0x60,0x60,0x07,0x07,0x04,0x04,
  0x07,0x07,0x6a,0x6a,0x70,0x3e,0xe6,0x3e,0x07,0x07,0x04,0x04,0x42,0x42,0x42,0x42,
  0x89,0x89,0x7c,0x7c,0x9d,0x9d,0xe4,0xe4,0x9d,0x9d,0xe4,0xe4,0x26,0x26,0xe4,0xe4,
  0xe4,0xe4,0x28,0x28,0x05,0x05,0x05,0x05,0x2b,0x2b,0x78,0x78,0x2b,0x2b,0x2b,0x2b,
  0x74,0x74,0x74,0x74,0x2b,0x2b,0x3a,0x2b,0x2b,0x2b,0x0a,0x0a,0x2b,0x2b,0x2b,0x2b,
  0x2b,0x2b,0x78,0x78,0x2b,0x2b,0x2b,0x2b,0x07,0x07,0x07,0x07,0x9f,0x9f,0x7e,0x7e,
  0x07,0x07,0x07,0x07,0x29,0x29,0x04,0x04,0x07,0x07,0x01,0x01,0x9d,0x26,0xe4,0x5b,
  0x27,0x27,0x45,0x45,0x04,0x19,0x04,0x04,0x4e,0x69,0xff,0xff,0x7c,0x7c,0xcf,0xcf,
  0x1a,0x1a,0x1a,0x1a,0x07,0x07,0x04,0x04,0x07,0x07,0x60,0x60,0x07,0x07,0x04,0x04,
  0x07,0x07,0x6a,0x6a,0x3e,0x3e,0x3e,0x3e,0x07,0x07,0x04,0x04,0x42,0x42,0x42,0x42,
  0x89,0x89,0x7c,0x7c,0x9d,0x9d,0xe4,0xe4,0x9d,0x9d,0xe4,0xe4,0x26,0x26,0xe4,0xe4,
  0xe4,0xe4,0x28,0x71,0x5b,0x5b,0x5b,0x5b,0x2b,0x2b,0x78,0x78,0x0a,0x0a,0x3a,0x0a,
  0x74,0x74,0x74,0x74,0x2b,0x2b,0x3a,0x3a,0x2b,0x2b,0x0a,0x0a,0x2b,0x2b,0x2b,0x74,
  0x2b,0x2b,0x78,0x78,0x2b,0x2b,0x74,0x74,0x07,0x07,0x07,0x07,0x9f,0x9f,0x7e,0x7e,
  0x07,0x07,0x07,0x07,0x29,0x29,0x04,0x04,0x07,0x07,0x01,0x01,0x9d,0x9d,0x9d,0xe4,
  0x27,0x27,0x45,0x45,0x04,0x19,0x04,0x04,0x4e,0x69,0xff,0xff,0x7c,0x7c,0x28,0xcf,
  0x1a,0x1a,0x1a,0x1a,0x07,0x07,0x04,0x04,0x07,0x07,0x60,0x60,0x07,0x07,0x04,0x04,
  0x07,0x07,0x6a,0x6a,0x3e,0x3e,0x3e,0x3e,0x07,0x07,0x04,0x04,0x42,0x42,0x42,0x42,
  0x89,0x89,0x7c,0x7c,0x89,0x89,0x7c,0x7c,0x9d,0x9d,0xe4,0xe4,0x9d,0x9d,0xe4,0xe4,
  0xe4,0xe4,0x28,0x71,0x5b,0x5b,0x5b,0x5b,0x2b,0x2b,0x3a,0x3a,0x0a,0x0a,0x3a,0x0a,
  0x2b,0x2b,0x74,0x74,0x2b,0x2b,0x2b,0x2b,0x2b,0x2b,0x0a,0x0a,0x2b,0x2b,0x2b,0x2b,
  0x2b,0x2b,0x78,0x78,0x2b,0x2b,0x2b,0x2b,0x07,0x07,0x07,0x07,0x9f,0x9f,0x7e,0x7e,
  0x07,0x07,0x07,0x07,0xbf,0xbf,0xbf,0xbf,0xe0,0xe0,0x9e,0xe0,0xb7,0xb7,0xb7,0xb7,
  0xc1,0xa7,0xa7,0xf6,0x27,0x27,0x27,0x27,0x55,0x99,0x55,0xad,0x55,0x99,0x55,0x99,
  0x07,0x07,0x07,0x07,0xf2,0xf2,0xf2,0xf2,0x07,0x07,0x04,0x04,0x07,0x07,0x04,0x04,
  0x07,0x07,0x07,0x07,0x07,0x07,0x07,0x07,0x07,0x07,0x04,0x04,0x42,0x42,0xb2,0xb2,
  0x3e,0x2f,0x3e,0x3e,0x32,0x2f,0x2f,0x2f,0x64,0x72,0x72,0x64,0x8a,0xb5,0xb5,0x8a,
  0x9d,0x26,0xe4,0xe4,0xe4,0xe4,0xe4,0xe4,0xc1,0xe4,0xe4,0xe4,0xe4,0xe4,0xe4,0xe4,
  0xe8,0xe8,0x1a,0x1a,0x07,0x07,0x07,0x07,0x45,0x1a,0x1a,0x45,0x07,0xd0,0x07,0x1a,
  0x07,0x07,0x07,0x07,0x07,0x07,0xd0,0x07,0xe6,0xc3,0x90,0x90,0x9f,0x9f,0x7e,0x7e,
  0x07,0x07,0x07,0x07,0xbf,0xbf,0xbf,0xbf,0xe0,0xe0,0x9e,0xe0,0xb7,0xb7,0xb7,0xb7,
  0xc1,0xa7,0xa7,0xf6,0x27,0x27,0x27,0x27,0x55,0x99,0x55,0xad,0x55,0x99,0x55,0x99,
  0x07,0x07,0x07,0x07,0xf2,0xf2,0xf2,0xf2,0x07,0x07,0x04,0x04,0x07,0x07,0x04,0x04,
  0x07,0x07,0x07,0x07,0x07,0x07,0x07,0x07,0x07,0x07,0x04,0x04,0x42,0x42,0xb2,0xb2,
  0x32,0x2f,0x2f,0x2f,0x32,0x2f,0x2f,0x2f,0x64,0x72,0x72,0x64,0x8a,0xb5,0xb5,0x8a,
  0x26,0x26,0xe4,0xe4,0xe4,0xe4,0xe4,0xe4,0xc1,0xe4,0xe4,0xe4,0xe4,0xe4,0xe4,0xe4,
  0x54,0x54,0x54,0x54,0x07,0x07,0x07,0x07,0x45,0x1a,0x45,0x04,0x07,0xd0,0x07,0x1a,
  0x07,0x07,0x07,0x07,0x07,0x07,0xd0,0x07,0x90,0xc3,0x90,0x90,0x9f,0x9f,0x7e,0x7e,
  0x07,0x07,0x07,0x07,0xbf,0xbf,0xbf,0xbf,0xe0,0xe0,0x9e,0xe0,0x1a,0x96,0x96,0x96,
  0x28,0xa7,0x89,0xf6,0x63,0x55,0x63,0x55,0x55,0x14,0x55,0x14,0x27,0x27,0x27,0x27,
  0x01,0x01,0x01,0x01,0x67,0x3a,0x0a,0x0a,0x07,0x07,0x04,0x04,0x07,0x07,0x04,0x04,
  0x07,0x07,0x07,0x07,0x07,0x07,0x07,0x07,0x07,0x07,0x04,0x04,0x42,0x42,0xb2,0xb2,
  0x32,0x2f,0x32,0x32,0x10,0x10,0x10,0x10,0xe8,0x72,0x72,0x64,0x88,0xb5,0xb5,0x8e,
  0x26,0xe4,0x0a,0x0a,0x28,0x28,0x28,0x28,0x28,0x28,0x28,0x28,0x28,0x28,0x28,0x28,
  0x54,0x54,0x54,0x54,0x07,0x07,0x07,0x07,0x07,0x07,0x07,0x07,0x07,0x07,0x07,0x07,
  0x07,0x07,0x07,0x07,0x04,0x04,0x04,0x04,0xc3,0xc3,0x90,0x90,0x9f,0x9f,0x7e,0x7e,
  0x07,0x07,0x07,0x07,0xbf,0xbf,0xbf,0xbf,0x9e,0xe0,0x9e,0xe0,0x1a,0x96,0x1a,0x1a,
  0x28,0xa7,0x89,0xf6,0x63,0x55,0x63,0x55,0x55,0x14,0x55,0x14,0x27,0x27,0x27,0x27,
  0x01,0x01,0x01,0x01,0x67,0x0a,0x0a,0x0a,0x07,0x07,0x04,0x04,0x07,0x07,0x04,0x04,
  0x07,0x07,0x07,0x07,0x07,0x07,0x07,0x07,0x07,0x07,0x04,0x04,0x42,0x42,0xb2,0xb2,
  0x2e,0x2f,0x2f,0x2f,0x10,0x10,0x10,0x10,0xe8,0x72,0x72,0xe8,0x88,0xb5,0xb5,0x8e,
  0xe4,0xe4,0x0a,0x0a,0x28,0x28,0x28,0x28,0x28,0x28,0x28,0x28,0x28,0x28,0x28,0x28,
  0x54,0x54,0x54,0x54,0x07,0x07,0x07,0x07,0x07,0x07,0x07,0x07,0x07,0x07,0x07,0x07,
  0x07,0x07,0x07,0x07,0x04,0x04,0x04,0x04,0xc3,0xc3,0x90,0x90,0x9f,0x9f,0x7e,0x7e,
  0x6b,0x6b,0x6b,0x6b,0x07,0x07,0x2e,0x2e,0x07,0x07,0x07,0x07,0x07,0x07,0x07,0x07,
  0x75,0x75,0x75,0x75,0x75,0x29,0x75,0x29,0xb2,0x07,0x07,0x07,0xca,0xf7,0xb3,0xca,
  0x07,0x07,0x07,0x07,0x8f,0x8f,0xa0,0x8f,0x07,0x07,0x04,0x04,0x07,0x07,0x04,0x04,
  0x07,0x07,0x04,0x04,0x07,0x07,0x04,0x04,0x07,0x07,0x04,0x04,0x42,0x42,0xb2,0xb2,
  0xa9,0xa9,0xa9,0xa9,0x80,0x80,0xc8,0xc8,0x07,0x07,0x07,0x07,0x05,0x05,0x0a,0x0a,
  0x05,0x05,0x0a,0x0a,0xb2,0x68,0xe0,0xb2,0xd9,0xfc,0xfc,0xd9,0xd9,0xfc,0xfc,0xd9,
  0x07,0x07,0x07,0x07,0x05,0x05,0x0a,0x0a,0x07,0x07,0x07,0x07,0x07,0x07,0x07,0x07,
  0x07,0x07,0x07,0x07,0xa1,0xa1,0x90,0x90,0x9f,0x9f,0x7e,0x7e,0x9f,0x9f,0x7e,0x7e,
  0x6b,0x6b,0xde,0xde,0x07,0x07,0x2f,0x2f,0x07,0x07,0x07,0x07,0x07,0x07,0x07,0x07,
  0x75,0x75,0x75,0x75,0x75,0x29,0x75,0x29,0x07,0x07,0x07,0x07,0xf7,0xf7,0xf7,0xca,
  0x07,0x07,0x07,0x07,0x8f,0xf8,0x8f,0xa0,0x07,0x07,0x04,0x04,0x07,0x07,0x04,0x04,
  0x07,0x07,0x04,0x04,0x07,0x07,0x04,0x04,0x07,0x07,0x04,0x04,0x42,0x42,0xb2,0xb2,
  0xa9,0xa9,0xa9,0xa9,0x80,0x80,0xc8,0xc8,0x07,0x07,0x07,0x07,0x05,0x05,0x0a,0x0a,
  0x05,0x05,0x0a,0x0a,0xb2,0x50,0x50,0xb2,0xd9,0xfc,0xfc,0xd9,0xd9,0xfc,0xfc,0xd9,
  0x58,0x58,0x58,0x58,0x05,0x05,0x0a,0x0a,0x07,0x07,0x07,0x07,0x07,0x07,0x07,0x07,
  0x07,0x07,0x07,0x07,0x49,0xa1,0x90,0x90,0x9f,0x9f,0x7e,0x7e,0x9f,0x9f,0x7e,0x7e,
  0x91,0x91,0x91,0x91,0x07,0x07,0x2f,0xf3,0x6a,0x6a,0x6a,0x6a,0x07,0x07,0x07,0x07,
  0x07,0xb2,0xb2,0x07,0x2f,0x32,0x2f,0x2e,0x07,0x07,0x07,0x07,0x99,0xff,0xff,0x99,
  0x07,0x07,0x07,0x07,0x8d,0x8d,0xf2,0x8d,0x07,0x07,0x04,0x04,0x07,0x07,0x04,0x04,
  0x07,0x07,0x04,0x04,0x07,0x07,0x04,0x04,0x07,0x07,0x04,0x04,0x42,0x42,0xb2,0xb2,
  0xa9,0xa9,0xa9,0xa9,0x80,0x80,0xc8,0xbe,0x6a,0x6a,0x6a,0x6a,0x05,0x05,0x0a,0x0a,
  0x05,0x05,0x0a,0x0a,0x07,0xe0,0xb2,0x07,0x07,0x13,0x13,0x07,0x07,0x13,0x13,0x07,
  0x58,0x58,0x58,0x58,0x05,0x05,0x0a,0x0a,0x04,0x19,0x19,0x19,0x07,0x07,0x07,0x07,
  0x07,0x07,0x07,0x07,0xe6,0xa1,0x90,0x90,0x9f,0x9f,0x7e,0x7e,0x9f,0x9f,0x7e,0x7e,
  0x91,0x91,0x87,0x87,0x07,0x07,0x2e,0xf3,0x6a,0x6a,0x6a,0x6a,0x07,0x07,0x07,0x07,
  0x07,0xb2,0xb2,0x07,0x2f,0x32,0x2f,0x2e,0x07,0x07,0x07,0x07,0xff,0xff,0xff,0x99,
  0x07,0x07,0x07,0x07,0x8d,0x2c,0xf8,0xf2,0x07,0x07,0x04,0x04,0x07,0x07,0x04,0x04,
  0x07,0x07,0x04,0x04,0x07,0x07,0x04,0x04,0x07,0x07,0x04,0x04,0x42,0x07,0xb2,0x07,
  0xa9,0xa9,0xa9,0xa9,0x80,0x0d,0xc8,0x80,0x6a,0x6a,0x6a,0x6a,0x05,0x05,0x0a,0x0a,
  0x05,0x05,0x0a,0x0a,0x07,0x13,0x13,0x07,0x07,0x13,0x13,0x07,0x07,0x13,0x13,0x07,
  0x07,0x07,0x07,0x07,0x05,0x05,0x0a,0x0a,0x04,0x19,0x19,0x04,0x07,0x07,0x07,0x07,
  0x07,0x07,0x07,0x07,0x49,0xa1,0x90,0x90,0x9f,0x9f,0x7e,0x7e,0x9f,0x9f,0x7e,0x7e,
  0x6a,0x6a,0x6a,0x6a,0xb3,0xf7,0xf7,0x76,0xe4,0xe4,0x28,0x28,0x05,0x05,0x0a,0x0a,
  0xa3,0xc7,0xc7,0xc7,0xa3,0xa3,0xc7,0xc7,0x63,0x63,0x54,0x54,0x05,0x05,0x0a,0x0a,
  0x54,0x54,0x45,0x45,0xdc,0xd8,0xee,0xee,0xd0,0xd0,0x07,0x07,0x07,0x07,0x07,0x07,
  0x07,0x07,0x07,0x07,0x07,0x07,0x07,0x07,0x07,0x07,0x07,0x07,0x07,0x07,0x07,0x07,
  0xa9,0xa9,0xa9,0xa9,0x07,0x07,0x29,0x29,0x61,0x61,0x3e,0x3e,0x4c,0x54,0x08,0x54,
  0x07,0x07,0x07,0x07,0xd4,0x9c,0x9c,0x9c,0xa0,0xd4,0xd4,0xd4,0xa0,0xd4,0xd4,0xd4,
  0xa0,0xd4,0xd4,0xd4,0x07,0x07,0x19,0x19,0x26,0x05,0xe4,0xe4,0x34,0xa8,0xa8,0x34,
  0x2e,0xf3,0x07,0x07,0x0d,0x9f,0x7e,0x7e,0x9f,0x9f,0x7e,0x7e,0x9f,0x9f,0x7e,0x7e,
  0x6a,0x6a,0x6a,0x2c,0xf7,0xf7,0x76,0x76,0xe4,0xe4,0x28,0x28,0x05,0x05,0x0a,0x0a,
  0xa3,0xc7,0xc7,0xc7,0xc7,0xc7,0xc7,0xc7,0x54,0x54,0x08,0x08,0x05,0x05,0x0a,0x0a,
  0x54,0x54,0x45,0x45,0xdc,0x55,0xee,0xee,0x07,0x07,0x07,0x07,0x07,0x07,0x07,0x07,
  0x07,0x07,0x07,0x07,0x07,0x07,0x07,0x07,0x07,0x07,0x07,0x07,0x07,0x07,0x07,0x07,
  0xa9,0xa9,0xa9,0xa9,0x07,0x07,0x29,0x75,0x61,0x61,0xe6,0xe6,0x4c,0x4c,0x08,0x08,
  0x07,0x07,0x07,0x07,0xd4,0x9c,0x9c,0x9c,0xa0,0xd4,0xd4,0xd4,0xa0,0xd4,0xd4,0xd4,
  0xa0,0xd4,0xd4,0xd4,0x07,0x07,0x04,0x19,0x05,0x05,0xe4,0xe4,0x34,0xa8,0xa8,0xa8,
  0x2f,0x2e,0x07,0x07,0x9f,0x9f,0x7e,0x7e,0x9f,0x9f,0x7e,0x7e,0x9f,0x9f,0x7e,0x7e,
  0x6a,0x6a,0x2c,0x6a,0xb3,0xf7,0xf7,0x76,0xe4,0xe4,0x28,0x28,0x05,0x05,0x0a,0x0a,
  0xc7,0xc7,0xc7,0xc7,0xc7,0xc7,0xc7,0xc7,0x54,0x54,0x08,0x08,0x05,0x05,0x0a,0x0a,
  0x54,0x54,0x45,0x45,0xdc,0xdc,0xee,0xee,0x58,0x58,0x07,0x07,0x6a,0x6a,0x6a,0x6a,
  0x07,0x07,0x07,0x07,0x07,0x07,0x07,0x07,0x07,0x07,0x07,0x07,0x07,0x07,0x07,0x07,
  0xa9,0xa9,0xa9,0xa9,0x07,0x07,0x75,0x75,0x61,0x61,0xe6,0xe6,0x4c,0x08,0x08,0x08,
  0x07,0x07,0x07,0x07,0x34,0x9c,0x9c,0x9c,0xa0,0xa0,0xa0,0xa0,0xa0,0xa0,0xa0,0xa0,
  0xa0,0xa0,0xa0,0xa0,0x07,0x07,0x04,0x19,0x05,0x05,0xe4,0xe4,0xf1,0xa8,0xdd,0xf1,
  0x2f,0x2f,0x07,0x07,0x9f,0x9f,0x7e,0x7e,0x9f,0x9f,0x7e,0x7e,0x9f,0x9f,0x7e,0x7e,
  0x6a,0x6a,0x2c,0x6a,0xf7,0xf7,0x76,0x76,0xe4,0xe4,0x28,0x28,0x05,0x05,0x0a,0x0a,
  0xc7,0xc7,0xc7,0xc7,0xc7,0xc7,0xc7,0xc7,0x54,0x54,0x08,0x08,0x05,0x05,0x0a,0x0a,
  0x54,0x54,0x45,0x45,0xdc,0xdc,0xee,0xee,0x07,0x07,0x07,0x07,0x6a,0x6a,0x6a,0x6a,
  0x07,0x07,0x07,0x07,0x07,0x07,0x07,0x07,0x07,0x07,0x07,0x07,0x07,0x07,0x07,0x07,
  0xa9,0xa9,0xa9,0xa9,0x07,0x07,0x75,0x75,0x61,0x61,0xe6,0xe6,0x4c,0x45,0x08,0x08,
  0x07,0x07,0x07,0x07,0x34,0x34,0x34,0x34,0xa0,0xa0,0xa0,0xa0,0xa0,0xa0,0xa0,0xa0,
  0xa0,0xa0,0xa0,0xa0,0x07,0x07,0x04,0x19,0x05,0x05,0xe4,0xe4,0xf1,0xa8,0xa8,0xa8,
  0x2f,0x2f,0x07,0x07,0x9f,0x9f,0x7e,0x7e,0x9f,0x9f,0x7e,0x7e,0x9f,0x9f,0x7e,0x7e,
  0x07,0x07,0x07,0x07,0xa3,0xca,0xa3,0xc7,0xe4,0xe4,0x5b,0x5b,0x05,0x05,0x0a,0x0a,
  0x05,0x05,0x0a,0x0a,0x05,0x05,0x0a,0x0a,0x05,0x05,0x0a,0x0a,0x05,0x05,0x05,0x05,
  0x63,0x63,0x08,0x08,0x27,0x27,0x27,0x27,0x92,0x66,0x19,0x04,0x56,0x56,0x56,0x56,
  0x56,0x56,0x0b,0x0b,0x53,0x53,0x5f,0x5f,0x53,0x17,0x17,0x17,0xc2,0xc2,0x03,0x03,
  0x07,0x07,0x07,0x07,0xb5,0xb5,0x0b,0x0b,0x07,0x07,0x04,0x04,0x07,0x07,0x19,0x19,
  0x77,0x77,0x07,0x07,0x0b,0x0b,0x97,0xf6,0x60,0x60,0x60,0x60,0x0b,0x0b,0xf6,0xf6,
  0x97,0x97,0x0b,0x0b,0x07,0x07,0x07,0x07,0x26,0x26,0xe4,0xe4,0x07,0x07,0x19,0x04,
  0x11,0x11,0x11,0x11,0x73,0x73,0xcc,0xcc,0x9f,0x9f,0x7e,0x7e,0x9f,0x9f,0x7e,0x7e,
  0x07,0x07,0x07,0x07,0xca,0xca,0xc7,0xc7,0xe4,0xe4,0x5b,0x5b,0x05,0x05,0x0a,0x0a,
  0x05,0x05,0x0a,0x0a,0x05,0x05,0x0a,0x0a,0x05,0x05,0x0a,0x0a,0x05,0x05,0x05,0x05,
  0x63,0x63,0x08,0x08,0x27,0x27,0x27,0x27,0x92,0x66,0x19,0x04,0x56,0x56,0x56,0x56,
  0x56,0x56,0x0b,0x0b,0x53,0x53,0x5f,0x5f,0x53,0x17,0x17,0x24,0xc2,0xc2,0x23,0x03,
  0x07,0x07,0x07,0x07,0xb5,0x0b,0x0b,0x5c,0x07,0x07,0x04,0x04,0x07,0x07,0x19,0x19,
  0x77,0x77,0x07,0x07,0x0b,0x0b,0xf6,0xf6,0x60,0x60,0x60,0x60,0x0b,0x0b,0xf6,0xf6,
  0x97,0x97,0x97,0x97,0x07,0x07,0x07,0x07,0x26,0x26,0xe4,0xe4,0x07,0x07,0x19,0x04,
  0x11,0x11,0x11,0x11,0x73,0x73,0xcc,0xcc,0x9f,0x9f,0x7e,0x7e,0x9f,0x9f,0x7e,0x7e,
  0x07,0x07,0x07,0x07,0xca,0xca,0xc7,0xc7,0xe4,0xe4,0x5b,0x5b,0x05,0x05,0x0a,0x0a,
  0x05,0x05,0x0a,0x0a,0x05,0x05,0x0a,0x0a,0x05,0x05,0x0a,0x0a,0xe4,0xe4,0xe4,0xe4,
  0x63,0x63,0x08,0x54,0x27,0x27,0x27,0x27,0x92,0x66,0x19,0x04,0x0b,0x0b,0x0b,0x0b,
  0x56,0x56,0x0b,0x0b,0x53,0x53,0x5f,0x5f,0x03,0x1b,0x1b,0x1b,0xc2,0xc2,0x4a,0x23,
  0x07,0x07,0x07,0x07,0x0b,0x0b,0x5c,0x5c,0x07,0x07,0x04,0x19,0x07,0x07,0x19,0x19,
  0x77,0x04,0x07,0x07,0x0b,0x0b,0xf6,0xf6,0xab,0xab,0xab,0xab,0x0b,0x0b,0xf6,0xf6,
  0x0c,0x0c,0x0c,0x0c,0x07,0x07,0x07,0x07,0x26,0x26,0xe4,0xe4,0x07,0x07,0x19,0x04,
  0x11,0x11,0xcd,0x11,0xea,0x73,0xcc,0xcc,0x9f,0x9f,0x7e,0x7e,0x9f,0x9f,0x7e,0x7e,
  0x07,0x07,0x07,0x07,0xca,0xca,0xc7,0xc7,0xe4,0xe4,0x5b,0x5b,0x05,0x05,0x0a,0x0a,
  0x05,0x05,0x0a,0x0a,0x05,0x05,0x0a,0x0a,0x05,0x05,0x0a,0x0a,0xe4,0xe4,0xe4,0xe4,
  0x63,0x63,0x54,0x54,0x27,0x99,0x27,0x27,0x92,0x66,0x19,0x04,0x0b,0x0b,0x0b,0x0b,
  0x56,0x56,0x0b,0x0b,0x53,0x53,0x5f,0x5f,0x03,0x1b,0x1b,0x1b,0xc2,0xc2,0x4a,0x23,
  0x07,0x07,0x07,0x07,0x0b,0x0b,0x5c,0x5c,0x07,0x07,0x19,0x19,0x07,0x07,0x19,0x19,
  0x77,0x04,0x07,0x07,0x0b,0x0b,0xf6,0xf6,0xab,0xab,0xab,0xab,0x0b,0x0b,0x97,0xf6,
  0x0c,0x0c,0x0c,0x0c,0x07,0x07,0x07,0x07,0x26,0x26,0xe4,0xe4,0x07,0x07,0x19,0x04,
  0x11,0x11,0xcd,0xcd,0xea,0x73,0xcc,0xcc,0x9f,0x9f,0x7e,0x7e,0x9f,0x9f,0x7e,0x7e,
  0x2c,0x29,0x04,0x04,0x89,0x89,0x89,0x89,0x07,0x07,0x07,0x07,0x07,0x07,0x07,0x07,
  0xcf,0xcf,0xcf,0xcf,0x54,0x54,0x08,0x08,0x54,0x54,0x08,0x54,0x63,0x63,0x63,0x63,
  0x27,0x27,0x63,0x63,0x89,0x89,0x89,0x89,0x29,0x2c,0x60,0x60,0x56,0x56,0x0b,0x0b,
  0x53,0x53,0x5f,0x5f,0xbc,0xbc,0xe7,0xe7,0x06,0xbc,0x06,0x06,0x23,0x23,0x4a,0x03,
  0x14,0x76,0x76,0x76,0x6f,0x6f,0x32,0x32,0x07,0x07,0x04,0x04,0x26,0x26,0x5b,0x5b,
  0x45,0x92,0x04,0x04,0x60,0x60,0xab,0xab,0x60,0x60,0x60,0x60,0x11,0x11,0x11,0x11,
  0x97,0x97,0x0c,0x0c,0x6a,0x6a,0xa4,0xa4,0x27,0x55,0xf1,0x27,0x07,0x07,0x07,0x07,
  0x0b,0x0b,0xf6,0xf6,0x07,0x07,0x04,0x19,0x9f,0x9f,0x7e,0x7e,0x9f,0x9f,0x7e,0x7e,
  0x2c,0x29,0x04,0x04,0x89,0x89,0x89,0x89,0x07,0x07,0x07,0x07,0x07,0x07,0x07,0x07,
  0x97,0xaa,0xaa,0xaa,0x54,0x54,0x08,0x54,0x54,0x54,0x08,0x54,0x63,0x27,0x63,0x63,
  0x27,0x27,0x63,0x63,0x89,0x89,0x89,0x89,0x29,0x2c,0x60,0x60,0x56,0x56,0x0b,0x0b,
  0x53,0x53,0x5f,0x5f,0x02,0x02,0xe7,0xe7,0x06,0xbc,0x06,0x33,0x23,0x23,0x03,0x03,
  0x14,0x76,0x76,0x76,0x6f,0x6f,0x32,0x32,0x07,0x07,0x04,0x04,0x26,0x26,0x5b,0x5b,
  0x04,0x04,0x04,0x04,0x60,0x60,0xab,0xab,0x60,0x60,0x60,0x60,0x11,0x11,0x11,0x11,
  0x97,0x97,0x0c,0x0c,0x6a,0x6a,0xa4,0xa4,0x27,0x27,0xf1,0xf1,0x07,0x07,0x07,0x07,
  0x0b,0x0b,0xf6,0xf6,0x07,0x07,0x04,0x19,0x9f,0x9f,0x7e,0x7e,0x9f,0x9f,0x7e,0x7e,
  0x75,0x29,0x04,0x19,0x7c,0x7c,0x7c,0x7c,0x04,0x04,0x04,0x04,0x04,0x04,0x19,0x04,
  0xcf,0xcf,0xcf,0xcf,0x45,0x45,0x45,0x45,0x45,0x45,0x45,0x45,0x54,0x54,0x54,0x54,
  0x27,0x27,0x63,0x63,0x89,0x89,0x89,0x89,0x29,0x2c,0x60,0x60,0x56,0x56,0x0b,0x0b,
  0x53,0x53,0x5f,0x5f,0x02,0x02,0xe7,0xe7,0x46,0x02,0xbc,0x46,0x23,0x23,0x03,0x03,
  0x14,0x09,0x76,0x76,0x6f,0x6f,0x32,0x32,0x07,0x07,0x04,0x04,0x26,0x26,0x5b,0x5b,
  0x19,0x04,0x04,0x04,0x60,0x11,0xab,0xab,0xab,0xab,0xab,0xab,0xcd,0xcd,0xcd,0xcd,
  0x97,0x97,0x0c,0x0c,0x6a,0x6a,0xa4,0xa4,0x27,0x27,0xf1,0xf1,0x07,0x07,0x07,0x07,
  0x0b,0x0b,0xf6,0xf6,0x07,0x07,0x04,0x19,0x9f,0x9f,0x7e,0x7e,0x9f,0x9f,0x7e,0x7e,
  0x29,0x29,0x04,0x19,0x7c,0x7c,0x7c,0x7c,0x04,0x04,0x04,0x04,0x04,0x04,0x19,0x04,
  0xcf,0xcf,0xcf,0xcf,0x45,0x45,0x45,0x45,0x45,0x45,0x45,0x45,0x54,0x63,0x54,0x54,
  0x27,0x27,0x63,0x63,0x89,0x89,0x89,0x89,0x29,0x2c,0x60,0x60,0x56,0x56,0x0b,0x0b,
  0x53,0x53,0x5f,0x5f,0x02,0x02,0xe7,0xe7,0x46,0x02,0xbc,0xc3,0x23,0x23,0x23,0x03,
  0x14,0x09,0x76,0x76,0x6f,0x6f,0x32,0x32,0x07,0x07,0x04,0x04,0x26,0x26,0x5b,0x5b,
  0x04,0x04,0x04,0x04,0x60,0x11,0xab,0xab,0xab,0xab,0xab,0xab,0xcd,0xcd,0xcd,0xcd,
  0x0b,0x97,0x0c,0x0c,0x6a,0x6a,0xa4,0xa4,0x27,0x27,0xf1,0xf1,0x07,0x07,0x07,0x07,
  0x0b,0x0b,0xf6,0xf6,0x07,0x07,0x04,0x04,0x9f,0x9f,0x7e,0x7e,0x9f,0x9f,0x7e,0x7e,
  0x68,0x68,0x68,0x68,0x89,0x89,0x89,0x89,0x89,0x89,0x9d,0x7c,0x7c,0x7c,0x26,0x26,
  0x7c,0x7c,0x7c,0x7c,0x7c,0x7c,0x26,0x26,0x7c,0x7c,0x7c,0x7c,0x27,0x27,0x63,0x63,
  0x77,0x77,0x77,0x77,0x9d,0x9d,0x9d,0x89,0x14,0x09,0x04,0x04,0x2e,0x2e,0x2f,0x2f,
  0x07,0x07,0x07,0x07,0x07,0x07,0x07,0x07,0x0a,0x3a,0x0a,0x0a,0x07,0x07,0x07,0x07,
  0x6a,0x6a,0x76,0x76,0xc3,0xc3,0xc3,0xc3,0x07,0x07,0x19,0x19,0x07,0x07,0x07,0x07,
  0x0b,0x0b,0x97,0x97,0x0b,0x0b,0x5c,0x5c,0x0b,0x0b,0x5c,0x5c,0x0b,0x0b,0x5c,0x5c,
  0x4e,0x4e,0x69,0x69,0x97,0x97,0xf6,0xf6,0x07,0x07,0x60,0x60,0x07,0x07,0x07,0x07,
  0x04,0x04,0x2f,0x2f,0x07,0x07,0x10,0x10,0x9f,0x9f,0x7e,0x7e,0x9f,0x9f,0x7e,0x7e,
  0x68,0x68,0x68,0x68,0x9d,0x89,0x89,0x89,0x89,0x89,0x9d,0x7c,0x7c,0x7c,0x26,0x26,
  0x7c,0x7c,0x7c,0x7c,0x7c,0x7c,0x26,0x26,0x7c,0x7c,0x7c,0x7c,0x27,0x27,0x63,0x63,
  0x77,0x77,0x77,0x77,0x9d,0x89,0x89,0x89,0x14,0x09,0x04,0x04,0x2e,0x2e,0x2f,0x2f,
  0x07,0x07,0x07,0x07,0x07,0x07,0x07,0x07,0x3a,0x3a,0x0a,0x0a,0x07,0x07,0x07,0x07,
  0x6a,0x6a,0x76,0x76,0xc3,0xc3,0xc3,0xc3,0x07,0x07,0x19,0x19,0x07,0x07,0x07,0x07,
  0x0b,0x0b,0x97,0xf6,0x0b,0x0b,0x5c,0x5c,0x0b,0x0b,0x5c,0x5c,0x0b,0x0b,0x5c,0x5c,
  0x4e,0x4e,0x69,0x69,0x97,0x97,0xf6,0xf6,0x07,0x07,0x60,0x60,0x07,0x07,0x07,0x07,
  0x04,0x04,0x2f,0x2f,0x07,0x07,0x10,0x10,0x9f,0x9f,0x7e,0x7e,0x9f,0x9f,0x7e,0x7e,
  0x68,0x68,0x68,0x68,0x9d,0x9d,0x9d,0x9d,0x89,0x89,0x89,0x9d,0x7c,0x7c,0x26,0x26,
  0x7c,0x7c,0x7c,0x7c,0x7c,0x7c,0x26,0x26,0x7c,0x7c,0x7c,0x7c,0x27,0x27,0x63,0x63,
  0x92,0x92,0x92,0x92,0x7c,0x7c,0x7c,0x89,0x14,0x09,0x04,0x04,0x07,0x07,0x07,0x07,
  0x3e,0x07,0x07,0x07,0x07,0x07,0x07,0x07,0x3a,0x78,0x78,0x78,0x04,0x19,0x04,0x04,
  0x6a,0x6a,0x76,0x76,0xa1,0xa1,0xa1,0xa1,0x07,0x07,0x19,0x19,0x07,0x07,0x07,0x07,
  0x0b,0x0b,0x97,0xf6,0x0b,0x0b,0x5c,0x5c,0x0b,0x0b,0x5c,0x5c,0x0b,0x0b,0x5c,0x5c,
  0x4e,0x4e,0x69,0x69,0x97,0x97,0xf6,0xf6,0x07,0x07,0x60,0x60,0x07,0x07,0x07,0x07,
  0x04,0x04,0x2f,0x2f,0x07,0x07,0x10,0x10,0x9f,0x9f,0x7e,0x7e,0x9f,0x9f,0x7e,0x7e,
  0x68,0x68,0x68,0x68,0x9d,0x9d,0x9d,0x9d,0x89,0x89,0x89,0x89,0x9d,0x7c,0x26,0x26,
  0x7c,0x7c,0x7c,0x7c,0x7c,0x7c,0x26,0x26,0x7c,0x7c,0x7c,0x7c,0x27,0x27,0x63,0x63,
  0x92,0x92,0x92,0x92,0x7c,0x89,0x89,0x89,0x14,0x09,0x04,0x04,0x07,0x07,0x07,0x07,
  0x3e,0x07,0x07,0x07,0x07,0x07,0x07,0x07,0x78,0x78,0x78,0x78,0x04,0x19,0x04,0x04,
  0x6a,0x6a,0x76,0x76,0xa1,0xa1,0xa1,0xa1,0x07,0x07,0x19,0x19,0x07,0x07,0x07,0x07,
  0x0b,0x0b,0x97,0xf6,0x0b,0x0b,0x5c,0x5c,0x0b,0x0b,0x5c,0x5c,0x0b,0x0b,0x5c,0x5c,
  0x4e,0x4e,0x69,0x69,0x97,0x97,0xf6,0xf6,0x07,0x07,0x60,0x60,0x07,0x07,0x07,0x07,
  0x04,0x04,0x2f,0x2f,0x07,0x07,0x10,0x10,0x9f,0x9f,0x7e,0x7e,0x9f,0x9f,0x7e,0x7e,
  0x1a,0x54,0x08,0x54,0x08,0x08,0x08,0x54,0x07,0x07,0x07,0x07,0x07,0x07,0x07,0x07,
  0x07,0x07,0x07,0x07,0x07,0x07,0x07,0x07,0x07,0x07,0x07,0x07,0xe1,0xfe,0xe1,0xe1,
  0x8c,0x8c,0x8c,0x8c,0x98,0x98,0x98,0x98,0x07,0x68,0x07,0xd9,0xb2,0x07,0x07,0x07,
  0x2b,0x2b,0x81,0x81,0x07,0x07,0x07,0x07,0x07,0x07,0x07,0x07,0x07,0x07,0x07,0x07,
  0xe3,0x01,0x76,0x76,0x70,0x70,0x61,0x61,0x07,0x07,0x04,0x04,0x07,0x07,0x6a,0x6a,
  0x0b,0x0b,0xf6,0xf6,0x0b,0x0b,0x5c,0x5c,0x0b,0x0b,0x5c,0x5c,0x0b,0x0b,0x5c,0x5c,
  0x4e,0x4e,0x69,0x69,0x01,0x01,0x2f,0x2f,0x07,0x07,0x04,0x19,0x07,0x07,0x2c,0x2c,
  0x04,0x04,0x2f,0x2f,0x2f,0x2f,0x04,0x04,0x9f,0x9f,0x7e,0x7e,0x9f,0x9f,0x7e,0x7e,
  0x54,0x54,0x08,0x54,0x08,0x08,0x08,0x54,0x07,0x07,0x07,0x07,0x07,0x07,0x07,0x07,
  0x07,0x07,0x07,0x07,0x07,0x07,0x07,0x07,0x07,0x07,0x07,0x07,0xe1,0xfe,0xfe,0xe1,
  0x8c,0x8c,0x8c,0x8c,0x98,0x98,0x98,0x98,0x07,0x68,0x07,0xd9,0x07,0x07,0x07,0x07,
  0x2b,0x2b,0x81,0x81,0x07,0x07,0x07,0x07,0x07,0x07,0x07,0x07,0x07,0x07,0x07,0x07,
  0xe3,0x01,0x76,0x76,0x70,0x70,0x61,0x62,0x07,0x07,0x04,0x04,0x07,0x07,0x6a,0x6a,
  0x0b,0x0b,0xf6,0xf6,0x0b,0x0b,0x5c,0x5c,0x0b,0x0b,0x5c,0x5c,0x0b,0x0b,0x5c,0x5c,
  0x4e,0x4e,0x69,0x69,0x01,0x01,0x2f,0x2f,0x07,0x07,0x04,0x19,0x07,0x07,0x2c,0x2c,
  0x04,0x04,0x2f,0x2f,0x2f,0x2e,0x04,0x04,0x9f,0x9f,0x7e,0x7e,0x9f,0x9f,0x7e,0x7e,
  0x6a,0x6a,0x2c,0x6a,0x6a,0x2c,0x2c,0x6a,0x07,0x07,0x07,0x07,0x07,0x07,0x07,0x07,
  0x07,0x07,0x07,0x07,0x07,0x07,0x07,0x07,0x19,0x04,0x04,0x04,0x14,0x14,0x14,0x14,
  0x8c,0x8c,0x8c,0x8c,0xf1,0xf1,0x27,0xf1,0x07,0x68,0x07,0xd9,0x07,0x07,0x07,0x07,
  0x2b,0x2b,0x81,0x81,0x07,0x07,0x07,0x07,0x07,0x07,0x07,0x07,0x07,0x07,0x07,0x07,
  0xe3,0x01,0x76,0x76,0x70,0x70,0x61,0x62,0x07,0x07,0x04,0x04,0x07,0x07,0x6a,0x6a,
  0x0b,0x0b,0xf6,0xf6,0x0b,0x0b,0x5c,0x5c,0x0b,0x0b,0x5c,0x5c,0x0b,0x0b,0x5c,0x5c,
  0x4e,0x4e,0x69,0x69,0x01,0x01,0x2f,0x2f,0x07,0x07,0x04,0x19,0x07,0x07,0x2c,0x2c,
  0x04,0x04,0x2f,0x2f,0x2f,0x2e,0x04,0x04,0x9f,0x9f,0x7e,0x7e,0x9f,0x9f,0x7e,0x7e,
  0x6a,0x6a,0x2c,0x6a,0x2c,0x2c,0x2c,0x6a,0x07,0x07,0x07,0x07,0x07,0x07,0x07,0x07,
  0x07,0x07,0x07,0x07,0x07,0x07,0x07,0x07,0x19,0x04,0x04,0x04,0x14,0x14,0x14,0x14,
  0x8c,0x8c,0x8c,0x8c,0xf1,0xf1,0x27,0xf1,0x07,0x07,0x07,0x07,0x07,0x07,0x07,0x07,
  0x2b,0x2b,0x81,0x81,0x07,0x07,0x07,0x07,0x07,0x07,0x07,0x07,0x07,0x07,0x07,0x07,
  0xe3,0x01,0x76,0x76,0x70,0x70,0x61,0x61,0x07,0x07,0x04,0x04,0x07,0x07,0x6a,0x6a,
  0x0b,0x0b,0xf6,0xf6,0x0b,0x0b,0x5c,0x5c,0x0b,0x0b,0x5c,0x5c,0x0b,0x0b,0x5c,0x5c,
  0x4e,0x4e,0x69,0x69,0x01,0x01,0x2f,0x2f,0x07,0x07,0x04,0x19,0x07,0x07,0x2c,0x2c,
  0x04,0x04,0x2f,0x2f,0x2f,0x2e,0x04,0x04,0x9f,0x9f,0x7e,0x7e,0x9f,0x9f,0x7e,0x7e,
  0x17,0x17,0x1b,0x1b,0x07,0x07,0x07,0x07,0x07,0x07,0x07,0x07,0x07,0x07,0x07,0x07,
  0x07,0x07,0x07,0x07,0x07,0x07,0x07,0x07,0x07,0x07,0x07,0x07,0x7c,0x89,0xcf,0xe3,
  0xa7,0xa7,0x71,0x71,0x07,0x07,0x07,0x07,0x07,0x07,0x04,0x04,0x74,0x74,0x74,0x74,
  0x07,0x07,0x07,0x07,0x74,0x74,0x74,0x74,0x74,0x74,0x74,0x74,0x74,0x74,0x74,0x74,
  0x07,0x07,0x07,0x07,0x3e,0x3e,0x07,0x07,0x05,0x05,0x0a,0x0a,0x1a,0x77,0x32,0x2e,
  0x0b,0x0b,0xf6,0xf6,0x0b,0x0b,0x0b,0x0b,0x0b,0x0b,0x0b,0x0b,0x4e,0x4e,0x4e,0x4e,
  0x0b,0x97,0x97,0x0c,0x6a,0x6a,0x6a,0x6a,0x07,0x07,0x60,0x60,0x07,0x07,0x07,0x07,
  0x2b,0x05,0x2b,0x05,0x07,0x07,0x04,0x04,0x9f,0x9f,0x7e,0x7e,0x9f,0x9f,0x7e,0x7e,
  0x17,0x17,0x1b,0x1b,0x07,0x07,0x07,0x07,0x07,0x07,0x07,0x07,0x07,0x07,0x07,0x07,
  0x07,0x07,0x07,0x07,0x07,0x07,0x07,0x07,0x07,0x07,0x07,0x07,0x97,0x97,0x01,0x01,
  0xa7,0xa7,0x71,0x71,0x07,0x07,0x07,0x07,0x07,0x07,0x04,0x04,0x74,0x74,0x74,0x74,
  0x07,0x07,0x07,0x07,0x74,0x74,0x74,0x74,0x74,0x74,0x74,0x74,0x74,0x74,0x74,0x74,
  0x07,0x07,0x07,0x07,0x3e,0x3e,0x07,0x07,0x05,0x05,0x0a,0x0a,0x1a,0x04,0x32,0x2f,
  0x0b,0x0b,0xf6,0xf6,0x0b,0x0b,0x0b,0x0b,0x0b,0x0b,0x0b,0x0b,0x4e,0x4e,0x4e,0x4e,
  0x0b,0x97,0x97,0x0c,0x6a,0x6a,0x6a,0x6a,0x07,0x07,0x60,0x60,0x07,0x07,0x07,0x07,
  0x2b,0x05,0x2b,0x05,0x07,0x07,0x04,0x04,0x9f,0x9f,0x7e,0x7e,0x9f,0x9f,0x7e,0x7e,
  0x17,0x17,0x1b,0x1b,0x07,0x07,0x07,0x07,0x07,0x07,0x07,0x07,0x07,0x07,0x07,0x07,
  0x07,0xd9,0x07,0x07,0x2f,0x2e,0x2e,0x32,0x07,0x07,0x07,0x07,0x97,0x89,0x01,0xe3,
  0xa7,0xa7,0xc7,0xc7,0x07,0x07,0x07,0x07,0x07,0x07,0x04,0x04,0x74,0x74,0x74,0x74,
  0x07,0x07,0x07,0x07,0x74,0x74,0x74,0x74,0x74,0x74,0x74,0x74,0x74,0x74,0x74,0x74,
  0x07,0x07,0x07,0x07,0x70,0xe0,0x07,0x07,0x05,0x05,0x0a,0x0a,0x1a,0x04,0x32,0x2f,
  0x0b,0x0b,0xf6,0xf6,0x0c,0x0c,0x0c,0x0c,0x5c,0x5c,0x5c,0x34,0x69,0x69,0x69,0x69,
  0x97,0x97,0x0c,0x0c,0x32,0x2f,0x2f,0x2f,0x07,0x07,0x60,0x60,0x07,0x07,0x07,0x07,
  0x32,0x2f,0x32,0x2f,0x07,0x07,0x04,0x19,0x9f,0x9f,0x7e,0x7e,0x9f,0x9f,0x7e,0x7e,
  0x17,0x17,0x1b,0x1b,0x07,0x07,0x07,0x07,0x07,0x07,0x07,0x07,0x07,0x07,0x07,0x07,
  0x07,0x07,0x07,0x07,0x2f,0x2e,0x2e,0x32,0x07,0x07,0x07,0x07,0x89,0x7c,0xe3,0xcf,
  0xa7,0xa7,0xc7,0xc7,0x07,0x07,0x07,0x07,0x07,0x07,0x04,0x04,0x74,0x74,0x74,0x74,
  0x07,0x07,0x07,0x07,0x74,0x74,0x74,0x74,0x74,0x74,0x74,0x74,0x74,0x74,0x74,0x74,
  0x07,0x07,0x07,0x07,0x3e,0xe0,0x07,0x07,0x05,0x05,0x0a,0x0a,0x1a,0x04,0x32,0x2f,
  0x0b,0x0b,0xf6,0xf6,0x5c,0x0c,0x0c,0x0c,0x5c,0x5c,0x5c,0x34,0x69,0x69,0x69,0x69,
  0x97,0x97,0x0c,0x0c,0x32,0x32,0x2f,0x3e,0x07,0x07,0x60,0x60,0x07,0x07,0x07,0x07,
  0x32,0x2f,0x32,0x2f,0x07,0x07,0x04,0x19,0x9f,0x9f,0x7e,0x7e,0x9f,0x9f,0x7e,0x7e,
  0x6a,0x6a,0x6a,0x6a,0x8d,0x8d,0x18,0x18,0x63,0x63,0x63,0x08,0xcf,0xcf,0x71,0x71,
  0x89,0x89,0x26,0x26,0xc1,0x28,0xc1,0xc1,0xa7,0x71,0x71,0x71,0x05,0x05,0x0a,0x0a,
  0x54,0x54,0x45,0x45,0xee,0x11,0x92,0xcd,0x07,0x07,0x42,0x07,0xd0,0x55,0x1a,0x1a,
  0xd0,0x55,0x1a,0x1a,0xd0,0x55,0x1a,0x1a,0x92,0x66,0x04,0x92,0x07,0x07,0x07,0x07,
  0x07,0x07,0x6a,0x6a,0x01,0x01,0x09,0x09,0x4c,0x4c,0x4c,0xf1,0x77,0x04,0x2e,0x2f,
  0x0b,0x0b,0xf6,0xf6,0x97,0x97,0x97,0x97,0x97,0x97,0x97,0x97,0x97,0x97,0x97,0x97,
  0x6a,0x6a,0xa4,0xa4,0x26,0x05,0x26,0x26,0x05,0x05,0x0a,0x0a,0x07,0x07,0x19,0x04,
  0x05,0x05,0x2f,0x2f,0xa9,0xa9,0xa9,0xa9,0x9f,0x9f,0x7e,0x7e,0x9f,0x9f,0x7e,0x7e,
  0x6a,0x6a,0x6a,0x6a,0x18,0x8d,0x8d,0x2c,0x63,0x63,0x63,0x08,0xcf,0xcf,0x71,0x71,
  0x7c,0x7c,0x05,0x05,0xc1,0x28,0xc1,0xc1,0xa7,0x71,0x71,0x71,0x05,0x05,0x0a,0x0a,
  0x54,0x54,0x45,0x45,0xee,0xab,0x92,0xab,0x07,0x07,0x07,0x42,0xd0,0x55,0x1a,0x1a,
  0xd0,0x55,0x1a,0x1a,0xd0,0x55,0x1a,0x1a,0x92,0x66,0x04,0x92,0x07,0x07,0x07,0x07,
  0x07,0x07,0x6a,0x6a,0x09,0x01,0x14,0x14,0x4c,0x4c,0x4c,0x4c,0x77,0x04,0x2e,0x2f,
  0x0b,0x0b,0xf6,0xf6,0x97,0x97,0x97,0x97,0x97,0x97,0x97,0x97,0x97,0x97,0x97,0x97,
  0x6a,0x6a,0xa4,0xa4,0x05,0x05,0x05,0x05,0x05,0x05,0x0a,0x0a,0x07,0x07,0x19,0x04,
  0x05,0x05,0x2f,0x2f,0xa9,0xa9,0xa9,0xa9,0x9f,0x9f,0x7e,0x7e,0x9f,0x9f,0x7e,0x7e,
  0x6a,0x6a,0x6a,0x6a,0x83,0x83,0x83,0x83,0x63,0x63,0x63,0x08,0xcf,0xcf,0x71,0x71,
  0x7c,0x7c,0x05,0x05,0x71,0x71,0x71,0x71,0xcf,0x71,0x71,0x71,0x05,0x05,0x0a,0x0a,
  0x54,0x54,0x45,0x45,0xee,0xab,0x92,0xab,0x07,0x07,0x07,0x29,0x07,0x07,0x07,0x07,
  0x07,0x07,0x07,0x07,0x07,0x07,0x07,0x07,0x19,0x04,0x04,0x19,0x07,0x07,0x07,0x07,
  0x07,0x07,0x6a,0x6a,0x07,0x07,0x07,0x07,0x45,0x45,0x45,0xd5,0x1a,0x04,0x32,0x2f,
  0x0b,0x0b,0xf6,0xf6,0x0c,0x0c,0x0c,0x0c,0x0c,0x0c,0x0c,0x0c,0x0c,0x0c,0x0c,0x0c,
  0x6a,0x6a,0xa4,0xa4,0x0a,0x3a,0x0a,0x0a,0x05,0x05,0x0a,0x0a,0x07,0x07,0x19,0x04,
  0x05,0x05,0x2f,0x2f,0xa9,0xa9,0xa9,0xa9,0x9f,0x9f,0x7e,0x7e,0x9f,0x9f,0x7e,0x7e,
  0x6a,0x6a,0x6a,0x6a,0x83,0x83,0x83,0x81,0x63,0x63,0x63,0x08,0x0b,0x0b,0x97,0x97,
  0x7c,0x7c,0x05,0x05,0x71,0x71,0x71,0x71,0xcf,0x71,0x71,0x71,0x05,0x05,0x0a,0x0a,
  0x54,0x54,0x45,0x45,0xee,0xee,0x92,0x92,0x07,0x07,0x07,0x29,0x07,0x07,0x07,0x07,
  0x07,0x07,0x07,0x07,0x07,0x07,0x07,0x07,0x19,0x04,0x04,0x19,0x07,0x07,0x07,0x07,
  0x07,0x07,0x6a,0x6a,0x07,0x07,0x07,0x07,0x45,0x45,0x45,0x45,0x1a,0x77,0x32,0x2e,
  0x0b,0x0b,0xf6,0xf6,0x0c,0x0c,0x0c,0x0c,0x0c,0x0c,0x0c,0x0c,0x0c,0x0c,0x0c,0x0c,
  0x6a,0x6a,0xa4,0xa4,0x0a,0x0a,0x0a,0x0a,0x05,0x05,0x0a,0x0a,0x07,0x07,0x04,0x04,
  0x05,0x05,0x2e,0x2e,0xa9,0xa9,0xa9,0xa9,0x9f,0x9f,0x7e,0x7e,0x9f,0x9f,0x7e,0x7e,
  0x07,0x07,0x07,0x07,0x89,0x7c,0x89,0x89,0x07,0x07,0x07,0x07,0xea,0x73,0x73,0x73,
  0xf4,0xf4,0x07,0x07,0x05,0x05,0x0a,0x0a,0x05,0x05,0x0a,0x0a,0x05,0x05,0x05,0x05,
  0x63,0x63,0x08,0x08,0x55,0x99,0x96,0x55,0x07,0xd9,0x76,0x76,0x6c,0x6c,0x5f,0x5f,
  0x6c,0x6c,0x5f,0x5f,0x6c,0x6c,0xc2,0xc2,0x53,0x53,0x03,0x03,0x56,0x56,0x70,0x70,
  0x49,0xa1,0x49,0x49,0x6a,0x6a,0x76,0x76,0x07,0x07,0x07,0x07,0x07,0x07,0x07,0x07,
  0x5c,0x5c,0x0c,0x0c,0x97,0x97,0xf6,0xf6,0x97,0x97,0x97,0x97,0x97,0x97,0xf6,0xf6,
  0x07,0x07,0x07,0x07,0x07,0x07,0x19,0x19,0x07,0x07,0x07,0x07,0x97,0x0b,0xf6,0xf6,
  0x42,0x42,0x07,0x07,0x0d,0x0d,0x9f,0x0d,0x9f,0x9f,0x9f,0x9f,0x9f,0x9f,0x9f,0x0d,
  0x07,0x07,0x07,0x07,0x89,0x89,0x89,0x89,0x07,0x07,0x07,0x07,0xea,0xea,0xea,0x73,
  0x59,0xf4,0x07,0x07,0x05,0x05,0x0a,0x0a,0x05,0x05,0x0a,0x0a,0x05,0x05,0x05,0x05,
  0x63,0x63,0x08,0x08,0x55,0x55,0x96,0x96,0x07,0xd9,0x76,0x76,0x6c,0x6c,0x5f,0x5f,
  0x6c,0x6c,0x5f,0x5f,0x6c,0x6c,0xc2,0xc2,0x53,0x53,0x03,0x03,0x56,0x56,0x70,0x70,
  0x49,0xa1,0x49,0x49,0x6a,0x6a,0x76,0x76,0x07,0x07,0x07,0x07,0x07,0x07,0x07,0x07,
  0x5c,0x5c,0x0c,0x0c,0x97,0x97,0xf6,0xf6,0x97,0x97,0x97,0x97,0x97,0x97,0xf6,0xf6,
  0x07,0x07,0x07,0x07,0x07,0x07,0x19,0x19,0x07,0x07,0x07,0x42,0x0b,0x0b,0xf6,0xf6,
  0x42,0x07,0x07,0x07,0x9f,0x9f,0x9f,0x0d,0x9f,0x9f,0x9f,0x9f,0x9f,0x9f,0x9f,0x9f,
  0x07,0x07,0x07,0x07,0x89,0x89,0x89,0x89,0x07,0x07,0x07,0x07,0x73,0x73,0x73,0xcc,
  0xb9,0xf4,0x07,0x07,0x05,0x05,0x0a,0x0a,0x05,0x05,0x0a,0x0a,0xe4,0xe4,0xe4,0xe4,
  0x63,0x63,0x08,0x54,0x55,0x99,0x96,0x55,0x07,0x07,0x76,0x76,0x6c,0x6c,0x5f,0x5f,
  0x6c,0x6c,0x5f,0x5f,0x6c,0x6c,0xc2,0xc2,0x53,0x53,0x03,0x1b,0x56,0x56,0x70,0x70,
  0x49,0xa1,0x49,0x49,0x6a,0x6a,0x76,0x76,0x07,0x07,0x07,0x07,0x07,0x07,0x07,0x07,
  0x5c,0x5c,0x0c,0x0c,0x97,0x97,0xf6,0xf6,0x0c,0x0c,0x0c,0x0c,0x97,0x97,0xf6,0xf6,
  0x07,0x07,0x07,0x07,0x07,0x07,0x19,0x19,0x07,0x07,0x07,0x42,0x0b,0x0b,0xf6,0xf6,
  0x07,0x07,0x07,0x07,0x1f,0x1f,0x1f,0x1f,0xac,0xac,0xac,0x1f,0x1f,0x1f,0x1f,0x1f,
  0x07,0x07,0x07,0x07,0x89,0x89,0x89,0x89,0x07,0x07,0x07,0x07,0x73,0x73,0x73,0x73,
  0xb9,0xb9,0x07,0x07,0x05,0x05,0x0a,0x0a,0x05,0x05,0x0a,0x0a,0xe4,0xe4,0xe4,0xe4,
  0x63,0x63,0x54,0x54,0x99,0x99,0x55,0x55,0x07,0x07,0x76,0x76,0x6c,0x6c,0x5f,0x5f,
  0x6c,0x6c,0x5f,0x5f,0x6c,0x6c,0xc2,0xc2,0x53,0x53,0x03,0x1b,0x56,0x56,0x70,0x70,
  0x49,0xa1,0x49,0x49,0x6a,0x6a,0x76,0x76,0x07,0x07,0x07,0x07,0x07,0x07,0x07,0x07,
  0x5c,0x5c,0x0c,0x0c,0x97,0x97,0xf6,0xf6,0x0c,0x0c,0x0c,0x0c,0x97,0x97,0xf6,0xf6,
  0x07,0x07,0x07,0x07,0x07,0x07,0x19,0x19,0x07,0xd0,0x42,0x29,0x0b,0x0b,0xf6,0xf6,
  0x07,0x07,0x07,0x07,0x1f,0x1f,0x1f,0x1f,0xac,0xac,0xac,0x1f,0x1f,0x1f,0x1f,0x1f,
  0x2c,0x29,0x04,0x04,0x89,0x89,0x89,0x89,0xc0,0xfd,0x42,0xc4,0x6a,0x6a,0x19,0x04,
  0x52,0x52,0x52,0x1e,0x54,0x08,0x08,0x54,0x54,0x54,0x08,0x54,0x63,0x63,0x63,0x63,
  0x27,0x27,0x63,0x63,0x01,0x01,0xe3,0xe3,0x08,0x1a,0x59,0x37,0x6c,0x6c,0x5f,0x5f,
  0x6c,0x6c,0x5f,0x5f,0x02,0x02,0x23,0x23,0x17,0x17,0x17,0x17,0x56,0xa4,0xe0,0x70,
  0x49,0xa1,0x90,0x49,0xa2,0xa2,0x20,0x20,0xfc,0xfc,0xfc,0x07,0xcf,0xcf,0xcf,0xcf,
  0x07,0x07,0x07,0x07,0x97,0x97,0xf6,0xf6,0x01,0x01,0xa4,0xa4,0x05,0x05,0x2f,0x2f,
  0x89,0xc1,0xa7,0xa7,0x07,0x07,0x2c,0x2c,0xc1,0x9c,0xd4,0xd4,0x11,0x11,0xab,0xab,
  0x16,0x16,0x16,0x16,0x50,0x6f,0x7a,0x50,0x95,0x6f,0x6f,0x95,0xac,0xac,0x20,0x20,
  0x2c,0x29,0x04,0x19,0x89,0x89,0x89,0x89,0xc0,0x47,0x42,0x7a,0x6a,0x6a,0x19,0x04,
  0x52,0x52,0x52,0x52,0x54,0x54,0x08,0x08,0x54,0x54,0x08,0x54,0x63,0x27,0x63,0x63,
  0x27,0x27,0x63,0x63,0x01,0x01,0xe3,0xe3,0x08,0x1a,0x59,0x37,0x6c,0x6c,0x5f,0x5f,
  0x6c,0x6c,0x5f,0x5f,0x02,0x02,0x23,0x23,0x17,0x17,0x17,0x17,0x56,0xa4,0xe0,0x70,
  0x49,0xa1,0x90,0x49,0xa2,0xa2,0x20,0x20,0xfc,0xfc,0xfc,0x00,0xcf,0xcf,0xcf,0xcf,
  0x07,0x07,0x07,0x07,0x97,0x97,0xf6,0xf6,0x01,0x01,0xa4,0xa4,0x05,0x05,0x2f,0x2f,
  0xc1,0xc1,0xc1,0xc1,0x07,0x07,0x2c,0x2c,0x9c,0x9c,0x9c,0x9c,0x11,0x11,0xab,0xab,
  0x16,0x0e,0xc8,0xd1,0x50,0x6f,0x7a,0x3b,0x95,0x6f,0x6f,0x95,0xfd,0xfd,0x13,0x13,
  0x75,0x29,0x04,0x19,0x7c,0x7c,0x7c,0x7c,0xc0,0xc0,0x42,0x42,0x6a,0x6a,0x19,0x04,
  0x52,0x52,0x52,0x52,0x45,0x45,0x45,0x45,0x45,0x45,0x45,0x45,0x54,0x54,0x54,0x54,
  0x27,0x27,0x63,0x63,0xe3,0xe3,0xe3,0xe3,0x08,0x1a,0x37,0x37,0x6c,0x6c,0x5f,0x5f,
  0x6c,0x6c,0x5f,0x5f,0x02,0x02,0x23,0x23,0x1b,0x1b,0x1b,0x1b,0x56,0xa4,0xe0,0x70,
  0x49,0xa1,0x90,0x49,0xa2,0xa2,0x20,0x20,0xe6,0xe6,0xe6,0xe6,0xf6,0xcf,0xcf,0xcf,
  0x07,0x07,0x07,0x07,0x97,0x97,0xf6,0xf6,0x01,0x01,0xa4,0xa4,0x05,0x05,0x2f,0x2f,
  0x7c,0x7c,0x7c,0x7c,0x07,0x07,0x2c,0x2c,0x8a,0x34,0x34,0x34,0x11,0x11,0xab,0xab,
  0x9f,0x16,0x16,0xc8,0x6f,0x68,0x68,0x6f,0x95,0x6f,0x6f,0x95,0xfd,0xfd,0x13,0x13,
  0x29,0x29,0x04,0x19,0x7c,0x7c,0x7c,0x7c,0xc0,0xc0,0x42,0x42,0x6a,0x6a,0x19,0x04,
  0x52,0x52,0x52,0x52,0x45,0x45,0x45,0x45,0x45,0x45,0x45,0x45,0x54,0x63,0x54,0x54,
  0x27,0x27,0x63,0x63,0xe3,0xe3,0xe3,0xe3,0x08,0x1a,0x37,0x37,0x6c,0x6c,0x5f,0x5f,
  0x6c,0x6c,0x5f,0x5f,0x02,0xbc,0x23,0x23,0x1b,0x1b,0x1b,0x1b,0x56,0x56,0xe0,0xe0,
  0x49,0xa1,0x90,0x49,0xa2,0xa2,0x20,0x20,0xe6,0xe6,0xe6,0x68,0x0b,0xcf,0xcf,0xcf,
  0x07,0x07,0x07,0x07,0x97,0x97,0xf6,0xf6,0x01,0x01,0xa4,0xa4,0x05,0x05,0x2f,0x2f,
  0x7c,0x7c,0x7c,0x7c,0x07,0x07,0x2c,0x2c,0x34,0x34,0x34,0x34,0x11,0x11,0xab,0xab,
  0x9f,0x16,0x16,0x16,0x6f,0x68,0x68,0x13,0x95,0x6f,0x6f,0x95,0xfd,0xfd,0x13,0x13,
  0x8f,0x8f,0x2b,0x2b,0x89,0x89,0x89,0x89,0x89,0x89,0x89,0xf6,0x2c,0x2c,0x6a,0x6a,
  0x6a,0x6a,0x6a,0x6a,0xe4,0xe4,0x28,0xe4,0x7c,0x7c,0x7c,0x7c,0x27,0x27,0x63,0x63,
  0x77,0x77,0x77,0x77,0x9d,0x9d,0x9d,0x89,0x29,0x2c,0x75,0x75,0x22,0x22,0xfb,0xfb,
  0x53,0x53,0x53,0x53,0xc2,0xc2,0x4a,0x4a,0x12,0x22,0x12,0x12,0x03,0x53,0x4a,0x53,
  0x49,0xa1,0x90,0x49,0x9f,0x9f,0x7e,0x7e,0x75,0x2c,0x07,0x07,0x07,0x07,0x07,0x07,
  0x07,0x07,0x07,0x07,0x07,0x07,0x07,0x07,0x07,0x07,0x07,0x07,0x07,0x07,0x07,0x07,
  0x05,0x05,0x0a,0x0a,0x07,0x07,0x19,0x19,0x11,0x11,0x11,0x11,0x2f,0x2f,0x04,0x04,
  0xac,0xd6,0x85,0xdd,0xb6,0xb6,0xb6,0x37,0x07,0x07,0x42,0x42,0x07,0x07,0x10,0x10,
  0x8f,0x8f,0x2b,0x2b,0x9d,0x89,0x89,0x89,0x89,0x89,0x89,0xf6,0x6a,0x6a,0x6a,0x6a,
  0x6a,0x6a,0x6a,0x6a,0xe4,0xe4,0x28,0xe4,0x7c,0x7c,0x7c,0x7c,0x27,0x27,0x63,0x63,
  0x77,0x77,0x77,0x77,0x9d,0x89,0x89,0x89,0x29,0x2c,0x75,0x75,0x22,0x22,0xfb,0xfb,
  0x53,0x53,0x53,0x53,0xc2,0x6c,0x4a,0x03,0x12,0x22,0x12,0x12,0x03,0x53,0x4a,0x53,
  0x49,0xa1,0x90,0x49,0x9f,0x9f,0x7e,0x7e,0x29,0x75,0x07,0x07,0x07,0x07,0x07,0x07,
  0x07,0x07,0x07,0x07,0x07,0x07,0x07,0x07,0x07,0x07,0x07,0x07,0x07,0x07,0x07,0x07,
  0x05,0x05,0x0a,0x0a,0x07,0x07,0x19,0x04,0x11,0x11,0x11,0x11,0x2f,0x2e,0x04,0x04,
  0xac,0xd6,0x85,0xdd,0x9a,0x9a,0x24,0x9a,0x07,0x07,0x07,0x07,0x07,0x07,0x10,0x10,
  0x8f,0x8f,0x2b,0x2b,0x9d,0x9d,0x9d,0x9d,0xe3,0xe3,0xe3,0xe3,0x07,0x07,0x07,0x07,
  0x07,0x07,0x07,0x07,0xe4,0xe4,0xe4,0xe4,0x7c,0x7c,0x7c,0x7c,0x27,0x27,0x63,0x63,
  0x92,0x92,0x92,0x92,0x9d,0x9d,0x9d,0x9d,0x29,0x2c,0x75,0x75,0x22,0x22,0xfb,0xfb,
  0x03,0x03,0x03,0x1b,0xce,0x00,0x6c,0x00,0x21,0x22,0x21,0x21,0x53,0x53,0x00,0x00,
  0x49,0xa1,0x90,0x49,0x9f,0x9f,0x7e,0x7e,0x29,0x29,0x07,0x07,0x07,0x07,0x07,0x07,
  0x07,0x07,0x07,0x07,0x61,0x61,0x61,0x61,0x61,0x61,0x61,0x61,0x07,0x07,0x07,0x07,
  0x05,0x05,0x0a,0x0a,0x07,0x07,0x19,0x04,0x11,0x11,0x11,0x11,0x2e,0x32,0x04,0x19,
  0xac,0xd6,0x85,0xdd,0x37,0x37,0x37,0x37,0x07,0x07,0x07,0x07,0x07,0x07,0x10,0x10,
  0x8f,0x8f,0x2b,0x2b,0x9d,0x9d,0x9d,0x9d,0xe3,0xe3,0xe3,0xe3,0x07,0x07,0x07,0x07,
  0x07,0x07,0x07,0x07,0xe4,0xe4,0xe4,0xe4,0x7c,0x7c,0x7c,0x7c,0x27,0x27,0x63,0x63,
  0x92,0x92,0x92,0x92,0x9d,0x9d,0x9d,0x9d,0x29,0x2c,0x75,0x75,0x22,0xfb,0xfb,0x25,
  0x03,0x03,0x1b,0x03,0xc2,0xc2,0x4a,0x4a,0x21,0x22,0x21,0x21,0x03,0x53,0x4a,0x00,
  0x49,0xa1,0x90,0x49,0x9f,0x9f,0x7e,0x7e,0x29,0x29,0x07,0x07,0x07,0x07,0x07,0x07,
  0x07,0x07,0x07,0x07,0x61,0x83,0x61,0x61,0x61,0x61,0x61,0x61,0x07,0x07,0x07,0x07,
  0x05,0x05,0x0a,0x0a,0x07,0x07,0x04,0x04,0x11,0x11,0x11,0xa6,0x32,0x2e,0x19,0x04,
  0xac,0xac,0x85,0x85,0xb6,0xb6,0x9a,0xb6,0x07,0x07,0x07,0x07,0x07,0x07,0x10,0x10,
  0x07,0x07,0x07,0x07,0x04,0x19,0x19,0x04,0x07,0x07,0x07,0x07,0x07,0x07,0x07,0x07,
  0x08,0x54,0x08,0x1a,0x08,0x08,0x08,0x1a,0x07,0x07,0x07,0x07,0x07,0x07,0x07,0x07,
  0x07,0x07,0x07,0x07,0x07,0x07,0x07,0x07,0x04,0x66,0x04,0x04,0x17,0x17,0x03,0x03,
  0x06,0x06,0xbc,0x46,0x23,0x23,0x23,0x23,0xbc,0xbc,0xbc,0x33,0x86,0x86,0xb9,0xb9,
  0xbe,0x80,0x18,0x18,0x9f,0x9f,0x7e,0x7e,0x9f,0x9f,0x1f,0x1f,0x2f,0xf3,0x2e,0x2e,
  0x07,0x44,0x44,0x07,0x45,0x1a,0x1a,0x08,0x07,0x07,0x07,0x07,0xd0,0x1a,0x1a,0x08,
  0xd0,0x92,0x1a,0x08,0x6a,0x6a,0x6a,0x6a,0x2f,0x2f,0xf3,0xf3,0x9f,0x9f,0x7e,0x7e,
  0xd6,0xd6,0xfd,0xfd,0x88,0x88,0x88,0x88,0x88,0x88,0x88,0x88,0xfd,0xfd,0xd6,0xd6,
  0x07,0x07,0x07,0x07,0x19,0x19,0x19,0x04,0x07,0x07,0x07,0x07,0x07,0x07,0x07,0x07,
  0x08,0x54,0x08,0x1a,0x08,0x08,0x08,0x1a,0x07,0x07,0x07,0x07,0x07,0x07,0x07,0x07,
  0x07,0x07,0x07,0x07,0x07,0x07,0x07,0x07,0x04,0x66,0x04,0x04,0x17,0x17,0x03,0x03,
  0xbc,0x06,0xbc,0x46,0x23,0x23,0x23,0x23,0x06,0xbc,0xbc,0x33,0x86,0x86,0xb9,0xb9,
  0xbe,0x80,0x18,0x18,0x9f,0x9f,0x7e,0x7e,0x9f,0x9f,0x1f,0x1f,0x2f,0x2f,0xf3,0x2e,
  0x07,0x44,0x44,0x07,0x45,0x1a,0x1a,0x08,0x07,0x07,0x07,0x07,0xd0,0x1a,0x1a,0x08,
  0xd0,0x92,0x1a,0x08,0x6a,0x6a,0x6a,0x6a,0x2f,0x2e,0xf3,0x2e,0x9f,0x9f,0x7e,0x7e,
  0xd6,0xd6,0xd6,0xfd,0x88,0x88,0x88,0x88,0x88,0x88,0x88,0x88,0xd6,0xd6,0xd6,0xd6,
  0x29,0x29,0x75,0x2c,0x07,0x07,0x07,0x07,0x07,0x07,0x07,0x07,0x6a,0x6a,0x6a,0x6a,
  0x07,0x07,0x07,0x07,0x07,0x07,0x07,0x07,0x19,0x04,0x04,0x04,0x04,0x04,0x04,0x04,
  0x19,0x04,0x04,0x04,0x07,0x07,0x07,0x07,0x04,0x66,0x04,0x04,0x17,0x17,0x03,0x03,
  0x06,0x06,0xbc,0x46,0xc2,0x00,0xc2,0x46,0x02,0x02,0x02,0x46,0x57,0x57,0x86,0x86,
  0xbe,0x80,0x18,0x18,0x9f,0x9f,0x7e,0x7e,0x9f,0x9f,0x1f,0x1f,0x07,0x07,0x07,0x07,
  0x07,0x07,0x07,0x07,0x07,0x07,0x07,0x07,0x07,0x07,0x07,0x07,0x3e,0x2f,0x2f,0x32,
  0x07,0x07,0x07,0x07,0x32,0x2f,0x2f,0x32,0x04,0x04,0x19,0x19,0x9f,0x9f,0x7e,0x7e,
  0xd6,0xd6,0x98,0x47,0x56,0x56,0xa4,0x56,0xa4,0x56,0x56,0x56,0x13,0x13,0x79,0x79,
  0x29,0x29,0x75,0x2c,0x07,0x07,0x07,0x07,0x07,0x07,0x07,0x07,0x6a,0x6a,0x6a,0x6a,
  0x07,0x07,0x07,0x07,0x07,0x07,0x07,0x07,0x19,0x04,0x04,0x04,0x04,0x04,0x04,0x04,
  0x04,0x04,0x04,0x04,0x07,0x07,0x07,0x07,0x04,0x66,0x04,0x04,0x17,0x17,0x03,0x03,
  0xbc,0x06,0xbc,0x46,0xc2,0x00,0xc2,0x46,0x06,0x02,0x02,0x46,0xb9,0xb9,0xb9,0xb9,
  0xbe,0x80,0x18,0x18,0x9f,0x9f,0x7e,0x7e,0x9f,0x9f,0x1f,0x1f,0x07,0x07,0x07,0x07,
  0x07,0x07,0x07,0x07,0x07,0x07,0x07,0x07,0x07,0x07,0x07,0x07,0x3e,0x2f,0x2f,0x32,
  0x07,0x07,0x07,0x07,0x2f,0x2f,0x2f,0x32,0x04,0x04,0x19,0x04,0x9f,0x9f,0x7e,0x7e,
  0xfd,0xd6,0xfd,0x98,0xa4,0x56,0xa4,0x56,0xa4,0x56,0x56,0x56,0xf9,0x79,0x79,0x79,
};
const u16 sonm_tex0_pal[] = {
  0x1800,0x043e,0x2900,0x3842,0x03ff,0x447e,0x4961,0x7fff,0x53fe,0x057e,0x4cdf,0x0032,0x0cf8,0x402b,0x4533,0x469d,
  0x03e0,0x0733,0x4bc1,0x4f32,0x16be,0x4b61,0x44b2,0x4421,0x6073,0x03ff,0x3bfe,0x4847,0x2d23,0x06a9,0x2042,0x412f,
  0x5a2f,0x4fc4,0x3b80,0x3d02,0x4c42,0x37c3,0x307d,0x3b1c,0x2d3e,0x7e9f,0x2465,0x547e,0x7d7e,0x1f13,0x7fe0,0x7fe0,
  0x7fe0,0x53a2,0x7fe3,0x5982,0x18f5,0x7512,0x7af7,0x7e0f,0x094f,0x6d4f,0x58ff,0x2f2b,0x23e4,0x3da7,0x7fee,0x5c6c,
  0x0bd0,0x7fff,0x7fff,0x33c6,0x569d,0x5bfe,0x5667,0x6b14,0x53c8,0x776f,0x4d06,0x07af,0x4fdd,0x5363,0x0192,0x49b4,
  0x4b0d,0x21d1,0x2d48,0x3000,0x4bdd,0x2b1c,0x7c21,0x5802,0x7f5e,0x7614,0x5744,0x491f,0x0c74,0x0009,0x590c,0x2c86,
  0x07d2,0x7c32,0x704e,0x3bbd,0x23f3,0x2b81,0x0b7d,0x615e,0x67d7,0x09d5,0x7c3f,0x6e64,0x2420,0x7fe0,0x7fe0,0x53f3,
  0x7ff2,0x299e,0x0b6d,0x242c,0x687f,0x7e1f,0x063e,0x0bfe,0x5cff,0x368f,0x73bc,0x3da8,0x209d,0x33e6,0x4cd0,0x4cd0,
  0x4c6d,0x79bd,0x1251,0x7538,0x6abe,0x31f3,0x6462,0x7f09,0x4a1e,0x1459,0x2915,0x573e,0x7a19,0x7097,0x4918,0x5859,
  0x7f93,0x7ee9,0x23fe,0x3dc7,0x338b,0x378e,0x2fbd,0x0056,0x4eb7,0x26da,0x6545,0x036c,0x1474,0x207a,0x7bb9,0x404c,
  0x4056,0x6b0d,0x4d8c,0x15ba,0x7c00,0x7c00,0x06ef,0x1cf9,0x0931,0x67ee,0x0d3a,0x0fd7,0x398e,0x12b7,0x658e,0x3923,
  0x53a2,0x2188,0x7fff,0x0976,0x5df7,0x042f,0x6d4c,0x27d9,0x3596,0x7d28,0x01f1,0x77e0,0x3940,0x3313,0x58b0,0x57d8,
  0x6f5e,0x24f9,0x2862,0x5eed,0x5378,0x16cd,0x2dad,0x2e1d,0x5534,0x6aad,0x15f9,0x61fd,0x240f,0x0f57,0x2000,0x1d5e,
  0x6fff,0x5939,0x41ea,0x036c,0x2853,0x3338,0x3a0f,0x23e5,0x1ef7,0x7bdd,0x5744,0x12f1,0x2f7a,0x3637,0x7ac7,0x6dcf,
  0x7bb9,0x1a5a,0x1ed0,0x0cdd,0x34de,0x044e,0x7ff5,0x3d65,0x33fa,0x0231,0x1809,0x21b1,0x13c1,0x4d4e,0x1b9d,0x0539,
  0x59ae,0x471e,0x5877,0x7fe5,0x7f39,0x1a55,0x0877,0x09f8,0x6cfe,0x370f,0x02cc,0x3bc1,0x3eee,0x4a54,0x1df7,0x1679,
};
const u16 sonm_m0_vtx[] = {
  0x01ff,0x1453,0xff5d,0x031c,0x1411,0xfd49,0x01ef,0x1424,0xfdf4,0xfe01,0x1453,0xff5d,0xfe4e,0x14f6,0xfdfd,0xfe11,
  0x1424,0xfdf4,0x017d,0x154c,0xfc73,0x0000,0x15c6,0xfe1e,0x01b2,0x14f6,0xfdfd,0xfe21,0x13f5,0xfc8c,0xfeee,0x11c9,
  0xfc76,0xfe16,0x1363,0xfad2,0x0000,0x10dc,0xf9d6,0xfecc,0x0ea7,0xf8c9,0xfe49,0x0f51,0xfaae,0xfbf4,0x13ab,0xfb5f,
  0xfce4,0x1411,0xfd49,0x0000,0x15b2,0xf8d1,0x013b,0x14a9,0xf8ee,0x0000,0x14a1,0xf61a,0x01df,0x13f5,0xfc8c,0x0000,
  0x15fa,0xfc6f,0x0000,0x15f7,0xfaa5,0x0000,0x0f67,0xf820,0x0134,0x0ea7,0xf8c9,0x0000,0x0d15,0xf6b0,0x0000,0x0d8e,
  0xf932,0x0000,0x11fa,0xfc50,0x0112,0x11c9,0xfc76,0x0000,0x1182,0xfb1e,0x0000,0x0dd3,0xfbc2,0x01b7,0x0f51,0xfaae,
  0x0149,0x10f4,0xfb87,0x0162,0x1524,0xfacc,0xfec5,0x14a9,0xf8ee,0xfe9e,0x1524,0xfacc,0x0000,0x11fa,0xfc50,0x0000,
  0x1256,0xfb9c,0x0112,0x11c9,0xfc76,0x01b7,0x1083,0xfd08,0x019f,0x1450,0xfafc,0x0000,0x153d,0xffa4,0x0128,0x1424,
  0x008a,0x0000,0x135f,0xf954,0x0000,0x147c,0x0113,0xfe61,0x1450,0xfafc,0xfe83,0x154c,0xfc73,0xfeee,0x11c9,0xfc76,
  0xfeb7,0x10f4,0xfb87,0x040c,0x13ab,0xfb5f,0xfe49,0x1083,0xfd08,0x01ea,0x1363,0xfad2,0xfed8,0x1424,0x008a,0x0112,
  0x11c9,0xfc76,0xfd04,0x13bb,0xff0c,0xfc56,0x11d4,0xfedd,0x04b2,0x10e2,0xfa4f,0x0319,0x104b,0xfa56,0x03a1,0x102f,
  0xf8e4,0x04b5,0x1086,0xf8f2,0xfc99,0x128a,0xf8a5,0xfb7a,0x1222,0xf8a5,0xfb97,0x12f5,0xf9cf,0xfce6,0x133d,0xf9d3,
  0x0319,0x104b,0xfa56,0x01d4,0x11a0,0xfaa9,0x025d,0x117f,0xf94c,0x03a1,0x102f,0xf8e4,0xfb4b,0x1086,0xf8f2,0xfc5f,
  0x102f,0xf8e4,0xfce7,0x104b,0xfa56,0xfb4e,0x10e2,0xfa4f,0xfe2c,0x11a0,0xfaa9,0x031a,0x133d,0xf9d3,0x0469,0x12f5,
  0xf9cf,0x0486,0x1222,0xf8a5,0x0367,0x128a,0xf8a5,0xfc5f,0x102f,0xf8e4,0xfba7,0x0fce,0xf66d,0xfda3,0x117f,0xf94c,
  0xfbc5,0x1192,0xfd2d,0xfb7a,0x1222,0xf8a5,0x034a,0x10a6,0xfff2,0x03b9,0x1063,0xfe16,0x03aa,0x11d4,0xfedd,0x03ec,
  0x0f21,0xfe19,0x0175,0x0e01,0x005d,0x00c7,0x0da2,0xfec5,0x02ce,0x0da3,0xfea2,0x0240,0x0e80,0x000d,0x02d9,0x0f36,
  0xfffd,0x0318,0x1264,0x0072,0x0318,0x1264,0x0072,0x03ae,0x14f8,0x01e2,0x023c,0x1380,0x00b5,0x0164,0x13bd,0x01b0,
  0x00b0,0x0db6,0x0049,0x0000,0x0db4,0x0039,0x01b7,0x1083,0xfd08,0x01b7,0x1083,0xfd08,0x0459,0x0fce,0xf66d,0x03ae,
  0x14f8,0x01e2,0x02fc,0x13bb,0xff0c,0x0000,0x1380,0x024a,0x0164,0x13bd,0x01b0,0x0000,0x0d8d,0xfec1,0x043b,0x1192,
  0xfd2d,0xfc47,0x1063,0xfe16,0xfcb6,0x10a6,0xfff2,0xfc14,0x0f21,0xfe19,0xfd32,0x0da3,0xfea2,0xff39,0x0da2,0xfec5,
  0xfe8b,0x0e01,0x005d,0xfd27,0x0f36,0xfffd,0xfdc0,0x0e80,0x000d,0x0219,0x1271,0xfa0f,0xfce8,0x1264,0x0072,0xfdc4,
  0x1380,0x00b5,0xfc52,0x14f8,0x01e2,0xfce8,0x1264,0x0072,0xfde7,0x1271,0xfa0f,0xfe9c,0x13bd,0x01b0,0xff50,0x0db6,
  0x0049,0xfe49,0x1083,0xfd08,0xfce7,0x104b,0xfa56,0xfe49,0x1083,0xfd08,0xfc52,0x14f8,0x01e2,0xfe9c,0x13bd,0x01b0,
  0x0486,0x1222,0xf8a5,0x00f6,0x0db1,0xfdc7,0x0000,0x0da2,0xfdcc,0xff0a,0x0db1,0xfdc7,0x0393,0x1023,0xfd23,0x0224,
  0x0f5b,0xfba6,0x01fc,0x0c5f,0xfb22,0x03c0,0x0bfd,0xfbcb,0x0168,0x0d34,0xfc16,0x038c,0x0cef,0xfd26,0x00f6,0x0db1,
  0xfdc7,0x044f,0x0cfb,0xfab3,0x043f,0x0e03,0xfc54,0x02b7,0x0d2d,0xfa34,0x03eb,0x0f2c,0xfbdc,0x03a1,0x0aa5,0xfa30,
  0x01fc,0x0c5f,0xfb22,0x0168,0x0d34,0xfc16,0x00f6,0x0db1,0xfdc7,0xfc6d,0x1023,0xfd23,0xfddc,0x0f5b,0xfba6,0xfe98,
  0x0d34,0xfc16,0xfc40,0x0bfd,0xfbcb,0xfe04,0x0c5f,0xfb22,0xfc74,0x0cef,0xfd26,0xfbc1,0x0e03,0xfc54,0xfbb1,0x0cfb,
  0xfab3,0xfc15,0x0f2c,0xfbdc,0xfd49,0x0d2d,0xfa34,0xfc5f,0x0aa5,0xfa30,0xfe98,0x0d34,0xfc16,0xfe04,0x0c5f,0xfb22,
  0xff0a,0x0db1,0xfdc7,
};
const u16 sonm_m0_uv[] = {
  0x019d,0x0df1,0x021e,0x0dc4,0x01a4,0x0e1e,0x019d,0x0df1,0x0116,0x0e2a,0x01a4,0x0e1e,0x008f,0x0e62,0x004b,0x0e38,
  0x0116,0x0e2a,0x01ac,0x0e4c,0x01e9,0x0e89,0x0277,0x0e0e,0x014a,0x099c,0x0089,0x08cb,0x00c8,0x09fc,0x026f,0x0db7,
  0x021e,0x0dc4,0x004b,0x0f00,0x00d5,0x0eee,0x004b,0x0fab,0x01ac,0x0e4c,0x004b,0x0e66,0x004b,0x0eb3,0x00f5,0x089b,
  0x0089,0x08cb,0x0054,0x0826,0x0062,0x0924,0x016d,0x0a6f,0x0146,0x0ab2,0x015b,0x0a05,0x0062,0x09c0,0x00c8,0x09fc,
  0x0110,0x0a51,0x00b2,0x0ea8,0x00d5,0x0eee,0x00b2,0x0ea8,0x01e2,0x0e90,0x01d8,0x0ebc,0x01e9,0x0e89,0x0129,0x0ae9,
  0x0140,0x0e9d,0x004b,0x0e0a,0x0150,0x0dcf,0x01bf,0x0f28,0x004b,0x0dcf,0x0140,0x0e9d,0x008f,0x0e62,0x0146,0x0ab2,
  0x0110,0x0a51,0x026f,0x0db7,0x0129,0x0ae9,0x0277,0x0e0e,0x0150,0x0dcf,0x01e9,0x0e89,0x01fc,0x0db2,0x01f0,0x0d22,
  0x02d6,0x0d88,0x02ff,0x0cc9,0x0346,0x0d37,0x031e,0x0dc7,0x02fc,0x0e2d,0x031c,0x0de2,0x02d2,0x0dc5,0x02b3,0x0e10,
  0x02af,0x0ea4,0x0267,0x0e78,0x02ac,0x0e67,0x02fd,0x0e8f,0x031e,0x0dc7,0x0346,0x0d37,0x02ff,0x0cc9,0x02d6,0x0d88,
  0x0267,0x0e78,0x02b3,0x0e10,0x02d2,0x0dc5,0x031c,0x0de2,0x02fc,0x0e2d,0x02fd,0x0e8f,0x03aa,0x0e4a,0x02ac,0x0e67,
  0x0244,0x0d18,0x031c,0x0de2,0x0176,0x0cd2,0x0204,0x0cb7,0x01f0,0x0d22,0x019d,0x0c40,0x00db,0x0c1e,0x00a0,0x0bc2,
  0x0159,0x0bf4,0x0111,0x0c31,0x0149,0x0c45,0x017d,0x0d60,0x04ee,0x08f6,0x0498,0x09fc,0x053b,0x0957,0x0587,0x09b7,
  0x008f,0x0bff,0x0041,0x0bf5,0x0259,0x0e98,0x024e,0x0c7e,0x03aa,0x0e4a,0x0159,0x0da7,0x01fc,0x0db2,0x004b,0x0d96,
  0x00ef,0x0d94,0x0041,0x0bb7,0x0244,0x0d18,0x0204,0x0cb7,0x0176,0x0cd2,0x019d,0x0c40,0x0159,0x0bf4,0x00a0,0x0bc2,
  0x00db,0x0c1e,0x0149,0x0c45,0x0111,0x0c31,0x0292,0x0e3a,0x017d,0x0d60,0x053b,0x0957,0x0498,0x09fc,0x04ee,0x08f6,
  0x0292,0x0e3a,0x0587,0x09b7,0x008f,0x0bff,0x0259,0x0e98,0x02af,0x0ea4,0x024e,0x0c7e,0x0159,0x0da7,0x00ef,0x0d94,
  0x031c,0x0de2,0x00e0,0x0b88,0x0041,0x0a6c,0x00e0,0x0b88,0x023e,0x0c57,0x0263,0x0bc3,0x01bc,0x0a8e,0x021d,0x0ade,
  0x015c,0x0afb,0x01c8,0x0b57,0x00e0,0x0b88,0x0285,0x0b28,0x022b,0x0b95,0x029c,0x0b6b,0x0238,0x0ba4,0x0306,0x0a3c,
  0x02f0,0x0b89,0x02b4,0x0be4,0x0268,0x0c59,0x023e,0x0c57,0x0263,0x0bc3,0x015c,0x0afb,0x021d,0x0ade,0x01bc,0x0a8e,
  0x01c8,0x0b57,0x022b,0x0b95,0x0285,0x0b28,0x0238,0x0ba4,0x029c,0x0b6b,0x0306,0x0a3c,0x02b4,0x0be4,0x02f0,0x0b89,
  0x0268,0x0c59,
};
const u16 sonm_m0_col[] = {
  0x7fff,0x7fff,0x7fff,0x7fff,0x7fff,0x7fff,0x7fff,0x7fff,0x7fff,0x7fff,0x7fff,0x7fff,0x7fff,0x7fff,0x7fff,0x7fff,
  0x7fff,0x7fff,0x7fff,0x7fff,0x7fff,0x7fff,0x7fff,0x7fff,0x7fff,0x7fff,0x7fff,0x7fff,0x7fff,0x7fff,0x7fff,0x7fff,
  0x7fff,0x7fff,0x7fff,0x7fff,0x7fff,0x7fff,0x7fff,0x7fff,0x7fff,0x7fff,0x7fff,0x7fff,0x7fff,0x7fff,0x7fff,0x7fff,
  0x7fff,0x7fff,0x7fff,0x7fff,0x7fff,0x7fff,0x7fff,0x7fff,0x7fff,0x7fff,0x7fff,0x7fff,0x7fff,0x7fff,0x7fff,0x7fff,
  0x7fff,0x7fff,0x7fff,0x7fff,0x7fff,0x7fff,0x7fff,0x7fff,0x7fff,0x7fff,0x7fff,0x7fff,0x7fff,0x7fff,0x7fff,0x7fff,
  0x7fff,0x7fff,0x7fff,0x7fff,0x7fff,0x7fff,0x7fff,0x7fff,0x7fff,0x7fff,0x7fff,0x7fff,0x7fff,0x7fff,0x7fff,0x7fff,
  0x7fff,0x7fff,0x7fff,0x7fff,0x7fff,0x7fff,0x7fff,0x7fff,0x7fff,0x7fff,0x7fff,0x7fff,0x7fff,0x7fff,0x7fff,0x7fff,
  0x7fff,0x7fff,0x7fff,0x7fff,0x7fff,0x7fff,0x7fff,0x7fff,0x7fff,0x7fff,0x7fff,0x7fff,0x7fff,0x7fff,0x7fff,0x7fff,
  0x7fff,0x7fff,0x7fff,0x7fff,0x7fff,0x7fff,0x7fff,0x7fff,0x7fff,0x7fff,0x7fff,0x7fff,0x7fff,0x7fff,0x7fff,0x7fff,
  0x7fff,0x7fff,0x7fff,0x7fff,0x7fff,0x7fff,0x7fff,0x7fff,0x7fff,0x7fff,0x7fff,0x7fff,0x7fff,0x7fff,0x7fff,0x7fff,
  0x7fff,
};
const u16 sonm_m0_idx[] = {
  0x0000,0x0001,0x0002,0x0000,0x0002,0x0008,0x0000,0x0008,0x0029,0x0000,0x0029,0x002a,0x0000,0x002a,0x0065,0x0065,
  0x0066,0x0000,0x0065,0x005b,0x0066,0x0066,0x005b,0x0054,0x0066,0x0054,0x0001,0x0066,0x0001,0x0000,0x0014,0x0002,
  0x0001,0x0006,0x0002,0x0014,0x0014,0x0021,0x0006,0x0014,0x0028,0x0021,0x0014,0x0026,0x0028,0x0026,0x0025,0x0028,
  0x0024,0x0025,0x0026,0x000a,0x0025,0x0024,0x000a,0x002d,0x0025,0x000a,0x0009,0x002d,0x0009,0x000a,0x000b,0x000b,
  0x000f,0x0009,0x003f,0x000f,0x000b,0x000f,0x003f,0x003e,0x000f,0x003e,0x0050,0x0037,0x000f,0x0050,0x000f,0x0037,
  0x0010,0x000f,0x0010,0x0009,0x0009,0x0010,0x0005,0x0009,0x0005,0x0004,0x0009,0x0004,0x002e,0x002e,0x002d,0x0009,
  0x002e,0x0023,0x002d,0x002e,0x0016,0x0023,0x002e,0x0015,0x0016,0x002e,0x0007,0x0015,0x002e,0x0004,0x0007,0x0007,
  0x0004,0x0029,0x0007,0x0029,0x0008,0x0006,0x0007,0x0008,0x0015,0x0007,0x0006,0x0015,0x0006,0x0016,0x0006,0x0021,
  0x0016,0x0012,0x0016,0x0021,0x0012,0x0011,0x0016,0x0011,0x0012,0x0013,0x0013,0x0022,0x0011,0x002b,0x0022,0x0013,
  0x0013,0x0012,0x002b,0x0012,0x0025,0x002b,0x0028,0x0025,0x0012,0x0012,0x0021,0x0028,0x0003,0x0004,0x0005,0x0003,
  0x0005,0x0010,0x0003,0x0010,0x0036,0x0003,0x0036,0x007e,0x007e,0x0034,0x0003,0x0034,0x007e,0x007f,0x002c,0x0034,
  0x007f,0x0029,0x0034,0x002c,0x002c,0x002a,0x0029,0x0068,0x002a,0x002c,0x0067,0x0068,0x002c,0x002c,0x007f,0x0067,
  0x000c,0x000d,0x000e,0x000e,0x0030,0x000c,0x000e,0x0032,0x0030,0x0032,0x000e,0x0083,0x001e,0x0083,0x000e,0x000e,
  0x000d,0x001e,0x001e,0x000d,0x001a,0x001a,0x0018,0x001e,0x0018,0x001a,0x0019,0x0017,0x0018,0x0019,0x0017,0x000c,
  0x0018,0x000d,0x000c,0x0017,0x0019,0x000d,0x0017,0x0019,0x001a,0x000d,0x001b,0x001c,0x001d,0x001d,0x002f,0x001b,
  0x0030,0x002f,0x001d,0x0030,0x0032,0x002f,0x000c,0x0030,0x001d,0x001d,0x0020,0x000c,0x001d,0x001c,0x0020,0x001c,
  0x0027,0x0020,0x0020,0x0027,0x001f,0x000c,0x0020,0x001f,0x001f,0x0018,0x000c,0x001e,0x0018,0x001f,0x001f,0x0081,
  0x001e,0x0081,0x001f,0x0027,0x0082,0x001e,0x0081,0x0083,0x001e,0x0082,0x0083,0x0082,0x0069,0x0083,0x0069,0x006f,
  0x0083,0x006f,0x006e,0x0098,0x0083,0x006e,0x0083,0x0098,0x0095,0x0096,0x0095,0x0098,0x0095,0x0096,0x0097,0x0096,
  0x009d,0x0097,0x009d,0x0096,0x009a,0x009c,0x009d,0x009a,0x009b,0x009c,0x009a,0x009c,0x009b,0x0094,0x0094,0x009f,
  0x009c,0x0094,0x009e,0x009f,0x009e,0x0094,0x00a0,0x00a0,0x0094,0x007d,0x0094,0x0093,0x007d,0x009b,0x0093,0x0094,
  0x006d,0x0093,0x009b,0x0093,0x006d,0x006b,0x0093,0x006b,0x0050,0x007d,0x0093,0x0050,0x0047,0x007d,0x0050,0x0047,
  0x0050,0x003e,0x0047,0x003e,0x0051,0x0047,0x0051,0x0044,0x0044,0x0046,0x0047,0x0044,0x0045,0x0046,0x0045,0x0044,
  0x004e,0x004e,0x0044,0x0051,0x004d,0x004e,0x004f,0x004d,0x004f,0x0048,0x004d,0x0048,0x007c,0x0048,0x007b,0x007c,
  0x007b,0x0048,0x000a,0x000b,0x000a,0x0048,0x000b,0x0048,0x0078,0x000b,0x0078,0x003f,0x003f,0x0078,0x004f,0x003f,
  0x004f,0x003c,0x003c,0x003e,0x003f,0x003c,0x003d,0x003e,0x003c,0x004e,0x003d,0x004f,0x004e,0x003c,0x004f,0x0078,
  0x0048,0x0011,0x0022,0x0023,0x0011,0x0023,0x0016,0x0022,0x002d,0x0023,0x0022,0x0025,0x002d,0x002b,0x0025,0x0022,
  0x0006,0x0008,0x0002,0x0014,0x0001,0x0031,0x0014,0x0031,0x0033,0x0033,0x0035,0x0014,0x0041,0x0035,0x0033,0x0035,
  0x0041,0x0062,0x0040,0x0062,0x0041,0x0040,0x0041,0x0042,0x0040,0x0042,0x0043,0x0042,0x0064,0x0043,0x004c,0x0064,
  0x0042,0x004b,0x0064,0x004c,0x0049,0x004b,0x004c,0x0049,0x004a,0x004b,0x0049,0x0031,0x004a,0x0033,0x0031,0x0049,
  0x0033,0x0049,0x0073,0x0033,0x0073,0x0041,0x0042,0x0041,0x0073,0x004c,0x0042,0x0073,0x004c,0x0073,0x0049,0x0034,
  0x0029,0x0003,0x0029,0x0004,0x0003,0x0036,0x0010,0x0037,0x0037,0x0074,0x0036,0x006c,0x0074,0x0037,0x0037,0x006b,
  0x006c,0x0050,0x006b,0x0037,0x006c,0x006b,0x006d,0x006d,0x0071,0x006c,0x006e,0x0071,0x006d,0x0071,0x006e,0x0072,
  0x0072,0x006e,0x0070,0x006e,0x006f,0x0070,0x0070,0x006f,0x007a,0x006f,0x0061,0x007a,0x0061,0x006f,0x0069,0x0069,
  0x0057,0x0061,0x0057,0x0069,0x0082,0x0057,0x0082,0x0081,0x0056,0x0057,0x0058,0x0056,0x0058,0x0059,0x0059,0x0058,
  0x005a,0x0055,0x005a,0x0058,0x0052,0x005a,0x0055,0x0055,0x0053,0x0052,0x0053,0x0055,0x0084,0x006a,0x0053,0x0084,
  0x0054,0x0053,0x006a,0x0052,0x0053,0x0054,0x0054,0x005b,0x0052,0x0031,0x0001,0x0054,0x006a,0x0031,0x0054,0x006a,
  0x004a,0x0031,0x006a,0x0038,0x004a,0x006a,0x0063,0x0038,0x006a,0x0084,0x0063,0x0063,0x0084,0x0085,0x0063,0x0085,
  0x0092,0x0092,0x0085,0x0091,0x0090,0x0091,0x0085,0x008d,0x0090,0x0085,0x0085,0x008e,0x008d,0x0085,0x0084,0x008e,
  0x008e,0x0084,0x0055,0x0055,0x008c,0x008e,0x0055,0x0089,0x008c,0x0058,0x0089,0x0055,0x0058,0x008a,0x0089,0x0058,
  0x0057,0x008a,0x0060,0x0061,0x0057,0x0060,0x0057,0x0056,0x0038,0x0039,0x003a,0x0038,0x003a,0x003b,0x003b,0x004a,
  0x0038,0x003b,0x0080,0x004a,0x0080,0x003b,0x0064,0x0064,0x003b,0x003a,0x005c,0x005d,0x005e,0x005e,0x005d,0x005f,
  0x0039,0x0038,0x0063,0x0068,0x0065,0x002a,0x0075,0x0076,0x0077,0x0079,0x0076,0x0075,0x007d,0x0047,0x0046,0x0036,
  0x0074,0x007e,0x0086,0x0087,0x0088,0x0086,0x008f,0x0087,0x008b,0x0087,0x008f,0x008b,0x008c,0x0087,0x008e,0x008c,
  0x008b,0x008b,0x008d,0x008e,0x008b,0x008f,0x008d,0x008d,0x008f,0x0090,0x0088,0x0089,0x008a,0x0089,0x0088,0x0087,
  0x0087,0x008c,0x0089,0x0096,0x0099,0x009a,0x0098,0x0099,0x0096,0x0099,0x0098,0x006d,0x009b,0x0099,0x006d,0x009a,
  0x0099,0x009b,0x006d,0x0098,0x006e,0x009f,0x009d,0x009c,
};
const u16 sonm_m1_vtx[] = {
  0xfe4d,0x04ca,0x0233,0xff8a,0x0571,0x02a1,0xfe9c,0x0603,0x01b0,0xff28,0x0468,0x0313,0x0000,0x0498,0x0324,0x0000,
  0x05c5,0x024a,0xfda9,0x0114,0x00bf,0xfdc7,0x0167,0x011f,0xfde9,0x00a9,0x0081,0xfdc0,0x00c5,0x000d,0xfe8b,0x0046,
  0x005d,0xfd27,0x017c,0xfffd,0xfdd0,0x01c6,0x0142,0xfd97,0x0239,0x0139,0xfda4,0x01c7,0x0139,0xfe17,0x0166,0x0178,
  0xfd2c,0x02b8,0x010f,0xfcb6,0x02ec,0xfff2,0xfd72,0x02bc,0x012a,0xfd74,0x0381,0x0149,0xfd3c,0x03c5,0x0154,0xfda0,
  0x03e0,0x0176,0xfd0c,0x03a6,0x011a,0xfce8,0x04a9,0x0072,0xfd10,0x0403,0x0134,0xfdc4,0x05c5,0x00b5,0xfd5a,0x0489,
  0x0196,0xff74,0x01fe,0x02b8,0xffcd,0x01cc,0x031b,0xff88,0x0258,0x0352,0xfe20,0x04a2,0x0263,0xfe88,0x047a,0x02c4,
  0xff18,0x02a9,0x02cf,0xfef3,0x0351,0x0348,0xff31,0x035f,0x0358,0xffd8,0x027c,0x035e,0x0000,0x0389,0x0370,0xfedb,
  0x0402,0x0324,0xff00,0x03bc,0x0346,0xfeb2,0x03c8,0x0325,0xfe7d,0x041d,0x02ee,0xfe00,0x045e,0x027c,0xfde4,0x0423,
  0x01cc,0xfe57,0x0403,0x0245,0xfd60,0x045f,0x01cc,0xfeaf,0x03b1,0x0295,0x0000,0x0255,0x0335,0x0000,0x01d8,0x0312,
  0x0000,0x01b7,0x02bb,0xfec6,0x0386,0x02b0,0x0028,0x027c,0x035e,0x00cf,0x035f,0x0358,0x0078,0x0258,0x0352,0x00e8,
  0x02a9,0x02cf,0x010d,0x0351,0x0348,0x013a,0x0386,0x02b0,0x0033,0x01cc,0x031b,0x008c,0x01fe,0x02b8,0x014e,0x03c8,
  0x0325,0x0151,0x03b1,0x0295,0x01a9,0x0403,0x0245,0x0183,0x041d,0x02ee,0x0200,0x045e,0x027c,0x01e0,0x04a2,0x0263,
  0x0178,0x047a,0x02c4,0x02a6,0x0489,0x0196,0x02a0,0x045f,0x01cc,0x021c,0x0423,0x01cc,0x0260,0x03e0,0x0176,0x02c4,
  0x03c5,0x0154,0x02f0,0x0403,0x0134,0x0125,0x0402,0x0324,0x0100,0x03bc,0x0346,0x00d8,0x0468,0x0313,0x01b3,0x04ca,
  0x0233,0x023c,0x05c5,0x00b5,0x0164,0x0603,0x01b0,0x0076,0x0571,0x02a1,0x0318,0x04a9,0x0072,0x02f4,0x03a6,0x011a,
  0x034a,0x02ec,0xfff2,0x02d4,0x02b8,0x010f,0x028c,0x0381,0x0149,0x028e,0x02bc,0x012a,0x0269,0x0239,0x0139,0x025c,
  0x01c7,0x0139,0x02d9,0x017c,0xfffd,0x0239,0x0167,0x011f,0x01e9,0x0166,0x0178,0x0230,0x01c6,0x0142,0x0240,0x00c5,
  0x000d,0x0217,0x00a9,0x0081,0x0175,0x0046,0x005d,0x0257,0x0114,0x00bf,
};
const u16 sonm_m1_uv[] = {
  0x0088,0x0d76,0x005c,0x0d86,0x00cd,0x0d9c,0x0073,0x0d5b,0x003b,0x0d66,0x003b,0x0d9d,0x00cc,0x0c72,0x00d3,0x0c82,
  0x00c2,0x0c5f,0x00eb,0x0c60,0x00bb,0x0c4f,0x011d,0x0c71,0x00c4,0x0c99,0x00d7,0x0cb2,0x00dd,0x0c99,0x00a6,0x0c88,
  0x0117,0x0ce8,0x0145,0x0cef,0x00eb,0x0ccb,0x00fe,0x0cf4,0x011a,0x0d1e,0x00f7,0x0d13,0x0129,0x0d14,0x014b,0x0d6d,
  0x0124,0x0d27,0x00e5,0x0d81,0x00fc,0x0d40,0x0052,0x0cfa,0x0042,0x0d06,0x0050,0x0d1d,0x00be,0x0d49,0x009a,0x0d52,
  0x0068,0x0cfe,0x008a,0x0d24,0x0078,0x0d2b,0x0045,0x0d24,0x003b,0x0d41,0x009c,0x0d3f,0x0081,0x0d3a,0x00b3,0x0d30,
  0x00c1,0x0d33,0x00d4,0x0d36,0x00de,0x0d1f,0x00bf,0x0d1c,0x00ff,0x0d37,0x00aa,0x0d16,0x003b,0x0d2b,0x003b,0x0d07,
  0x0040,0x0cf8,0x008c,0x0d0c,0x0045,0x0d24,0x0078,0x0d2b,0x0050,0x0d1d,0x0068,0x0cfe,0x008a,0x0d24,0x008c,0x0d0c,
  0x0042,0x0d06,0x0052,0x0cfa,0x00b3,0x0d30,0x00aa,0x0d16,0x00bf,0x0d1c,0x00c1,0x0d33,0x00d4,0x0d36,0x00be,0x0d49,
  0x009a,0x0d52,0x00fc,0x0d40,0x00ff,0x0d37,0x00de,0x0d1f,0x00f7,0x0d13,0x011a,0x0d1e,0x0124,0x0d27,0x009c,0x0d3f,
  0x0081,0x0d3a,0x0073,0x0d5b,0x0088,0x0d76,0x00e5,0x0d81,0x00cd,0x0d9c,0x005c,0x0d86,0x014b,0x0d6d,0x0129,0x0d14,
  0x0145,0x0cef,0x0117,0x0ce8,0x00fe,0x0cf4,0x00eb,0x0ccb,0x00d7,0x0cb2,0x00dd,0x0c99,0x011d,0x0c71,0x00d3,0x0c82,
  0x00a6,0x0c88,0x00c4,0x0c99,0x00eb,0x0c60,0x00c2,0x0c5f,0x00bb,0x0c4f,0x00cc,0x0c72,
};
const u16 sonm_m1_col[] = {
  0x7fff,0x7fff,0x7fff,0x7fff,0x7fff,0x7fff,0x7fff,0x7fff,0x7fff,0x7fff,0x7fff,0x7fff,0x7fff,0x7fff,0x7fff,0x7fff,
  0x7fff,0x7fff,0x7fff,0x7fff,0x7fff,0x7fff,0x7fff,0x7fff,0x7fff,0x7fff,0x7fff,0x7fff,0x7fff,0x7fff,0x7fff,0x7fff,
  0x7fff,0x7fff,0x7fff,0x7fff,0x7fff,0x7fff,0x7fff,0x7fff,0x7fff,0x7fff,0x7fff,0x7fff,0x7fff,0x7fff,0x7fff,0x7fff,
  0x7fff,0x7fff,0x7fff,0x7fff,0x7fff,0x7fff,0x7fff,0x7fff,0x7fff,0x7fff,0x7fff,0x7fff,0x7fff,0x7fff,0x7fff,0x7fff,
  0x7fff,0x7fff,0x7fff,0x7fff,0x7fff,0x7fff,0x7fff,0x7fff,0x7fff,0x7fff,0x7fff,0x7fff,0x7fff,0x7fff,0x7fff,0x7fff,
  0x7fff,0x7fff,0x7fff,0x7fff,0x7fff,0x7fff,0x7fff,0x7fff,0x7fff,0x7fff,0x7fff,0x7fff,0x7fff,0x7fff,
};
const u16 sonm_m1_idx[] = {
  0x0000,0x0001,0x0002,0x0000,0x0003,0x0001,0x0000,0x001f,0x0003,0x001e,0x001f,0x0000,0x0000,0x001a,0x001e,0x0019,
  0x001a,0x0000,0x0019,0x0017,0x001a,0x0017,0x0018,0x001a,0x0017,0x0016,0x0018,0x0017,0x0011,0x0016,0x0011,0x0010,
  0x0016,0x0010,0x0011,0x000b,0x000e,0x0010,0x000b,0x000b,0x0007,0x000e,0x0007,0x000b,0x0009,0x0008,0x0007,0x0009,
  0x0006,0x0007,0x0008,0x000f,0x000e,0x0007,0x000e,0x000f,0x000c,0x000c,0x000d,0x000e,0x000e,0x000d,0x0010,0x0012,
  0x0010,0x000d,0x0010,0x0012,0x0013,0x0013,0x0014,0x0010,0x0014,0x0013,0x0015,0x0015,0x002c,0x0014,0x002c,0x0015,
  0x002a,0x002c,0x002a,0x0029,0x002c,0x0029,0x001e,0x002c,0x001e,0x001a,0x002c,0x001a,0x0018,0x002c,0x0018,0x0014,
  0x0014,0x0018,0x0016,0x0014,0x0016,0x0010,0x0001,0x0003,0x0004,0x0005,0x0001,0x0004,0x0002,0x0001,0x0005,0x0000,
  0x0002,0x0019,0x0008,0x0009,0x000a,0x001b,0x001c,0x001d,0x0020,0x001b,0x001d,0x001d,0x0021,0x0020,0x0021,0x001d,
  0x0022,0x0021,0x0022,0x0026,0x0021,0x0026,0x0027,0x0027,0x0031,0x0021,0x0027,0x002d,0x0031,0x002d,0x0027,0x0028,
  0x002d,0x0028,0x002b,0x0029,0x002b,0x0028,0x0029,0x002a,0x002b,0x0029,0x0028,0x001f,0x0029,0x001f,0x001e,0x0003,
  0x001f,0x0025,0x0003,0x0025,0x0026,0x0003,0x0026,0x0024,0x0003,0x0024,0x0004,0x0004,0x0024,0x0049,0x0004,0x0049,
  0x004d,0x0004,0x004d,0x0005,0x0005,0x004d,0x004c,0x004c,0x004d,0x004a,0x004b,0x004c,0x004a,0x004a,0x0041,0x004b,
  0x003f,0x0041,0x004a,0x0041,0x003f,0x003e,0x0041,0x003e,0x0042,0x0045,0x0041,0x0042,0x0045,0x0042,0x0044,0x0044,
  0x0052,0x0045,0x0051,0x0045,0x0052,0x0051,0x004f,0x0045,0x004f,0x0051,0x0050,0x0046,0x004f,0x0050,0x004f,0x0046,
  0x0045,0x0045,0x0046,0x0041,0x0041,0x0046,0x004e,0x0041,0x004e,0x004b,0x0046,0x0050,0x004e,0x0056,0x0050,0x0051,
  0x0056,0x0051,0x0055,0x0055,0x0057,0x0056,0x0057,0x0055,0x0058,0x0059,0x0058,0x0055,0x0055,0x0054,0x0059,0x0051,
  0x0054,0x0055,0x0054,0x0051,0x0053,0x0052,0x0053,0x0051,0x001d,0x0023,0x0022,0x002f,0x0023,0x001d,0x002e,0x0023,
  0x002f,0x0024,0x0023,0x002e,0x0022,0x0023,0x0024,0x0024,0x0026,0x0022,0x0024,0x0032,0x0033,0x002e,0x0032,0x0024,
  0x002f,0x0032,0x002e,0x0034,0x0032,0x002f,0x0038,0x0034,0x002f,0x0030,0x0038,0x002f,0x002f,0x001c,0x0030,0x002f,
  0x001d,0x001c,0x001b,0x0030,0x001c,0x0038,0x0030,0x0039,0x0034,0x0038,0x0039,0x0034,0x0039,0x0035,0x0035,0x0036,
  0x0034,0x0037,0x0036,0x0035,0x0036,0x0037,0x003a,0x003a,0x0048,0x0036,0x0047,0x0048,0x003a,0x003d,0x0047,0x003a,
  0x003c,0x003d,0x003a,0x003c,0x003a,0x003b,0x0037,0x003b,0x003a,0x0027,0x0026,0x0025,0x0027,0x0025,0x001f,0x0027,
  0x001f,0x0028,0x0020,0x0021,0x0031,0x003d,0x003c,0x003e,0x003f,0x003d,0x003e,0x003f,0x0040,0x003d,0x004a,0x0040,
  0x003f,0x0049,0x0040,0x004a,0x0047,0x0040,0x0049,0x003d,0x0040,0x0047,0x0048,0x0047,0x0049,0x0024,0x0048,0x0049,
  0x0033,0x0048,0x0024,0x0048,0x0033,0x0036,0x0033,0x0034,0x0036,0x0033,0x0032,0x0034,0x003e,0x0043,0x0042,0x003c,
  0x0043,0x003e,0x0043,0x0044,0x0042,0x005a,0x0056,0x0057,0x005a,0x0057,0x005b,0x005c,0x005a,0x005b,0x005b,0x0057,
  0x005d,0x004d,0x0049,0x004a,
};
const u16 sonm_m2_vtx[] = {
  0xfde9,0x00a9,0x0081,0xfdf7,0x00a8,0x0130,0xfda9,0x0114,0x00bf,0xffc0,0x014f,0x030a,0xffd2,0x010d,0x030a,0x0000,
  0x014e,0x0310,0xfd9c,0x015b,0x0121,0xfdc7,0x0167,0x011f,0xfdd5,0x00ff,0x0193,0x0000,0x0107,0x03f9,0x0000,0x0180,
  0x044a,0xffb0,0x0132,0x03ec,0x0000,0x018f,0x03de,0x0000,0x00f1,0x031c,0xffd2,0x010d,0x030a,0x0000,0x014e,0x0310,
  0xff50,0xfffc,0x0049,0x0000,0xfffa,0x0039,0x0000,0xffe0,0x00f9,0xfdd9,0x0158,0x01d1,0xfe8c,0x00b7,0x0232,0xfeb0,
  0x0040,0x017f,0xff42,0x0068,0x0269,0xfe8b,0x0046,0x005d,0xff91,0x0003,0x01a6,0x0000,0x0000,0x01ae,0x0000,0x0044,
  0x0265,0xff67,0x00cf,0x02dc,0xfead,0x012b,0x026f,0x0000,0x00f1,0x031c,0xfe17,0x0166,0x0178,0xfe3a,0x0162,0x01a3,
  0xfea3,0x013f,0x0202,0xff2f,0x0135,0x025e,0x0000,0x015e,0x02aa,0x00b0,0xfffc,0x0049,0x002e,0x010d,0x030a,0x0050,
  0x0132,0x03ec,0x0257,0x0114,0x00bf,0x0239,0x0167,0x011f,0x0264,0x015b,0x0121,0x002e,0x010d,0x030a,0x0040,0x014f,
  0x030a,0x0209,0x00a8,0x0130,0x0217,0x00a9,0x0081,0x022b,0x00ff,0x0193,0x0227,0x0158,0x01d1,0x0174,0x00b7,0x0232,
  0x00be,0x0068,0x0269,0x0150,0x0040,0x017f,0x0175,0x0046,0x005d,0x006f,0x0003,0x01a6,0x0099,0x00cf,0x02dc,0x0153,
  0x012b,0x026f,0x01e9,0x0166,0x0178,0x01c6,0x0162,0x01a3,0x015d,0x013f,0x0202,0x00d1,0x0135,0x025e,
};
const u16 sonm_m2_uv[] = {
  0x0083,0x036d,0x00c7,0x042a,0x0045,0x03fb,0x0227,0x054e,0x0280,0x0551,0x02aa,0x0597,0x007d,0x04c0,0x0062,0x04c3,
  0x00bf,0x04b4,0x0377,0x0f4c,0x0349,0x0f68,0x0375,0x0f4c,0x036f,0x0f77,0x0400,0x0f5b,0x0400,0x0f5b,0x0401,0x0f6b,
  0x01ca,0x0335,0x02ac,0x0332,0x02ac,0x0344,0x0109,0x05b5,0x0149,0x0480,0x0185,0x03d3,0x01f4,0x0434,0x0138,0x0344,
  0x01e3,0x039b,0x02aa,0x0397,0x02aa,0x0421,0x024a,0x04f4,0x017d,0x05ad,0x02aa,0x0519,0x008a,0x055f,0x0103,0x05d9,
  0x018f,0x05c9,0x022e,0x0578,0x02aa,0x05b9,0x0382,0x0339,0x0400,0x0f5b,0x0375,0x0f4c,0x050a,0x03fb,0x04ed,0x04c3,
  0x04d2,0x04c0,0x02ce,0x0551,0x0327,0x054e,0x0488,0x042a,0x04cc,0x036d,0x0490,0x04b4,0x0446,0x05b5,0x0406,0x0480,
  0x035b,0x0434,0x03ca,0x03d3,0x0417,0x0344,0x036c,0x039b,0x0305,0x04f4,0x03d2,0x05ad,0x04c5,0x055f,0x044c,0x05d9,
  0x03bf,0x05c9,0x0320,0x0578,
};
const u16 sonm_m2_col[] = {
  0x7fff,0x7fff,0x7fff,0x7fff,0x7fff,0x7fff,0x7fff,0x7fff,0x7fff,0x7fff,0x7fff,0x7fff,0x7fff,0x7fff,0x7fff,0x7fff,
  0x7fff,0x7fff,0x7fff,0x7fff,0x7fff,0x7fff,0x7fff,0x7fff,0x7fff,0x7fff,0x7fff,0x7fff,0x7fff,0x7fff,0x7fff,0x7fff,
  0x7fff,0x7fff,0x7fff,0x7fff,0x7fff,0x7fff,0x7fff,0x7fff,0x7fff,0x7fff,0x7fff,0x7fff,0x7fff,0x7fff,0x7fff,0x7fff,
  0x7fff,0x7fff,0x7fff,0x7fff,0x7fff,0x7fff,0x7fff,0x7fff,0x7fff,0x7fff,
};
const u16 sonm_m2_idx[] = {
  0x0000,0x0001,0x0002,0x0001,0x0000,0x0017,0x0001,0x0017,0x0015,0x0001,0x0015,0x0014,0x0014,0x0008,0x0001,0x0008,
  0x0014,0x0013,0x0008,0x0013,0x0006,0x0002,0x0008,0x0006,0x0006,0x0007,0x0002,0x0013,0x0007,0x0006,0x0013,0x001e,
  0x0007,0x0013,0x001f,0x001e,0x0020,0x001f,0x0013,0x001c,0x0020,0x0013,0x0013,0x0014,0x001c,0x001c,0x0014,0x001b,
  0x001b,0x0003,0x001c,0x001b,0x0004,0x0003,0x0004,0x001b,0x001d,0x001b,0x001a,0x001d,0x0016,0x001a,0x001b,0x0014,
  0x0016,0x001b,0x0014,0x0015,0x0016,0x0018,0x0016,0x0015,0x0010,0x0018,0x0015,0x0015,0x0017,0x0010,0x0010,0x0011,
  0x0012,0x0012,0x0018,0x0010,0x0018,0x0012,0x0019,0x0018,0x0019,0x001a,0x0016,0x0018,0x001a,0x0034,0x001a,0x0030,
  0x0034,0x0030,0x002f,0x0034,0x002f,0x0035,0x0035,0x002a,0x0034,0x0039,0x002a,0x0035,0x0039,0x0035,0x0038,0x002e,
  0x0038,0x0035,0x002e,0x0037,0x0038,0x0036,0x0037,0x002e,0x0028,0x0036,0x002e,0x0028,0x002e,0x002d,0x0028,0x002d,
  0x0026,0x0026,0x0027,0x0028,0x0028,0x0027,0x0036,0x0003,0x0004,0x0005,0x0005,0x0022,0x0003,0x002a,0x0022,0x0005,
  0x0005,0x0029,0x002a,0x002a,0x0029,0x0034,0x001d,0x0034,0x0029,0x001d,0x001a,0x0034,0x001a,0x0033,0x0030,0x001a,
  0x0019,0x0033,0x0019,0x0012,0x0033,0x0023,0x0033,0x0012,0x0012,0x0011,0x0023,0x0023,0x0032,0x0031,0x0031,0x0033,
  0x0023,0x0031,0x0030,0x0033,0x0030,0x0031,0x002f,0x002f,0x0031,0x002b,0x002b,0x002d,0x002f,0x0026,0x002d,0x002b,
  0x0026,0x002b,0x002c,0x0032,0x002c,0x002b,0x0031,0x0032,0x002b,0x0001,0x0008,0x0002,0x0009,0x000a,0x000b,0x000d,
  0x0009,0x000b,0x000d,0x000b,0x000e,0x000b,0x000f,0x000e,0x000c,0x000f,0x000b,0x000b,0x000a,0x000c,0x000c,0x000a,
  0x0025,0x0025,0x000f,0x000c,0x0024,0x000f,0x0025,0x0024,0x0025,0x0009,0x0024,0x0009,0x000d,0x0025,0x000a,0x0009,
  0x0020,0x001c,0x0021,0x001c,0x0003,0x0021,0x0021,0x0003,0x0022,0x0022,0x002a,0x0039,0x002e,0x002f,0x002d,0x0035,
  0x002f,0x002e,
};
const u16 sonm_m3_vtx[] = {
  0xfe10,0x037f,0x0236,0xfec6,0x0386,0x02b0,0xfeaf,0x03b1,0x0295,0xfd74,0x0381,0x0149,0xfd72,0x02bc,0x012a,0xfe1b,
  0x02ae,0x0231,0xfda0,0x03e0,0x0176,0xfde4,0x0423,0x01cc,0xfe57,0x0403,0x0245,0xff18,0x02a9,0x02cf,0xfea3,0x013f,
  0x0202,0xff2f,0x0135,0x025e,0xff74,0x01fe,0x02b8,0xfe32,0x020f,0x0211,0xfe3a,0x0162,0x01a3,0xfe17,0x0166,0x0178,
  0xfdd0,0x01c6,0x0142,0xfd97,0x0239,0x0139,0x0000,0x015e,0x02aa,0x0000,0x01b7,0x02bb,0x008c,0x01fe,0x02b8,0x00d1,
  0x0135,0x025e,0x01e5,0x02ae,0x0231,0x00e8,0x02a9,0x02cf,0x01ce,0x020f,0x0211,0x028e,0x02bc,0x012a,0x0269,0x0239,
  0x0139,0x0230,0x01c6,0x0142,0x01e9,0x0166,0x0178,0x01c6,0x0162,0x01a3,0x015d,0x013f,0x0202,0x01f0,0x037f,0x0236,
  0x013a,0x0386,0x02b0,0x0151,0x03b1,0x0295,0x01a9,0x0403,0x0245,0x021c,0x0423,0x01cc,0x0260,0x03e0,0x0176,0x028c,
  0x0381,0x0149,
};
const u16 sonm_m3_uv[] = {
  0x077a,0x07bd,0x06cb,0x07ca,0x06de,0x07eb,0x07f0,0x07a3,0x07f7,0x06fe,0x0780,0x070f,0x07d4,0x07f8,0x079a,0x07fb,
  0x072d,0x07ef,0x068d,0x0713,0x071a,0x05d1,0x0695,0x05cd,0x0642,0x067c,0x0780,0x0687,0x077d,0x05e6,0x079e,0x05e5,
  0x07db,0x0631,0x07f0,0x0695,0x05c9,0x05ed,0x05c2,0x0639,0x0642,0x067c,0x0695,0x05cd,0x0780,0x070f,0x068d,0x0713,
  0x0780,0x0687,0x07f7,0x06fe,0x07f0,0x0695,0x07db,0x0631,0x079e,0x05e5,0x077d,0x05e6,0x071a,0x05d1,0x077a,0x07bd,
  0x06cb,0x07ca,0x06de,0x07eb,0x072d,0x07ef,0x079a,0x07fb,0x07d4,0x07f8,0x07f0,0x07a3,
};
const u16 sonm_m3_col[] = {
  0x7fff,0x7fff,0x7fff,0x7fff,0x7fff,0x7fff,0x7fff,0x7fff,0x7fff,0x7fff,0x7fff,0x7fff,0x7fff,0x7fff,0x7fff,0x7fff,
  0x7fff,0x7fff,0x7fff,0x7fff,0x7fff,0x7fff,0x7fff,0x7fff,0x7fff,0x7fff,0x7fff,0x7fff,0x7fff,0x7fff,0x7fff,0x7fff,
  0x7fff,0x7fff,0x7fff,0x7fff,0x7fff,0x7fff,
};
const u16 sonm_m3_idx[] = {
  0x0000,0x0001,0x0002,0x0008,0x0000,0x0002,0x0000,0x0008,0x0007,0x0007,0x0006,0x0000,0x0000,0x0006,0x0003,0x0003,
  0x0005,0x0000,0x0003,0x0004,0x0005,0x0011,0x0005,0x0004,0x0011,0x000d,0x0005,0x0011,0x0010,0x000d,0x0010,0x000f,
  0x000d,0x000d,0x000f,0x000e,0x000e,0x000a,0x000d,0x000a,0x000c,0x000d,0x000a,0x000b,0x000c,0x000b,0x0012,0x000c,
  0x0013,0x000c,0x0012,0x0012,0x0014,0x0013,0x0014,0x0012,0x0015,0x0018,0x0014,0x0015,0x0016,0x0014,0x0018,0x0016,
  0x0017,0x0014,0x001f,0x0017,0x0016,0x001f,0x0020,0x0017,0x0021,0x0020,0x001f,0x0021,0x001f,0x0022,0x0023,0x0022,
  0x001f,0x001f,0x0024,0x0023,0x0025,0x0024,0x001f,0x001f,0x0019,0x0025,0x001f,0x0016,0x0019,0x0019,0x0016,0x0018,
  0x0019,0x0018,0x001a,0x0018,0x001b,0x001a,0x0018,0x001c,0x001b,0x001d,0x001c,0x0018,0x0018,0x001e,0x001d,0x0018,
  0x0015,0x001e,0x0005,0x0009,0x0001,0x0005,0x0001,0x0000,0x000d,0x0009,0x0005,0x000d,0x000c,0x0009,
};
const u16 sonm_m4_vtx[] = {
  0x01ff,0x1453,0xff5d,0x031c,0x1411,0xfd49,0x01ef,0x1424,0xfdf4,0xfe01,0x1453,0xff5d,0xfe4e,0x14f6,0xfdfd,0xfe11,
  0x1424,0xfdf4,0x017d,0x154c,0xfc73,0x0000,0x15c6,0xfe1e,0x01b2,0x14f6,0xfdfd,0xfe21,0x13f5,0xfc8c,0xfeee,0x11c9,
  0xfc76,0xfe16,0x1363,0xfad2,0x0000,0x10dc,0xf9d6,0xfecc,0x0ea7,0xf8c9,0xfe49,0x0f51,0xfaae,0xfbf4,0x13ab,0xfb5f,
  0xfce4,0x1411,0xfd49,0x0000,0x15b2,0xf8d1,0x013b,0x14a9,0xf8ee,0x0000,0x14a1,0xf61a,0x01df,0x13f5,0xfc8c,0x0000,
  0x15fa,0xfc6f,0x0000,0x15f7,0xfaa5,0x0000,0x0f67,0xf820,0x0134,0x0ea7,0xf8c9,0x0000,0x0d15,0xf6b0,0x0000,0x0d8e,
  0xf932,0x0000,0x11fa,0xfc50,0x0112,0x11c9,0xfc76,0x0000,0x1182,0xfb1e,0x0000,0x0dd3,0xfbc2,0x01b7,0x0f51,0xfaae,
  0x0149,0x10f4,0xfb87,0x0162,0x1524,0xfacc,0xfec5,0x14a9,0xf8ee,0xfe9e,0x1524,0xfacc,0x0000,0x11fa,0xfc50,0x0000,
  0x1256,0xfb9c,0x0112,0x11c9,0xfc76,0x01b7,0x1083,0xfd08,0x019f,0x1450,0xfafc,0x0000,0x153d,0xffa4,0x0128,0x1424,
  0x008a,0x0000,0x135f,0xf954,0x0000,0x147c,0x0113,0xfe61,0x1450,0xfafc,0xfe83,0x154c,0xfc73,0xfeee,0x11c9,0xfc76,
  0xfeb7,0x10f4,0xfb87,0x040c,0x13ab,0xfb5f,0xfe49,0x1083,0xfd08,0x01ea,0x1363,0xfad2,0xfed8,0x1424,0x008a,0x0112,
  0x11c9,0xfc76,0xfd04,0x13bb,0xff0c,0xfc56,0x11d4,0xfedd,0x04b2,0x10e2,0xfa4f,0x0319,0x104b,0xfa56,0x03a1,0x102f,
  0xf8e4,0x04b5,0x1086,0xf8f2,0xfc99,0x128a,0xf8a5,0xfb7a,0x1222,0xf8a5,0xfb97,0x12f5,0xf9cf,0xfce6,0x133d,0xf9d3,
  0x0319,0x104b,0xfa56,0x01d4,0x11a0,0xfaa9,0x025d,0x117f,0xf94c,0x03a1,0x102f,0xf8e4,0xfb4b,0x1086,0xf8f2,0xfc5f,
  0x102f,0xf8e4,0xfce7,0x104b,0xfa56,0xfb4e,0x10e2,0xfa4f,0xfe2c,0x11a0,0xfaa9,0x031a,0x133d,0xf9d3,0x0469,0x12f5,
  0xf9cf,0x0486,0x1222,0xf8a5,0x0367,0x128a,0xf8a5,0xfc5f,0x102f,0xf8e4,0xfba7,0x0fce,0xf66d,0xfda3,0x117f,0xf94c,
  0xfbc5,0x1192,0xfd2d,0xfb7a,0x1222,0xf8a5,0x034a,0x10a6,0xfff2,0x03b9,0x1063,0xfe16,0x03aa,0x11d4,0xfedd,0x03ec,
  0x0f21,0xfe19,0x0175,0x0e01,0x005d,0x00c7,0x0da2,0xfec5,0x02ce,0x0da3,0xfea2,0x0240,0x0e80,0x000d,0x02d9,0x0f36,
  0xfffd,0x0318,0x1264,0x0072,0x0318,0x1264,0x0072,0x03ae,0x14f8,0x01e2,0x023c,0x1380,0x00b5,0x0164,0x13bd,0x01b0,
  0x00b0,0x0db6,0x0049,0x0000,0x0db4,0x0039,0x01b7,0x1083,0xfd08,0x01b7,0x1083,0xfd08,0x0459,0x0fce,0xf66d,0x03ae,
  0x14f8,0x01e2,0x02fc,0x13bb,0xff0c,0x0000,0x1380,0x024a,0x0164,0x13bd,0x01b0,0x0000,0x0d8d,0xfec1,0x043b,0x1192,
  0xfd2d,0xfc47,0x1063,0xfe16,0xfcb6,0x10a6,0xfff2,0xfc14,0x0f21,0xfe19,0xfd32,0x0da3,0xfea2,0xff39,0x0da2,0xfec5,
  0xfe8b,0x0e01,0x005d,0xfd27,0x0f36,0xfffd,0xfdc0,0x0e80,0x000d,0x0219,0x1271,0xfa0f,0xfce8,0x1264,0x0072,0xfdc4,
  0x1380,0x00b5,0xfc52,0x14f8,0x01e2,0xfce8,0x1264,0x0072,0xfde7,0x1271,0xfa0f,0xfe9c,0x13bd,0x01b0,0xff50,0x0db6,
  0x0049,0xfe49,0x1083,0xfd08,0xfce7,0x104b,0xfa56,0xfe49,0x1083,0xfd08,0xfc52,0x14f8,0x01e2,0xfe9c,0x13bd,0x01b0,
  0x0486,0x1222,0xf8a5,0x00f6,0x0db1,0xfdc7,0x0000,0x0da2,0xfdcc,0xff0a,0x0db1,0xfdc7,0x0393,0x1023,0xfd23,0x0224,
  0x0f5b,0xfba6,0x01fc,0x0c5f,0xfb22,0x03c0,0x0bfd,0xfbcb,0x0168,0x0d34,0xfc16,0x038c,0x0cef,0xfd26,0x044f,0x0cfb,
  0xfab3,0x043f,0x0e03,0xfc54,0x02b7,0x0d2d,0xfa34,0x03eb,0x0f2c,0xfbdc,0x03a1,0x0aa5,0xfa30,0x01fc,0x0c5f,0xfb22,
  0x0168,0x0d34,0xfc16,0x00f6,0x0db1,0xfdc7,0xfc6d,0x1023,0xfd23,0xfddc,0x0f5b,0xfba6,0xfe98,0x0d34,0xfc16,0xfc40,
  0x0bfd,0xfbcb,0xfe04,0x0c5f,0xfb22,0xfc74,0x0cef,0xfd26,0xfbc1,0x0e03,0xfc54,0xfbb1,0x0cfb,0xfab3,0xfc15,0x0f2c,
  0xfbdc,0xfd49,0x0d2d,0xfa34,0xfc5f,0x0aa5,0xfa30,0xfe98,0x0d34,0xfc16,0xfe04,0x0c5f,0xfb22,0xff0a,0x0db1,0xfdc7,
};
const u16 sonm_m4_uv[] = {
  0x019d,0x0df1,0x021e,0x0dc4,0x01a4,0x0e1e,0x019d,0x0df1,0x0116,0x0e2a,0x01a4,0x0e1e,0x008f,0x0e62,0x004b,0x0e38,
  0x0116,0x0e2a,0x01ac,0x0e4c,0x01e9,0x0e89,0x0277,0x0e0e,0x014a,0x099c,0x0089,0x08cb,0x00c8,0x09fc,0x026f,0x0db7,
  0x021e,0x0dc4,0x004b,0x0f00,0x00d5,0x0eee,0x004b,0x0fab,0x01ac,0x0e4c,0x004b,0x0e66,0x004b,0x0eb3,0x00f5,0x089b,
  0x0089,0x08cb,0x0054,0x0826,0x0062,0x0924,0x016d,0x0a6f,0x0146,0x0ab2,0x015b,0x0a05,0x0062,0x09c0,0x00c8,0x09fc,
  0x0110,0x0a51,0x00b2,0x0ea8,0x00d5,0x0eee,0x00b2,0x0ea8,0x01e2,0x0e90,0x01d8,0x0ebc,0x01e9,0x0e89,0x0129,0x0ae9,
  0x0140,0x0e9d,0x004b,0x0e0a,0x0150,0x0dcf,0x01bf,0x0f28,0x004b,0x0dcf,0x0140,0x0e9d,0x008f,0x0e62,0x0146,0x0ab2,
  0x0110,0x0a51,0x026f,0x0db7,0x0129,0x0ae9,0x0277,0x0e0e,0x0150,0x0dcf,0x01e9,0x0e89,0x01fc,0x0db2,0x01f0,0x0d22,
  0x02d6,0x0d88,0x02ff,0x0cc9,0x0346,0x0d37,0x031e,0x0dc7,0x02fc,0x0e2d,0x031c,0x0de2,0x02d2,0x0dc5,0x02b3,0x0e10,
  0x02af,0x0ea4,0x0267,0x0e78,0x02ac,0x0e67,0x02fd,0x0e8f,0x031e,0x0dc7,0x0346,0x0d37,0x02ff,0x0cc9,0x02d6,0x0d88,
  0x0267,0x0e78,0x02b3,0x0e10,0x02d2,0x0dc5,0x031c,0x0de2,0x02fc,0x0e2d,0x02fd,0x0e8f,0x03aa,0x0e4a,0x02ac,0x0e67,
  0x0244,0x0d18,0x031c,0x0de2,0x0176,0x0cd2,0x0204,0x0cb7,0x01f0,0x0d22,0x019d,0x0c40,0x00db,0x0c1e,0x00a0,0x0bc2,
  0x0159,0x0bf4,0x0111,0x0c31,0x0149,0x0c45,0x017d,0x0d60,0x04ee,0x08f6,0x0498,0x09fc,0x053b,0x0957,0x0587,0x09b7,
  0x008f,0x0bff,0x0041,0x0bf5,0x0259,0x0e98,0x024e,0x0c7e,0x03aa,0x0e4a,0x0159,0x0da7,0x01fc,0x0db2,0x004b,0x0d96,
  0x00ef,0x0d94,0x0041,0x0bb7,0x0244,0x0d18,0x0204,0x0cb7,0x0176,0x0cd2,0x019d,0x0c40,0x0159,0x0bf4,0x00a0,0x0bc2,
  0x00db,0x0c1e,0x0149,0x0c45,0x0111,0x0c31,0x0292,0x0e3a,0x017d,0x0d60,0x053b,0x0957,0x0498,0x09fc,0x04ee,0x08f6,
  0x0292,0x0e3a,0x0587,0x09b7,0x008f,0x0bff,0x0259,0x0e98,0x02af,0x0ea4,0x024e,0x0c7e,0x0159,0x0da7,0x00ef,0x0d94,
  0x031c,0x0de2,0x00e0,0x0b88,0x0041,0x0a6c,0x00e0,0x0b88,0x023e,0x0c57,0x0263,0x0bc3,0x01bc,0x0a8e,0x021d,0x0ade,
  0x015c,0x0afb,0x01c8,0x0b57,0x0285,0x0b28,0x022b,0x0b95,0x029c,0x0b6b,0x0238,0x0ba4,0x0306,0x0a3c,0x02f0,0x0b89,
  0x02b4,0x0be4,0x0268,0x0c59,0x023e,0x0c57,0x0263,0x0bc3,0x015c,0x0afb,0x021d,0x0ade,0x01bc,0x0a8e,0x01c8,0x0b57,
  0x022b,0x0b95,0x0285,0x0b28,0x0238,0x0ba4,0x029c,0x0b6b,0x0306,0x0a3c,0x02b4,0x0be4,0x02f0,0x0b89,0x0268,0x0c59,
};
const u16 sonm_m4_col[] = {
  0x7fff,0x7fff,0x7fff,0x7fff,0x7fff,0x7fff,0x7fff,0x7fff,0x7fff,0x7fff,0x7fff,0x7fff,0x7fff,0x7fff,0x7fff,0x7fff,
  0x7fff,0x7fff,0x7fff,0x7fff,0x7fff,0x7fff,0x7fff,0x7fff,0x7fff,0x7fff,0x7fff,0x7fff,0x7fff,0x7fff,0x7fff,0x7fff,
  0x7fff,0x7fff,0x7fff,0x7fff,0x7fff,0x7fff,0x7fff,0x7fff,0x7fff,0x7fff,0x7fff,0x7fff,0x7fff,0x7fff,0x7fff,0x7fff,
  0x7fff,0x7fff,0x7fff,0x7fff,0x7fff,0x7fff,0x7fff,0x7fff,0x7fff,0x7fff,0x7fff,0x7fff,0x7fff,0x7fff,0x7fff,0x7fff,
  0x7fff,0x7fff,0x7fff,0x7fff,0x7fff,0x7fff,0x7fff,0x7fff,0x7fff,0x7fff,0x7fff,0x7fff,0x7fff,0x7fff,0x7fff,0x7fff,
  0x7fff,0x7fff,0x7fff,0x7fff,0x7fff,0x7fff,0x7fff,0x7fff,0x7fff,0x7fff,0x7fff,0x7fff,0x7fff,0x7fff,0x7fff,0x7fff,
  0x7fff,0x7fff,0x7fff,0x7fff,0x7fff,0x7fff,0x7fff,0x7fff,0x7fff,0x7fff,0x7fff,0x7fff,0x7fff,0x7fff,0x7fff,0x7fff,
  0x7fff,0x7fff,0x7fff,0x7fff,0x7fff,0x7fff,0x7fff,0x7fff,0x7fff,0x7fff,0x7fff,0x7fff,0x7fff,0x7fff,0x7fff,0x7fff,
  0x7fff,0x7fff,0x7fff,0x7fff,0x7fff,0x7fff,0x7fff,0x7fff,0x7fff,0x7fff,0x7fff,0x7fff,0x7fff,0x7fff,0x7fff,0x7fff,
  0x7fff,0x7fff,0x7fff,0x7fff,0x7fff,0x7fff,0x7fff,0x7fff,0x7fff,0x7fff,0x7fff,0x7fff,0x7fff,0x7fff,0x7fff,0x7fff,
};
const u16 sonm_m4_idx[] = {
  0x0000,0x0001,0x0002,0x0000,0x0002,0x0008,0x0000,0x0008,0x0029,0x0000,0x0029,0x002a,0x0000,0x002a,0x0065,0x0065,
  0x0066,0x0000,0x0065,0x005b,0x0066,0x0066,0x005b,0x0054,0x0066,0x0054,0x0001,0x0066,0x0001,0x0000,0x0014,0x0002,
  0x0001,0x0006,0x0002,0x0014,0x0014,0x0021,0x0006,0x0014,0x0028,0x0021,0x0014,0x0026,0x0028,0x0026,0x0025,0x0028,
  0x0024,0x0025,0x0026,0x000a,0x0025,0x0024,0x000a,0x002d,0x0025,0x000a,0x0009,0x002d,0x0009,0x000a,0x000b,0x000b,
  0x000f,0x0009,0x003f,0x000f,0x000b,0x000f,0x003f,0x003e,0x000f,0x003e,0x0050,0x0037,0x000f,0x0050,0x000f,0x0037,
  0x0010,0x000f,0x0010,0x0009,0x0009,0x0010,0x0005,0x0009,0x0005,0x0004,0x0009,0x0004,0x002e,0x002e,0x002d,0x0009,
  0x002e,0x0023,0x002d,0x002e,0x0016,0x0023,0x002e,0x0015,0x0016,0x002e,0x0007,0x0015,0x002e,0x0004,0x0007,0x0007,
  0x0004,0x0029,0x0007,0x0029,0x0008,0x0006,0x0007,0x0008,0x0015,0x0007,0x0006,0x0015,0x0006,0x0016,0x0006,0x0021,
  0x0016,0x0012,0x0016,0x0021,0x0012,0x0011,0x0016,0x0011,0x0012,0x0013,0x0013,0x0022,0x0011,0x002b,0x0022,0x0013,
  0x0013,0x0012,0x002b,0x0012,0x0025,0x002b,0x0028,0x0025,0x0012,0x0012,0x0021,0x0028,0x0003,0x0004,0x0005,0x0003,
  0x0005,0x0010,0x0003,0x0010,0x0036,0x0003,0x0036,0x007e,0x007e,0x0034,0x0003,0x0034,0x007e,0x007f,0x002c,0x0034,
  0x007f,0x0029,0x0034,0x002c,0x002c,0x002a,0x0029,0x0068,0x002a,0x002c,0x0067,0x0068,0x002c,0x002c,0x007f,0x0067,
  0x000c,0x000d,0x000e,0x000e,0x0030,0x000c,0x000e,0x0032,0x0030,0x0032,0x000e,0x0083,0x001e,0x0083,0x000e,0x000e,
  0x000d,0x001e,0x001e,0x000d,0x001a,0x001a,0x0018,0x001e,0x0018,0x001a,0x0019,0x0017,0x0018,0x0019,0x0017,0x000c,
  0x0018,0x000d,0x000c,0x0017,0x0019,0x000d,0x0017,0x0019,0x001a,0x000d,0x001b,0x001c,0x001d,0x001d,0x002f,0x001b,
  0x0030,0x002f,0x001d,0x0030,0x0032,0x002f,0x000c,0x0030,0x001d,0x001d,0x0020,0x000c,0x001d,0x001c,0x0020,0x001c,
  0x0027,0x0020,0x0020,0x0027,0x001f,0x000c,0x0020,0x001f,0x001f,0x0018,0x000c,0x001e,0x0018,0x001f,0x001f,0x0081,
  0x001e,0x0081,0x001f,0x0027,0x0082,0x001e,0x0081,0x0083,0x001e,0x0082,0x0083,0x0082,0x0069,0x0083,0x0069,0x006f,
  0x0083,0x006f,0x006e,0x0097,0x0083,0x006e,0x0083,0x0097,0x0094,0x0095,0x0094,0x0097,0x0094,0x0095,0x0096,0x0095,
  0x009c,0x0096,0x009c,0x0095,0x0099,0x009b,0x009c,0x0099,0x009a,0x009b,0x0099,0x009b,0x009a,0x0093,0x0093,0x009e,
  0x009b,0x0093,0x009d,0x009e,0x009d,0x0093,0x009f,0x009f,0x0093,0x007d,0x0093,0x0092,0x007d,0x009a,0x0092,0x0093,
  0x006d,0x0092,0x009a,0x0092,0x006d,0x006b,0x0092,0x006b,0x0050,0x007d,0x0092,0x0050,0x0047,0x007d,0x0050,0x0047,
  0x0050,0x003e,0x0047,0x003e,0x0051,0x0047,0x0051,0x0044,0x0044,0x0046,0x0047,0x0044,0x0045,0x0046,0x0045,0x0044,
  0x004e,0x004e,0x0044,0x0051,0x004d,0x004e,0x004f,0x004d,0x004f,0x0048,0x004d,0x0048,0x007c,0x0048,0x007b,0x007c,
  0x007b,0x0048,0x000a,0x000b,0x000a,0x0048,0x000b,0x0048,0x0078,0x000b,0x0078,0x003f,0x003f,0x0078,0x004f,0x003f,
  0x004f,0x003c,0x003c,0x003e,0x003f,0x003c,0x003d,0x003e,0x003c,0x004e,0x003d,0x004f,0x004e,0x003c,0x004f,0x0078,
  0x0048,0x0011,0x0022,0x0023,0x0011,0x0023,0x0016,0x0022,0x002d,0x0023,0x0022,0x0025,0x002d,0x002b,0x0025,0x0022,
  0x0006,0x0008,0x0002,0x0014,0x0001,0x0031,0x0014,0x0031,0x0033,0x0033,0x0035,0x0014,0x0041,0x0035,0x0033,0x0035,
  0x0041,0x0062,0x0040,0x0062,0x0041,0x0040,0x0041,0x0042,0x0040,0x0042,0x0043,0x0042,0x0064,0x0043,0x004c,0x0064,
  0x0042,0x004b,0x0064,0x004c,0x0049,0x004b,0x004c,0x0049,0x004a,0x004b,0x0049,0x0031,0x004a,0x0033,0x0031,0x0049,
  0x0033,0x0049,0x0073,0x0033,0x0073,0x0041,0x0042,0x0041,0x0073,0x004c,0x0042,0x0073,0x004c,0x0073,0x0049,0x0034,
  0x0029,0x0003,0x0029,0x0004,0x0003,0x0036,0x0010,0x0037,0x0037,0x0074,0x0036,0x006c,0x0074,0x0037,0x0037,0x006b,
  0x006c,0x0050,0x006b,0x0037,0x006c,0x006b,0x006d,0x006d,0x0071,0x006c,0x006e,0x0071,0x006d,0x0071,0x006e,0x0072,
  0x0072,0x006e,0x0070,0x006e,0x006f,0x0070,0x0070,0x006f,0x007a,0x006f,0x0061,0x007a,0x0061,0x006f,0x0069,0x0069,
  0x0057,0x0061,0x0057,0x0069,0x0082,0x0057,0x0082,0x0081,0x0058,0x0057,0x0081,0x0056,0x0057,0x0058,0x0056,0x0058,
  0x0059,0x0059,0x0058,0x005a,0x0055,0x005a,0x0058,0x0052,0x005a,0x0055,0x0055,0x0053,0x0052,0x0053,0x0055,0x0084,
  0x006a,0x0053,0x0084,0x0054,0x0053,0x006a,0x0052,0x0053,0x0054,0x0054,0x005b,0x0052,0x0031,0x0001,0x0054,0x006a,
  0x0031,0x0054,0x006a,0x004a,0x0031,0x006a,0x0038,0x004a,0x006a,0x0063,0x0038,0x006a,0x0084,0x0063,0x0063,0x0084,
  0x0085,0x0063,0x0085,0x0091,0x0091,0x0085,0x0090,0x008f,0x0090,0x0085,0x008c,0x008f,0x0085,0x0085,0x008d,0x008c,
  0x0085,0x0084,0x008d,0x008d,0x0084,0x0055,0x0055,0x008b,0x008d,0x0055,0x0089,0x008b,0x0058,0x0089,0x0055,0x0058,
  0x0081,0x0089,0x0088,0x0089,0x0081,0x0089,0x0088,0x0087,0x0087,0x008b,0x0089,0x008a,0x008b,0x0087,0x008d,0x008b,
  0x008a,0x008a,0x008c,0x008d,0x008a,0x008e,0x008c,0x008a,0x0087,0x008e,0x0086,0x008e,0x0087,0x0086,0x0087,0x0088,
  0x0038,0x0039,0x003a,0x0038,0x003a,0x003b,0x003b,0x004a,0x0038,0x003b,0x0080,0x004a,0x0080,0x003b,0x0064,0x0064,
  0x003b,0x003a,0x005c,0x005d,0x005e,0x005e,0x005d,0x005f,0x0060,0x0061,0x0057,0x0060,0x0057,0x0056,0x0039,0x0038,
  0x0063,0x0068,0x0065,0x002a,0x0075,0x0076,0x0077,0x0079,0x0076,0x0075,0x007d,0x0047,0x0046,0x0036,0x0074,0x007e,
  0x008c,0x008e,0x008f,0x0095,0x0098,0x0099,0x0097,0x0098,0x0095,0x0098,0x0097,0x006d,0x009a,0x0098,0x006d,0x0099,
  0x0098,0x009a,0x006d,0x0097,0x006e,0x009e,0x009c,0x009b,
};
const u16 sonm_m5_vtx[] = {
  0xfe4d,0x04ca,0x0233,0xff8a,0x0571,0x02a1,0xfe9c,0x0603,0x01b0,0xff28,0x0468,0x0313,0x0000,0x0498,0x0324,0x0000,
  0x05c5,0x024a,0xfda9,0x0114,0x00bf,0xfdc7,0x0167,0x011f,0xfde9,0x00a9,0x0081,0xfdc0,0x00c5,0x000d,0xfe8b,0x0046,
  0x005d,0xfd27,0x017c,0xfffd,0xfdd0,0x01c6,0x0142,0xfd97,0x0239,0x0139,0xfda4,0x01c7,0x0139,0xfe17,0x0166,0x0178,
  0xfd2c,0x02b8,0x010f,0xfcb6,0x02ec,0xfff2,0xfd72,0x02bc,0x012a,0xfd74,0x0381,0x0149,0xfd3c,0x03c5,0x0154,0xfda0,
  0x03e0,0x0176,0xfd0c,0x03a6,0x011a,0xfce8,0x04a9,0x0072,0xfd10,0x0403,0x0134,0xfdc4,0x05c5,0x00b5,0xfd5a,0x0489,
  0x0196,0xff74,0x01fe,0x02b8,0xffcd,0x01cc,0x031b,0xff88,0x0258,0x0352,0xfe20,0x04a2,0x0263,0xfe88,0x047a,0x02c4,
  0xff18,0x02a9,0x02cf,0xfef3,0x0351,0x0348,0xff31,0x035f,0x0358,0xffd8,0x027c,0x035e,0x0000,0x0389,0x0370,0xfedb,
  0x0402,0x0324,0xff00,0x03bc,0x0346,0xfeb2,0x03c8,0x0325,0xfe7d,0x041d,0x02ee,0xfe00,0x045e,0x027c,0xfde4,0x0423,
  0x01cc,0xfe57,0x0403,0x0245,0xfd60,0x045f,0x01cc,0xfeaf,0x03b1,0x0295,0x0000,0x0255,0x0335,0x0000,0x01d8,0x0312,
  0x0000,0x01b7,0x02bb,0xfec6,0x0386,0x02b0,0x0028,0x027c,0x035e,0x00cf,0x035f,0x0358,0x0078,0x0258,0x0352,0x00e8,
  0x02a9,0x02cf,0x010d,0x0351,0x0348,0x013a,0x0386,0x02b0,0x0033,0x01cc,0x031b,0x008c,0x01fe,0x02b8,0x014e,0x03c8,
  0x0325,0x0151,0x03b1,0x0295,0x01a9,0x0403,0x0245,0x0183,0x041d,0x02ee,0x0200,0x045e,0x027c,0x01e0,0x04a2,0x0263,
  0x0178,0x047a,0x02c4,0x02a6,0x0489,0x0196,0x02a0,0x045f,0x01cc,0x021c,0x0423,0x01cc,0x0260,0x03e0,0x0176,0x02c4,
  0x03c5,0x0154,0x02f0,0x0403,0x0134,0x0125,0x0402,0x0324,0x0100,0x03bc,0x0346,0x00d8,0x0468,0x0313,0x01b3,0x04ca,
  0x0233,0x023c,0x05c5,0x00b5,0x0164,0x0603,0x01b0,0x0076,0x0571,0x02a1,0x0318,0x04a9,0x0072,0x02f4,0x03a6,0x011a,
  0x034a,0x02ec,0xfff2,0x02d4,0x02b8,0x010f,0x028c,0x0381,0x0149,0x028e,0x02bc,0x012a,0x0269,0x0239,0x0139,0x025c,
  0x01c7,0x0139,0x02d9,0x017c,0xfffd,0x0239,0x0167,0x011f,0x01e9,0x0166,0x0178,0x0230,0x01c6,0x0142,0x0240,0x00c5,
  0x000d,0x0217,0x00a9,0x0081,0x0175,0x0046,0x005d,0x0257,0x0114,0x00bf,
};
const u16 sonm_m5_uv[] = {
  0x0088,0x0d76,0x005c,0x0d86,0x00cd,0x0d9c,0x0073,0x0d5b,0x003b,0x0d66,0x003b,0x0d9d,0x00cc,0x0c72,0x00d3,0x0c82,
  0x00c2,0x0c5f,0x00eb,0x0c60,0x00bb,0x0c4f,0x011d,0x0c71,0x00c4,0x0c99,0x00d7,0x0cb2,0x00dd,0x0c99,0x00a6,0x0c88,
  0x0117,0x0ce8,0x0145,0x0cef,0x00eb,0x0ccb,0x00fe,0x0cf4,0x011a,0x0d1e,0x00f7,0x0d13,0x0129,0x0d14,0x014b,0x0d6d,
  0x0124,0x0d27,0x00e5,0x0d81,0x00fc,0x0d40,0x0052,0x0cfa,0x0042,0x0d06,0x0050,0x0d1d,0x00be,0x0d49,0x009a,0x0d52,
  0x0068,0x0cfe,0x008a,0x0d24,0x0078,0x0d2b,0x0045,0x0d24,0x003b,0x0d41,0x009c,0x0d3f,0x0081,0x0d3a,0x00b3,0x0d30,
  0x00c1,0x0d33,0x00d4,0x0d36,0x00de,0x0d1f,0x00bf,0x0d1c,0x00ff,0x0d37,0x00aa,0x0d16,0x003b,0x0d2b,0x003b,0x0d07,
  0x0040,0x0cf8,0x008c,0x0d0c,0x0045,0x0d24,0x0078,0x0d2b,0x0050,0x0d1d,0x0068,0x0cfe,0x008a,0x0d24,0x008c,0x0d0c,
  0x0042,0x0d06,0x0052,0x0cfa,0x00b3,0x0d30,0x00aa,0x0d16,0x00bf,0x0d1c,0x00c1,0x0d33,0x00d4,0x0d36,0x00be,0x0d49,
  0x009a,0x0d52,0x00fc,0x0d40,0x00ff,0x0d37,0x00de,0x0d1f,0x00f7,0x0d13,0x011a,0x0d1e,0x0124,0x0d27,0x009c,0x0d3f,
  0x0081,0x0d3a,0x0073,0x0d5b,0x0088,0x0d76,0x00e5,0x0d81,0x00cd,0x0d9c,0x005c,0x0d86,0x014b,0x0d6d,0x0129,0x0d14,
  0x0145,0x0cef,0x0117,0x0ce8,0x00fe,0x0cf4,0x00eb,0x0ccb,0x00d7,0x0cb2,0x00dd,0x0c99,0x011d,0x0c71,0x00d3,0x0c82,
  0x00a6,0x0c88,0x00c4,0x0c99,0x00eb,0x0c60,0x00c2,0x0c5f,0x00bb,0x0c4f,0x00cc,0x0c72,
};
const u16 sonm_m5_col[] = {
  0x7fff,0x7fff,0x7fff,0x7fff,0x7fff,0x7fff,0x7fff,0x7fff,0x7fff,0x7fff,0x7fff,0x7fff,0x7fff,0x7fff,0x7fff,0x7fff,
  0x7fff,0x7fff,0x7fff,0x7fff,0x7fff,0x7fff,0x7fff,0x7fff,0x7fff,0x7fff,0x7fff,0x7fff,0x7fff,0x7fff,0x7fff,0x7fff,
  0x7fff,0x7fff,0x7fff,0x7fff,0x7fff,0x7fff,0x7fff,0x7fff,0x7fff,0x7fff,0x7fff,0x7fff,0x7fff,0x7fff,0x7fff,0x7fff,
  0x7fff,0x7fff,0x7fff,0x7fff,0x7fff,0x7fff,0x7fff,0x7fff,0x7fff,0x7fff,0x7fff,0x7fff,0x7fff,0x7fff,0x7fff,0x7fff,
  0x7fff,0x7fff,0x7fff,0x7fff,0x7fff,0x7fff,0x7fff,0x7fff,0x7fff,0x7fff,0x7fff,0x7fff,0x7fff,0x7fff,0x7fff,0x7fff,
  0x7fff,0x7fff,0x7fff,0x7fff,0x7fff,0x7fff,0x7fff,0x7fff,0x7fff,0x7fff,0x7fff,0x7fff,0x7fff,0x7fff,
};
const u16 sonm_m5_idx[] = {
  0x0000,0x0001,0x0002,0x0000,0x0003,0x0001,0x0000,0x001f,0x0003,0x001e,0x001f,0x0000,0x0000,0x001a,0x001e,0x0019,
  0x001a,0x0000,0x0019,0x0017,0x001a,0x0017,0x0018,0x001a,0x0017,0x0016,0x0018,0x0017,0x0011,0x0016,0x0011,0x0010,
  0x0016,0x0010,0x0011,0x000b,0x000e,0x0010,0x000b,0x000b,0x0007,0x000e,0x0007,0x000b,0x0009,0x0008,0x0007,0x0009,
  0x0006,0x0007,0x0008,0x000f,0x000e,0x0007,0x000e,0x000f,0x000c,0x000c,0x000d,0x000e,0x000e,0x000d,0x0010,0x0012,
  0x0010,0x000d,0x0010,0x0012,0x0013,0x0013,0x0014,0x0010,0x0014,0x0013,0x0015,0x0015,0x002c,0x0014,0x002c,0x0015,
  0x002a,0x002c,0x002a,0x0029,0x002c,0x0029,0x001e,0x002c,0x001e,0x001a,0x002c,0x001a,0x0018,0x002c,0x0018,0x0014,
  0x0014,0x0018,0x0016,0x0014,0x0016,0x0010,0x0001,0x0003,0x0004,0x0005,0x0001,0x0004,0x0002,0x0001,0x0005,0x0000,
  0x0002,0x0019,0x0008,0x0009,0x000a,0x001b,0x001c,0x001d,0x0020,0x001b,0x001d,0x001d,0x0021,0x0020,0x0021,0x001d,
  0x0022,0x0021,0x0022,0x0026,0x0021,0x0026,0x0027,0x0027,0x0031,0x0021,0x0027,0x002d,0x0031,0x002d,0x0027,0x0028,
  0x002d,0x0028,0x002b,0x0029,0x002b,0x0028,0x0029,0x002a,0x002b,0x0029,0x0028,0x001f,0x0029,0x001f,0x001e,0x0003,
  0x001f,0x0025,0x0003,0x0025,0x0026,0x0003,0x0026,0x0024,0x0003,0x0024,0x0004,0x0004,0x0024,0x0049,0x0004,0x0049,
  0x004d,0x0004,0x004d,0x0005,0x0005,0x004d,0x004c,0x004c,0x004d,0x004a,0x004b,0x004c,0x004a,0x004a,0x0041,0x004b,
  0x003f,0x0041,0x004a,0x0041,0x003f,0x003e,0x0041,0x003e,0x0042,0x0045,0x0041,0x0042,0x0045,0x0042,0x0044,0x0044,
  0x0052,0x0045,0x0051,0x0045,0x0052,0x0051,0x004f,0x0045,0x004f,0x0051,0x0050,0x0046,0x004f,0x0050,0x004f,0x0046,
  0x0045,0x0045,0x0046,0x0041,0x0041,0x0046,0x004e,0x0041,0x004e,0x004b,0x0046,0x0050,0x004e,0x0056,0x0050,0x0051,
  0x0056,0x0051,0x0055,0x0055,0x0057,0x0056,0x0057,0x0055,0x0058,0x0059,0x0058,0x0055,0x0055,0x0054,0x0059,0x0051,
  0x0054,0x0055,0x0054,0x0051,0x0053,0x0052,0x0053,0x0051,0x001d,0x0023,0x0022,0x002f,0x0023,0x001d,0x002e,0x0023,
  0x002f,0x0024,0x0023,0x002e,0x0022,0x0023,0x0024,0x0024,0x0026,0x0022,0x0024,0x0032,0x0033,0x002e,0x0032,0x0024,
  0x002f,0x0032,0x002e,0x0034,0x0032,0x002f,0x0038,0x0034,0x002f,0x0030,0x0038,0x002f,0x002f,0x001c,0x0030,0x002f,
  0x001d,0x001c,0x001b,0x0030,0x001c,0x0038,0x0030,0x0039,0x0034,0x0038,0x0039,0x0034,0x0039,0x0035,0x0035,0x0036,
  0x0034,0x0037,0x0036,0x0035,0x0036,0x0037,0x003a,0x003a,0x0048,0x0036,0x0047,0x0048,0x003a,0x003d,0x0047,0x003a,
  0x003c,0x003d,0x003a,0x003c,0x003a,0x003b,0x0037,0x003b,0x003a,0x0027,0x0026,0x0025,0x0027,0x0025,0x001f,0x0027,
  0x001f,0x0028,0x0020,0x0021,0x0031,0x003d,0x003c,0x003e,0x003f,0x003d,0x003e,0x003f,0x0040,0x003d,0x004a,0x0040,
  0x003f,0x0049,0x0040,0x004a,0x0047,0x0040,0x0049,0x003d,0x0040,0x0047,0x0048,0x0047,0x0049,0x0024,0x0048,0x0049,
  0x0033,0x0048,0x0024,0x0048,0x0033,0x0036,0x0033,0x0034,0x0036,0x0033,0x0032,0x0034,0x003e,0x0043,0x0042,0x003c,
  0x0043,0x003e,0x0043,0x0044,0x0042,0x005a,0x0056,0x0057,0x005a,0x0057,0x005b,0x005c,0x005a,0x005b,0x005b,0x0057,
  0x005d,0x004d,0x0049,0x004a,
};
const u16 sonm_m6_vtx[] = {
  0xfde9,0x00a9,0x0081,0xfdf7,0x00a8,0x0130,0xfda9,0x0114,0x00bf,0xffc0,0x014f,0x030a,0xffd2,0x010d,0x030a,0x0000,
  0x014e,0x0310,0xfd9c,0x015b,0x0121,0xfdc7,0x0167,0x011f,0xfdd5,0x00ff,0x0193,0x0000,0x0107,0x03f9,0x0000,0x0180,
  0x044a,0xffb0,0x0132,0x03ec,0x0000,0x018f,0x03de,0x0000,0x00f1,0x031c,0xffd2,0x010d,0x030a,0x0000,0x014e,0x0310,
  0xff50,0xfffc,0x0049,0x0000,0xfffa,0x0039,0x0000,0xffe0,0x00f9,0xfdd9,0x0158,0x01d1,0xfe8c,0x00b7,0x0232,0xfe8c,
  0x00b7,0x0232,0xfeb0,0x0040,0x017f,0xff42,0x0068,0x0269,0xfeb0,0x0040,0x017f,0xfe8b,0x0046,0x005d,0xff91,0x0003,
  0x01a6,0x0000,0xffe0,0x00f9,0x0000,0x0000,0x01ae,0xff50,0xfffc,0x0049,0x0000,0x0044,0x0265,0xff67,0x00cf,0x02dc,
  0xfead,0x012b,0x026f,0xff67,0x00cf,0x02dc,0x0000,0x00f1,0x031c,0x0000,0x00f1,0x031c,0xfe17,0x0166,0x0178,0xfe3a,
  0x0162,0x01a3,0xfea3,0x013f,0x0202,0xff2f,0x0135,0x025e,0x0000,0x015e,0x02aa,0x00b0,0xfffc,0x0049,0x002e,0x010d,
  0x030a,0x0050,0x0132,0x03ec,0x0257,0x0114,0x00bf,0x0239,0x0167,0x011f,0x0264,0x015b,0x0121,0x002e,0x010d,0x030a,
  0x0040,0x014f,0x030a,0x0209,0x00a8,0x0130,0x0217,0x00a9,0x0081,0x022b,0x00ff,0x0193,0x0227,0x0158,0x01d1,0x0174,
  0x00b7,0x0232,0x00be,0x0068,0x0269,0x0150,0x0040,0x017f,0x0174,0x00b7,0x0232,0x0150,0x0040,0x017f,0x0175,0x0046,
  0x005d,0x006f,0x0003,0x01a6,0x00b0,0xfffc,0x0049,0x0099,0x00cf,0x02dc,0x0099,0x00cf,0x02dc,0x0153,0x012b,0x026f,
  0x01e9,0x0166,0x0178,0x01c6,0x0162,0x01a3,0x015d,0x013f,0x0202,0x00d1,0x0135,0x025e,
};
const u16 sonm_m6_uv[] = {
  0x0126,0x0695,0x015f,0x0741,0x00f2,0x0715,0x0286,0x084a,0x02d0,0x084d,0x02f3,0x088d,0x0121,0x07c9,0x010a,0x07cc,
  0x0158,0x07be,0x0377,0x0f4c,0x0349,0x0f68,0x0375,0x0f4c,0x036f,0x0f77,0x0400,0x0f5b,0x0400,0x0f5b,0x0401,0x0f6b,
  0x0221,0x0623,0x02de,0x0620,0x02de,0x0631,0x0196,0x08a8,0x01cb,0x078f,0x01d8,0x0781,0x01f0,0x06f3,0x0253,0x078d,
  0x01fe,0x06f1,0x01bd,0x066f,0x0288,0x06fa,0x02d3,0x0686,0x02d3,0x06fe,0x025d,0x0622,0x02d3,0x0781,0x026c,0x07f1,
  0x01f7,0x08a1,0x029a,0x080c,0x02f3,0x081a,0x02d3,0x0821,0x012b,0x085a,0x0191,0x08c9,0x0207,0x08ba,0x028c,0x0870,
  0x02f3,0x08ac,0x0391,0x0627,0x0400,0x0f5b,0x0375,0x0f4c,0x04f0,0x0715,0x04d7,0x07cc,0x04c1,0x07c9,0x0311,0x084d,
  0x035c,0x084a,0x0483,0x0741,0x04bc,0x0695,0x048a,0x07be,0x044c,0x08a8,0x0416,0x078f,0x0353,0x078d,0x03b5,0x06f3,
  0x03ce,0x0781,0x03e4,0x06f1,0x0424,0x066f,0x031d,0x06fa,0x0349,0x0622,0x033a,0x07f1,0x0337,0x080c,0x03eb,0x08a1,
  0x04b6,0x085a,0x0451,0x08c9,0x03db,0x08ba,0x0356,0x0870,
};
const u16 sonm_m6_col[] = {
  0x7fff,0x7fff,0x7fff,0x7fff,0x7fff,0x7fff,0x7fff,0x7fff,0x7fff,0x7fff,0x7fff,0x7fff,0x7fff,0x7fff,0x7fff,0x7fff,
  0x7fff,0x7fff,0x7fff,0x7fff,0x7fff,0x7fff,0x7fff,0x7fff,0x7fff,0x7fff,0x7fff,0x7fff,0x7fff,0x7fff,0x7fff,0x7fff,
  0x7fff,0x7fff,0x7fff,0x7fff,0x7fff,0x7fff,0x7fff,0x7fff,0x7fff,0x7fff,0x7fff,0x7fff,0x7fff,0x7fff,0x7fff,0x7fff,
  0x7fff,0x7fff,0x7fff,0x7fff,0x7fff,0x7fff,0x7fff,0x7fff,0x7fff,0x7fff,0x7fff,0x7fff,0x7fff,0x7fff,0x7fff,0x7fff,
  0x7fff,0x7fff,0x7fff,0x7fff,
};
const u16 sonm_m6_idx[] = {
  0x0000,0x0001,0x0002,0x0001,0x0000,0x0019,0x0001,0x0019,0x0018,0x0001,0x0018,0x0014,0x0014,0x0008,0x0001,0x0008,
  0x0014,0x0013,0x0008,0x0013,0x0006,0x0002,0x0008,0x0006,0x0006,0x0007,0x0002,0x0013,0x0007,0x0006,0x0013,0x0024,
  0x0007,0x0013,0x0025,0x0024,0x0026,0x0025,0x0013,0x0020,0x0026,0x0013,0x0013,0x0014,0x0020,0x0020,0x0014,0x0021,
  0x0021,0x0003,0x0020,0x0021,0x0004,0x0003,0x0004,0x0021,0x0022,0x0003,0x0004,0x0005,0x0005,0x0028,0x0003,0x0030,
  0x0028,0x0005,0x0005,0x002f,0x0030,0x0030,0x002f,0x003e,0x003f,0x0030,0x003e,0x003e,0x0035,0x003f,0x003f,0x0035,
  0x0034,0x0034,0x0042,0x003f,0x0034,0x0041,0x0042,0x0040,0x0041,0x0034,0x002e,0x0040,0x0034,0x002e,0x0034,0x0033,
  0x002e,0x0033,0x002c,0x002c,0x002d,0x002e,0x002e,0x002d,0x0040,0x0001,0x0008,0x0002,0x0009,0x000a,0x000b,0x000d,
  0x0009,0x000b,0x000d,0x000b,0x000e,0x000b,0x000f,0x000e,0x000c,0x000f,0x000b,0x000b,0x000a,0x000c,0x000c,0x000a,
  0x002b,0x002b,0x000f,0x000c,0x002a,0x000f,0x002b,0x002a,0x002b,0x0009,0x002a,0x0009,0x000d,0x002b,0x000a,0x0009,
  0x0010,0x0011,0x0012,0x0012,0x0011,0x0029,0x0029,0x003a,0x0039,0x0039,0x003a,0x0031,0x0035,0x0039,0x0031,0x0031,
  0x0033,0x0035,0x002c,0x0033,0x0031,0x002c,0x0031,0x0032,0x003a,0x0032,0x0031,0x0015,0x0016,0x0017,0x0015,0x0017,
  0x001f,0x0017,0x001e,0x001f,0x0017,0x001a,0x001e,0x001a,0x0017,0x0016,0x001d,0x001a,0x0016,0x001b,0x001a,0x001d,
  0x001a,0x001b,0x001c,0x001a,0x001c,0x001e,0x001e,0x001c,0x003b,0x001e,0x003b,0x0036,0x003d,0x001e,0x0036,0x003d,
  0x0036,0x0038,0x0036,0x0037,0x0038,0x0037,0x0036,0x003b,0x0037,0x003b,0x003c,0x003c,0x003b,0x001b,0x001c,0x001b,
  0x003b,0x0018,0x0019,0x0010,0x001f,0x001e,0x0023,0x0023,0x001e,0x003d,0x0026,0x0020,0x0027,0x0020,0x0003,0x0027,
  0x0027,0x0003,0x0028,0x0028,0x0030,0x0043,0x0043,0x0030,0x003f,0x0043,0x003f,0x0042,0x0034,0x0035,0x0033,0x0022,
  0x003e,0x002f,
};
const u16 sonm_m7_vtx[] = {
  0xfe10,0x037f,0x0236,0xfec6,0x0386,0x02b0,0xfeaf,0x03b1,0x0295,0xfd74,0x0381,0x0149,0xfd72,0x02bc,0x012a,0xfe1b,
  0x02ae,0x0231,0xfda0,0x03e0,0x0176,0xfde4,0x0423,0x01cc,0xfe57,0x0403,0x0245,0xff18,0x02a9,0x02cf,0xfea3,0x013f,
  0x0202,0xff2f,0x0135,0x025e,0xff74,0x01fe,0x02b8,0xfe32,0x020f,0x0211,0xfe3a,0x0162,0x01a3,0xfe17,0x0166,0x0178,
  0xfdd0,0x01c6,0x0142,0xfd97,0x0239,0x0139,0x0000,0x015e,0x02aa,0x0000,0x01b7,0x02bb,0x008c,0x01fe,0x02b8,0x00d1,
  0x0135,0x025e,0x01e5,0x02ae,0x0231,0x00e8,0x02a9,0x02cf,0x01ce,0x020f,0x0211,0x028e,0x02bc,0x012a,0x0269,0x0239,
  0x0139,0x0230,0x01c6,0x0142,0x01e9,0x0166,0x0178,0x01c6,0x0162,0x01a3,0x015d,0x013f,0x0202,0x01f0,0x037f,0x0236,
  0x013a,0x0386,0x02b0,0x0151,0x03b1,0x0295,0x01a9,0x0403,0x0245,0x021c,0x0423,0x01cc,0x0260,0x03e0,0x0176,0x028c,
  0x0381,0x0149,
};
const u16 sonm_m7_uv[] = {
  0x0779,0x01f8,0x06dd,0x0203,0x06ee,0x0220,0x07e2,0x01e0,0x07e8,0x014e,0x077e,0x015d,0x07c9,0x022c,0x0795,0x022f,
  0x0735,0x0224,0x06a6,0x0160,0x0723,0x0042,0x06ad,0x003f,0x0601,0x00c7,0x06fc,0x00f2,0x076e,0x004b,0x0795,0x0054,
  0x0796,0x00b9,0x07e2,0x00f1,0x0621,0x0032,0x05f3,0x009e,0x0601,0x00c7,0x06ad,0x003f,0x077e,0x015d,0x06a6,0x0160,
  0x06fc,0x00f2,0x07e8,0x014e,0x07e2,0x00f1,0x0796,0x00b9,0x0795,0x0054,0x076e,0x004b,0x0723,0x0042,0x0779,0x01f8,
  0x06dd,0x0203,0x06ee,0x0220,0x0735,0x0224,0x0795,0x022f,0x07c9,0x022c,0x07e2,0x01e0,
};
const u16 sonm_m7_col[] = {
  0x7fff,0x7fff,0x7fff,0x7fff,0x7fff,0x7fff,0x7fff,0x7fff,0x7fff,0x7fff,0x7fff,0x7fff,0x7fff,0x7fff,0x7fff,0x7fff,
  0x7fff,0x7fff,0x7fff,0x7fff,0x7fff,0x7fff,0x7fff,0x7fff,0x7fff,0x7fff,0x7fff,0x7fff,0x7fff,0x7fff,0x7fff,0x7fff,
  0x7fff,0x7fff,0x7fff,0x7fff,0x7fff,0x7fff,
};
const u16 sonm_m7_idx[] = {
  0x0000,0x0001,0x0002,0x0008,0x0000,0x0002,0x0000,0x0008,0x0007,0x0007,0x0006,0x0000,0x0000,0x0006,0x0003,0x0003,
  0x0005,0x0000,0x0003,0x0004,0x0005,0x0011,0x0005,0x0004,0x0011,0x000d,0x0005,0x0011,0x0010,0x000d,0x0010,0x000f,
  0x000d,0x000d,0x000f,0x000e,0x000e,0x000a,0x000d,0x000a,0x000c,0x000d,0x000a,0x000b,0x000c,0x000b,0x0012,0x000c,
  0x0013,0x000c,0x0012,0x0012,0x0014,0x0013,0x0014,0x0012,0x0015,0x0018,0x0014,0x0015,0x0016,0x0014,0x0018,0x0016,
  0x0017,0x0014,0x001f,0x0017,0x0016,0x001f,0x0020,0x0017,0x0021,0x0020,0x001f,0x0021,0x001f,0x0022,0x0023,0x0022,
  0x001f,0x001f,0x0024,0x0023,0x0025,0x0024,0x001f,0x001f,0x0019,0x0025,0x001f,0x0016,0x0019,0x0019,0x0016,0x0018,
  0x0019,0x0018,0x001a,0x0018,0x001b,0x001a,0x0018,0x001c,0x001b,0x001d,0x001c,0x0018,0x0018,0x001e,0x001d,0x0018,
  0x0015,0x001e,0x0005,0x0009,0x0001,0x0005,0x0001,0x0000,0x000d,0x0009,0x0005,0x000d,0x000c,0x0009,
};
const u16 sonm_m8_vtx[] = {
  0xfe98,0x0d40,0x0012,0xfef8,0x0d63,0x00f6,0xff09,0x0d9d,0xfff2,0xfef9,0x0aed,0x0110,0xfebe,0x0a38,0x001c,0xff3b,
  0x0a1d,0x00a9,0xfec8,0x0c03,0x0138,0xfe9e,0x0b02,0xfff5,0xfe6e,0x0cbe,0x0029,0xfe5e,0x0c4b,0xff05,0xfe6a,0x0c03,
  0x0001,0x0000,0x0c02,0x019a,0x0000,0x0ad2,0x0148,0x0000,0x0c04,0xfe8a,0xff92,0x0b69,0xfeb6,0xffd2,0x0c48,0xfe0d,
  0xfee2,0x0b17,0xfe17,0xfeb9,0x0b5d,0xfef5,0x0000,0x0cd0,0x018c,0x0000,0x0b55,0xfeac,0x0000,0x0a6f,0xfeea,0x0000,
  0x098c,0xffd3,0xffaf,0x09e8,0x0046,0xff89,0x09ab,0xff94,0x0000,0x0a2c,0x00fe,0xff80,0x0a6b,0x0119,0x0000,0x097c,
  0xfe5e,0xff6b,0x0a4f,0xff0e,0xfe42,0x0c44,0xfe0a,0xfe9e,0x0b02,0xfff5,0x0000,0x0a04,0xfe1b,0xfefb,0x0a2b,0xff88,
  0xfebe,0x0a38,0x001c,0xff80,0x0a6b,0x0119,0xffaf,0x09c4,0xfe2a,0x0000,0x0999,0xfce7,0xfed0,0x0cd0,0x012c,0x0000,
  0x0d67,0x0130,0xfef8,0x0d63,0x00f6,0xff3b,0x0a1d,0x00a9,0xff54,0x09d4,0xff6d,0x00f7,0x0d9d,0xfff2,0x0108,0x0d63,
  0x00f6,0x0168,0x0d40,0x0012,0x00c5,0x0a1d,0x00a9,0x0142,0x0a38,0x001c,0x0107,0x0aed,0x0110,0x0162,0x0b02,0xfff5,
  0x0138,0x0c03,0x0138,0x0147,0x0b5d,0xfef5,0x006e,0x0b69,0xfeb6,0x011e,0x0b17,0xfe17,0x0077,0x09ab,0xff94,0x0051,
  0x09e8,0x0046,0xfe6a,0x0c03,0x0001,0x002e,0x0c48,0xfe0d,0x0000,0x0deb,0x0018,0x0196,0x0c03,0x0001,0x0130,0x0cd0,
  0x012c,0x0000,0x0d98,0xff28,0x0000,0x0deb,0x0018,0x0095,0x0a4f,0xff0e,0x0000,0x0a2c,0x00fe,0xfe6e,0x0cbe,0x0029,
  0x01be,0x0c44,0xfe0a,0x01a2,0x0c4b,0xff05,0x0196,0x0c03,0x0001,0x00ac,0x09d4,0xff6d,0x0080,0x0a6b,0x0119,0x0192,
  0x0cbe,0x0029,0x0080,0x0a6b,0x0119,0x0162,0x0b02,0xfff5,0x0142,0x0a38,0x001c,0x0105,0x0a2b,0xff88,0x0051,0x09c4,
  0xfe2a,0x0108,0x0d63,0x00f6,0x00c5,0x0a1d,0x00a9,0x0192,0x0cbe,0x0029,0xfe87,0x0d27,0xff29,0xfef3,0x0cd8,0xfd7c,
  0xff66,0x0c62,0xfd59,0xfe55,0x0a0d,0xfc75,0xff48,0x0b40,0xfd57,0xfef8,0x0d58,0xfe7c,0x0179,0x0d27,0xff29,0x01ab,
  0x0a0d,0xfc75,0x009a,0x0c62,0xfd59,0x010d,0x0cd8,0xfd7c,0x00b8,0x0b40,0xfd57,0x0086,0x0d38,0xfe25,0xff7a,0x0d38,
  0xfe25,0x0108,0x0d58,0xfe7c,0xff1e,0x0992,0xff76,0xff54,0x09d4,0xff6d,0xff89,0x09ab,0xff94,0xff24,0x0963,0x0093,
  0xff57,0x0783,0xfffe,0xff97,0x0953,0x000f,0xff33,0x09b4,0x0093,0xffa1,0x098b,0x0011,0xff57,0x0783,0xfffe,0xfed7,
  0x0795,0xff7b,0xff97,0x0953,0x000f,0xfebe,0x0a38,0x001c,0xfebe,0x09d0,0x0017,0xfefb,0x0a2b,0xff88,0xffaf,0x09e8,
  0x0046,0xffa1,0x098b,0x0011,0xffaf,0x09e8,0x0046,0xff3b,0x0a1d,0x00a9,0xfed3,0x0795,0x0090,0xfe51,0x07a5,0x0003,
  0xfeac,0x0970,0x000e,0xff18,0x0959,0xff78,0x0077,0x09ab,0xff94,0x00ac,0x09d4,0xff6d,0x00e2,0x0992,0xff76,0x0069,
  0x0953,0x000f,0x00a9,0x0783,0xfffe,0x00dc,0x0963,0x0093,0x0142,0x09d0,0x0017,0x0142,0x0a38,0x001c,0x00cd,0x09b4,
  0x0093,0x0105,0x0a2b,0xff88,0x005f,0x098b,0x0011,0x0051,0x09e8,0x0046,0x005f,0x098b,0x0011,0x0051,0x09e8,0x0046,
  0x00c5,0x0a1d,0x00a9,0x012d,0x0795,0x0090,0x0154,0x0970,0x000e,0x01af,0x07a5,0x0003,0x00e8,0x0959,0xff78,0x0129,
  0x0795,0xff7b,0x0069,0x0953,0x000f,0x00a9,0x0783,0xfffe,0xfd37,0x02ae,0xfe86,0xfca9,0x0446,0xffe0,0xfd6f,0x0444,
  0xfe9f,0xfc89,0x02af,0xffd9,0xfe1e,0x02eb,0xfff9,0xfd27,0x0307,0x0158,0xfef7,0x0440,0xfeb3,0xffb4,0x02a5,0xfffb,
  0xff17,0x02a9,0xfe9a,0xfec9,0x0441,0x0147,0xfd4f,0x0444,0x0123,0xfee1,0x0303,0x0181,0xffb4,0x02a5,0xfffb,0xfe52,
  0x0497,0xfff7,0xfd26,0x026a,0x02c0,0xfc65,0x0166,0x02ca,0xfcfb,0x01c8,0x0464,0xfc95,0x0232,0x0143,0xfd26,0x026a,
  0x02c0,0xfd83,0x02f2,0x017e,0xfbf9,0x0001,0x02bf,0xfc65,0x0166,0x02ca,0xff60,0x01af,0x02be,0xfeca,0x0266,0x02c3,
  0xfedc,0x01c6,0x0464,0xffe6,0xffff,0x012a,0xff5f,0x022b,0x0144,0xffc7,0xffff,0x02c1,0xff60,0x01af,0x02be,0xfbf9,
  0x0001,0x013f,0xfbf9,0x0001,0x02bf,0xfec2,0x038d,0xfff8,0xfeb7,0x06be,0x0090,0xfe2f,0x03b4,0x0098,0xffa3,0x043f,
  0xfffa,0xffa3,0x043f,0xfffa,0xfc04,0x007c,0x02d6,0xfc65,0x01c4,0x0129,0xfc05,0x007c,0x0129,0xfc70,0x01c4,0x02d4,
  0xfea1,0x02f0,0x017e,0xfd2b,0x02df,0xfebf,0xfd83,0x02f2,0x017e,0xfd01,0x0162,0xfe1e,0xff24,0xffff,0xfe3c,0xfcfe,
  0x0000,0xfe3e,0xfea4,0x006e,0x052f,0xffc7,0xffff,0x02c1,0xfffa,0xffff,0x002a,0xfef9,0x0160,0xfe1d,0xfeb6,0x02e9,
  0xfeb8,0xff27,0x0630,0xfffe,0xfe30,0x03b4,0xff69,0xfea1,0x0642,0xff75,0xfbf9,0x0001,0x013f,0xfbfa,0x0001,0x0029,
  0xffc7,0xffff,0x02c1,0xfbf9,0x0001,0x02bf,0xfd30,0x006f,0x052f,0xffe6,0xffff,0x012a,0xfffa,0xffff,0x002a,0xff5f,
  0x022b,0x0144,0xffe6,0xffff,0x012a,0xfc95,0x0232,0x0143,0xfeca,0x0266,0x02c3,0xfea1,0x02f0,0x017e,0xfbfa,0x0001,
  0x0029,0xfea4,0x006e,0x052f,0xfbf9,0x0001,0x013f,0xfd30,0x006f,0x052f,0xff24,0xffff,0xfe3c,0xfcfe,0x0000,0xfe3e,
  0xff3d,0x06c6,0xfffe,0xfe1e,0x02eb,0xfff9,0xfe11,0x0652,0x0003,0xfd9d,0x03db,0xfffd,0xfe2c,0x06e9,0x0003,0xff27,
  0x0630,0xfffe,0xff3d,0x06c6,0xfffe,0xfec4,0x071c,0x0090,0xfebe,0x06ed,0xff78,0x02d9,0x0307,0x0158,0x011f,0x0303,
  0x0181,0x01e2,0x02eb,0xfff9,0x0137,0x0441,0x0147,0x004c,0x02a5,0xfffb,0x02b1,0x0444,0x0123,0x005d,0x043f,0xfffa,
  0x01ae,0x0497,0xfff7,0x005d,0x043f,0xfffa,0x0109,0x0440,0xfeb3,0x004c,0x02a5,0xfffb,0x00e9,0x02a9,0xfe9a,0x01e2,
  0x02eb,0xfff9,0x0377,0x02af,0xffd9,0x02c9,0x02ae,0xfe86,0x0357,0x0446,0xffe0,0x0291,0x0444,0xfe9f,0x01d1,0x03b4,
  0x0098,0x0149,0x06be,0x0090,0x013e,0x038d,0xfff8,0x0124,0x01c6,0x0464,0x0136,0x0266,0x02c3,0x00a0,0x01af,0x02be,
  0x02da,0x026a,0x02c0,0x039b,0x0166,0x02ca,0x036b,0x0232,0x0143,0x027d,0x02f2,0x017e,0x0305,0x01c8,0x0464,0x039b,
  0x0166,0x02ca,0x02da,0x026a,0x02c0,0x0263,0x03db,0xfffd,0x01ef,0x0652,0x0003,0x01d4,0x06e9,0x0003,0x00c3,0x06c6,
  0xfffe,0x00d9,0x0630,0xfffe,0x00d9,0x0630,0xfffe,0x01d0,0x03b4,0xff69,0x015f,0x0642,0xff75,0x00c3,0x06c6,0xfffe,
  0x015f,0x02f0,0x017e,0x00a0,0x01af,0x02be,0x0136,0x0266,0x02c3,0x0407,0x0001,0x02bf,0x0407,0x0001,0x013f,0x00a1,
  0x022b,0x0144,0x0039,0xffff,0x02c1,0x001a,0xffff,0x012a,0x0407,0x0001,0x02bf,0x03fb,0x007c,0x0129,0x039b,0x01c4,
  0x0129,0x03fc,0x007c,0x02d6,0x0390,0x01c4,0x02d4,0x027d,0x02f2,0x017e,0x02d5,0x02df,0xfebf,0x015f,0x02f0,0x017e,
  0x0302,0x0000,0xfe3e,0x00dc,0xffff,0xfe3c,0x02ff,0x0162,0xfe1e,0x0039,0xffff,0x02c1,0x015c,0x006e,0x052f,0x014a,
  0x02e9,0xfeb8,0x0107,0x0160,0xfe1d,0x0006,0xffff,0x002a,0x0407,0x0001,0x02bf,0x0039,0xffff,0x02c1,0x0406,0x0001,
  0x0029,0x0407,0x0001,0x013f,0x0302,0x0000,0xfe3e,0x0006,0xffff,0x002a,0x00dc,0xffff,0xfe3c,0x02d0,0x006f,0x052f,
  0x015c,0x006e,0x052f,0x00a1,0x022b,0x0144,0x036b,0x0232,0x0143,0x0406,0x0001,0x0029,0x0407,0x0001,0x013f,0x02d0,
  0x006f,0x052f,0x001a,0xffff,0x012a,0x001a,0xffff,0x012a,0x013c,0x071c,0x0090,0x0142,0x06ed,0xff78,0x08de,0x0e16,
  0x001c,0x0891,0x0de8,0xfed6,0x064c,0x0dfb,0x0055,0x07c4,0x0cf5,0xffe0,0x088d,0x0d0b,0x0066,0x07fe,0x0cd1,0x0090,
  0x07e1,0x0d4d,0x011d,0x08aa,0x0ded,0x00b8,0x056f,0x0c9c,0x00f2,0x0518,0x0d47,0xfff9,0x056f,0x0c1c,0xfffa,0x0724,
  0x0c7c,0x0099,0x0651,0x0cd3,0x00b9,0x06b7,0x0ca1,0x011c,0x0649,0x0d57,0x00e5,0x082b,0x0cfd,0xfec6,0x0833,0x0cd8,
  0xff3a,0x0760,0x0cdc,0xff0a,0x0869,0x0cd7,0xffcd,0x07f7,0x0cb4,0x010b,0x064d,0x0d37,0xff19,0x06fe,0x0d4d,0xfed2,
  0x0643,0x0cbd,0xffe6,0x08b7,0x0c93,0x014d,0x0928,0x0c9b,0x00a4,0x064e,0x0db4,0xff43,0x0643,0x0cbd,0xffe6,0x06cc,
  0x0d25,0x014a,0x0702,0x0c41,0x012a,0x06b7,0x0ca1,0x011c,0x0724,0x0c7c,0x0099,0x064d,0x0d37,0xff19,0x06fe,0x0d4d,
  0xfed2,0x0928,0x0c50,0xff80,0x0833,0x0cd8,0xff3a,0x092c,0x0cda,0xff1e,0x07c6,0x0bd5,0x003e,0x0812,0x0c4d,0x0074,
  0x07f1,0x0c4d,0x0163,0x0787,0x0c22,0x0162,0x06ae,0x0c8e,0xffda,0x0651,0x0cd3,0x00b9,0x08f2,0x0c39,0x00e2,0x092d,
  0x0c4c,0x003b,0x0955,0x0ccd,0xffdc,0x0928,0x0c9b,0x00a4,0x056f,0x0de1,0xff12,0x056f,0x0cb4,0xff02,0x0869,0x0cd7,
  0xffcd,0x0955,0x0ccd,0xffdc,0x07f7,0x0cb4,0x010b,0x0813,0x0c55,0x0074,0x088d,0x0d0b,0x0066,0x0702,0x0c41,0x012a,
  0x08a3,0x0ca5,0xfe9c,0x092c,0x0cda,0xff1e,0x0917,0x0c82,0xfee7,0x082d,0x0c9e,0xff71,0x082b,0x0d0b,0xff8a,0x0833,
  0x0cd8,0xff3a,0x0821,0x0c83,0xfea5,0x082b,0x0cfd,0xfec6,0x08a3,0x0ca5,0xfe9c,0x07f7,0x0cb4,0x010b,0x063f,0x0cb4,
  0xff02,0x063f,0x0c1c,0xfffa,0x063f,0x0c1c,0xfffa,0x063f,0x0c9c,0x00f2,0x082b,0x0cfd,0xfec6,0x07c6,0x0bd5,0x003e,
  0x0812,0x0c4d,0x0074,0x088d,0x0d0b,0x0066,0x0829,0x0c9b,0xff14,0x0821,0x0c83,0xfea5,0x082d,0x0c9e,0xff71,0x056f,
  0x0c1c,0xfffa,0x0840,0x0c92,0x000d,0x0869,0x0cd7,0xffcd,0x0833,0x0cd8,0xff3a,0x082b,0x0cfd,0xfec6,0x073f,0x0bdf,
  0x008c,0x063f,0x0e66,0x000e,0x063f,0x0dbe,0x010d,0x06b9,0x0d45,0xffeb,0x0869,0x0cd7,0xffcd,0x056f,0x0dbe,0x010d,
  0x0829,0x0c9b,0xff14,0x073f,0x0bdf,0x008c,0x0518,0x0d47,0xfff9,0x063f,0x0de1,0xff12,0x0840,0x0c92,0x000d,0x0837,
  0x0d20,0x000a,0x0869,0x0cd7,0xffcd,0x088d,0x0d0b,0x0066,0x0813,0x0c55,0x0074,0x07fe,0x0cd1,0x0090,0x088d,0x0d0b,
  0x0066,0x07f7,0x0cb4,0x010b,0x056f,0x0e66,0x000e,0x03b0,0x0cda,0xffe6,0x03b0,0x0d2f,0xff9b,0x0595,0x0d27,0xff86,
  0x0595,0x0cbd,0xffe5,0x03b0,0x0cda,0xffe6,0x0595,0x0cbd,0xffe5,0x0595,0x0d27,0x004a,0x03b0,0x0d2e,0x0036,0x0595,
  0x0d7d,0xffee,0x03b0,0x0d74,0xffec,0x0362,0x0d70,0xffed,0x02fd,0x0d2f,0x0032,0x0362,0x0cdd,0xffe6,0x02fd,0x0d6d,
  0xffed,0x02fd,0x0d2e,0xff9f,0x0167,0x0d3c,0xffaf,0x0156,0x0d6e,0xffef,0x015b,0x0cfd,0xffea,0x02fd,0x0ce0,0xffe6,
  0x0362,0x0d2e,0xff9d,0x0167,0x0d3c,0x0028,0x015b,0x0cfd,0xffea,0x02fd,0x0ce0,0xffe6,0x0362,0x0cdd,0xffe6,0x0133,
  0x0d3d,0xffed,0xf9b4,0x0dfb,0x0055,0xf76f,0x0de8,0xfed6,0xf722,0x0e16,0x001c,0xf802,0x0cd1,0x0090,0xf773,0x0d0b,
  0x0066,0xf83c,0x0cf5,0xffe0,0xf756,0x0ded,0x00b8,0xf81f,0x0d4d,0x011d,0xfa91,0x0c1c,0xfffa,0xfae8,0x0d47,0xfff9,
  0xfa91,0x0c9c,0x00f2,0xf8dc,0x0c7c,0x0099,0xf9b7,0x0d57,0x00e5,0xf949,0x0ca1,0x011c,0xf9af,0x0cd3,0x00b9,0xf8a0,
  0x0cdc,0xff0a,0xf7cd,0x0cd8,0xff3a,0xf7d5,0x0cfd,0xfec6,0xf797,0x0cd7,0xffcd,0xf809,0x0cb4,0x010b,0xf9bd,0x0cbd,
  0xffe6,0xf902,0x0d4d,0xfed2,0xf9b3,0x0d37,0xff19,0xf6d8,0x0c9b,0x00a4,0xf749,0x0c93,0x014d,0xf9bd,0x0cbd,0xffe6,
  0xf9b2,0x0db4,0xff43,0xf934,0x0d25,0x014a,0xf8dc,0x0c7c,0x0099,0xf949,0x0ca1,0x011c,0xf8fe,0x0c41,0x012a,0xf902,
  0x0d4d,0xfed2,0xf9b3,0x0d37,0xff19,0xf6d4,0x0cda,0xff1e,0xf7cd,0x0cd8,0xff3a,0xf6d8,0x0c50,0xff80,0xf80f,0x0c4d,
  0x0163,0xf7ee,0x0c4d,0x0074,0xf83a,0x0bd5,0x003e,0xf879,0x0c22,0x0162,0xf952,0x0c8e,0xffda,0xf9af,0x0cd3,0x00b9,
  0xf70e,0x0c39,0x00e2,0xf6d8,0x0c9b,0x00a4,0xf6ab,0x0ccd,0xffdc,0xf6d3,0x0c4c,0x003b,0xfa91,0x0cb4,0xff02,0xfa91,
  0x0de1,0xff12,0xf6ab,0x0ccd,0xffdc,0xf797,0x0cd7,0xffcd,0xf7ed,0x0c55,0x0074,0xf809,0x0cb4,0x010b,0xf773,0x0d0b,
  0x0066,0xf8fe,0x0c41,0x012a,0xf6e9,0x0c82,0xfee7,0xf6d4,0x0cda,0xff1e,0xf75d,0x0ca5,0xfe9c,0xf7cd,0x0cd8,0xff3a,
  0xf7d5,0x0d0b,0xff8a,0xf7d3,0x0c9e,0xff71,0xf75d,0x0ca5,0xfe9c,0xf7d5,0x0cfd,0xfec6,0xf7df,0x0c83,0xfea5,0xf809,
  0x0cb4,0x010b,0xf9c1,0x0c1c,0xfffa,0xf9c1,0x0cb4,0xff02,0xf9c1,0x0c9c,0x00f2,0xf9c1,0x0c1c,0xfffa,0xf7d5,0x0cfd,
  0xfec6,0xf7ee,0x0c4d,0x0074,0xf83a,0x0bd5,0x003e,0xf773,0x0d0b,0x0066,0xf7df,0x0c83,0xfea5,0xf7d7,0x0c9b,0xff14,
  0xf7d3,0x0c9e,0xff71,0xfa91,0x0c1c,0xfffa,0xf797,0x0cd7,0xffcd,0xf7c0,0x0c92,0x000d,0xf7d5,0x0cfd,0xfec6,0xf7cd,
  0x0cd8,0xff3a,0xf8c1,0x0bdf,0x008c,0xf947,0x0d45,0xffeb,0xf9c1,0x0dbe,0x010d,0xf9c1,0x0e66,0x000e,0xf797,0x0cd7,
  0xffcd,0xfa91,0x0dbe,0x010d,0xf7d7,0x0c9b,0xff14,0xf8c1,0x0bdf,0x008c,0xfae8,0x0d47,0xfff9,0xf9c1,0x0de1,0xff12,
  0xf797,0x0cd7,0xffcd,0xf7c9,0x0d20,0x000a,0xf7c0,0x0c92,0x000d,0xf773,0x0d0b,0x0066,0xf773,0x0d0b,0x0066,0xf802,
  0x0cd1,0x0090,0xf7ed,0x0c55,0x0074,0xf809,0x0cb4,0x010b,0xfa91,0x0e66,0x000e,0xfa6b,0x0cbd,0xffe5,0xfa6b,0x0d27,
  0xff86,0xfc50,0x0d2f,0xff9b,0xfc50,0x0cda,0xffe6,0xfc50,0x0d2e,0x0036,0xfa6b,0x0d27,0x004a,0xfa6b,0x0cbd,0xffe5,
  0xfc50,0x0cda,0xffe6,0xfc50,0x0d74,0xffec,0xfa6b,0x0d7d,0xffee,0xfc9e,0x0d70,0xffed,0xfd03,0x0d2f,0x0032,0xfc9e,
  0x0d2e,0xff9d,0xfc9e,0x0cdd,0xffe6,0xfc9e,0x0cdd,0xffe6,0xfd03,0x0d6d,0xffed,0xfd03,0x0ce0,0xffe6,0xfd03,0x0ce0,
  0xffe6,0xfd03,0x0d2e,0xff9f,0xfeaa,0x0d6e,0xffef,0xfe99,0x0d3c,0xffaf,0xfea5,0x0cfd,0xffea,0xfea5,0x0cfd,0xffea,
  0xfe99,0x0d3c,0x0028,0xfecd,0x0d3d,0xffed,
};
const u16 sonm_m8_uv[] = {
  0x04ff,0x0f8f,0x042f,0x0f78,0x051a,0x0fc0,0x072a,0x0aed,0x074c,0x0a9a,0x0718,0x0a6f,0x0749,0x0b89,0x07c9,0x0ae7,
  0x0504,0x0f54,0x05d3,0x0f40,0x051c,0x0ef0,0x068e,0x0b88,0x0695,0x0b17,0x0623,0x0fa1,0x05dc,0x0e82,0x068a,0x0fc0,
  0x06a2,0x0efc,0x05ae,0x0e9e,0x068e,0x0bf1,0x05e8,0x0e81,0x05de,0x0df2,0x04e7,0x0d8f,0x0495,0x0db0,0x0550,0x0d9d,
  0x0422,0x0dd5,0x0408,0x0e23,0x06a1,0x0d76,0x05a9,0x0dea,0x0664,0x0f5e,0x0510,0x0e69,0x06c2,0x0db0,0x0527,0x0de8,
  0x04d7,0x0df0,0x06c0,0x0aa2,0x06ac,0x0d9c,0x0769,0x0d7d,0x074c,0x0bfd,0x0685,0x0c7d,0x072c,0x0c41,0x046d,0x0de1,
  0x0557,0x0dc4,0x051a,0x0fc0,0x042f,0x0f78,0x04ff,0x0f8f,0x0718,0x0a6f,0x074c,0x0a9a,0x072a,0x0aed,0x07c9,0x0ae7,
  0x0749,0x0b89,0x05ae,0x0e9e,0x05dc,0x0e82,0x06a2,0x0efc,0x0550,0x0d9d,0x0495,0x0db0,0x07c9,0x0b97,0x068a,0x0fc0,
  0x0692,0x0c9a,0x07c9,0x0b97,0x074c,0x0bfd,0x05ad,0x0ff4,0x04e1,0x0ff0,0x05a9,0x0dea,0x0690,0x0a73,0x077c,0x0bf7,
  0x0664,0x0f5e,0x05d3,0x0f40,0x051c,0x0ef0,0x0557,0x0dc4,0x06c0,0x0aa2,0x0504,0x0f54,0x0408,0x0e23,0x0510,0x0e69,
  0x04d7,0x0df0,0x0527,0x0de8,0x06ac,0x0d9c,0x072c,0x0c41,0x046d,0x0de1,0x077c,0x0bf7,0x05cb,0x0f8c,0x066c,0x0fde,
  0x06d9,0x0fd4,0x078c,0x0ede,0x06e3,0x0f39,0x0614,0x0fd9,0x05cb,0x0f8c,0x078c,0x0ede,0x06d9,0x0fd4,0x066c,0x0fde,
  0x06e3,0x0f39,0x067a,0x0fe4,0x067a,0x0fe4,0x0614,0x0fd9,0x0563,0x0ce7,0x0555,0x0d0d,0x059d,0x0d0a,0x03f3,0x0ccf,
  0x0342,0x0c69,0x0340,0x0cc6,0x03f0,0x0ce6,0x033f,0x0cdf,0x0602,0x0c69,0x0551,0x0c69,0x0607,0x0cc5,0x048f,0x0d17,
  0x0496,0x0ce7,0x050d,0x0d10,0x0602,0x0cf3,0x0605,0x0ce1,0x0342,0x0cee,0x03e5,0x0d17,0x03f5,0x0c6a,0x0487,0x0c69,
  0x0487,0x0cd1,0x0553,0x0ccd,0x059d,0x0d0a,0x0555,0x0d0d,0x0563,0x0ce7,0x0340,0x0cc6,0x0342,0x0c69,0x03f3,0x0ccf,
  0x0496,0x0ce7,0x048f,0x0d17,0x03f0,0x0ce6,0x050d,0x0d10,0x0605,0x0ce1,0x0602,0x0cf3,0x033f,0x0cdf,0x0342,0x0cee,
  0x03e5,0x0d17,0x03f5,0x0c6a,0x0487,0x0cd1,0x0487,0x0c69,0x0553,0x0ccd,0x0551,0x0c69,0x0607,0x0cc5,0x0602,0x0c69,
  0x0988,0x0dc7,0x0a3e,0x0ee4,0x098a,0x0ede,0x0a3d,0x0dd0,0x0c77,0x0d08,0x0aee,0x0dc0,0x08d2,0x0edb,0x0822,0x0dc6,
  0x08d1,0x0dc5,0x0bbc,0x0efc,0x0af0,0x0efb,0x0bb5,0x0dbc,0x0c77,0x0dd0,0x0a0d,0x0fba,0x0b8d,0x0291,0x0c34,0x0292,
  0x0baf,0x017e,0x0cef,0x07a6,0x0c85,0x069c,0x0c22,0x078a,0x0cad,0x0289,0x0ced,0x069e,0x0a46,0x0296,0x0a82,0x0296,
  0x0a76,0x017e,0x0863,0x0789,0x0a4b,0x079e,0x0860,0x06a4,0x0a30,0x06ac,0x0d46,0x07a6,0x0d3c,0x069b,0x0361,0x0b31,
  0x03f6,0x0c25,0x03fa,0x0b31,0x0c7a,0x0ee9,0x0825,0x0ede,0x0e0b,0x0016,0x0fdd,0x0176,0x0fde,0x0017,0x0e0e,0x0174,
  0x0b7e,0x02bc,0x0bf8,0x0427,0x0c3f,0x02c4,0x0c64,0x0567,0x0a27,0x05ff,0x0cdf,0x0601,0x0a6e,0x0065,0x0944,0x0294,
  0x09ab,0x038e,0x0a8f,0x0564,0x0ad9,0x0427,0x0602,0x0c04,0x0567,0x0b31,0x0551,0x0c04,0x0842,0x0a55,0x083f,0x09c0,
  0x0a0d,0x0aea,0x0845,0x0aea,0x0bb9,0x0065,0x0a12,0x0a33,0x0a15,0x09c0,0x0a8c,0x02c4,0x0989,0x02c8,0x0c70,0x02d0,
  0x0ad5,0x069d,0x0b1b,0x0793,0x0d55,0x038a,0x0960,0x0c4b,0x0d6c,0x02bb,0x08df,0x0c4b,0x09ba,0x08bd,0x0892,0x08bd,
  0x0602,0x0c2d,0x082b,0x0cef,0x0487,0x0c04,0x049e,0x0b31,0x0487,0x0c29,0x0342,0x0c04,0x0342,0x0c2d,0x03f5,0x0c45,
  0x0551,0x0c31,0x0aee,0x0dc0,0x0bb5,0x0dbc,0x0c77,0x0d08,0x0bbc,0x0efc,0x0c77,0x0dd0,0x0af0,0x0efb,0x0c7a,0x0ee9,
  0x0a0d,0x0fba,0x0825,0x0ede,0x08d2,0x0edb,0x0822,0x0dc6,0x08d1,0x0dc5,0x082b,0x0cef,0x0a3d,0x0dd0,0x0988,0x0dc7,
  0x0a3e,0x0ee4,0x098a,0x0ede,0x03fa,0x0b31,0x03f6,0x0c25,0x0361,0x0b31,0x0a76,0x017e,0x0a82,0x0296,0x0a46,0x0296,
  0x0c85,0x069c,0x0ced,0x069e,0x0cef,0x07a6,0x0c22,0x078a,0x0baf,0x017e,0x0c34,0x0292,0x0b8d,0x0291,0x049e,0x0b31,
  0x0487,0x0c04,0x0487,0x0c29,0x0342,0x0c2d,0x0342,0x0c04,0x0602,0x0c04,0x0567,0x0b31,0x0551,0x0c04,0x0602,0x0c2d,
  0x0b1b,0x0793,0x0a30,0x06ac,0x0ad5,0x069d,0x0d3c,0x069b,0x0d46,0x07a6,0x0a4b,0x079e,0x0860,0x06a4,0x0863,0x0789,
  0x0cad,0x0289,0x0fde,0x0017,0x0fdd,0x0176,0x0e0b,0x0016,0x0e0e,0x0174,0x0c3f,0x02c4,0x0bf8,0x0427,0x0b7e,0x02bc,
  0x0cdf,0x0601,0x0a27,0x05ff,0x0c64,0x0567,0x0944,0x0294,0x0a6e,0x0065,0x0ad9,0x0427,0x0a8f,0x0564,0x09ab,0x038e,
  0x0845,0x0aea,0x0a0d,0x0aea,0x083f,0x09c0,0x0842,0x0a55,0x0892,0x08bd,0x0a15,0x09c0,0x09ba,0x08bd,0x08df,0x0c4b,
  0x0960,0x0c4b,0x0a8c,0x02c4,0x0c70,0x02d0,0x0d55,0x038a,0x0d6c,0x02bb,0x0bb9,0x0065,0x0a12,0x0a33,0x0989,0x02c8,
  0x03f5,0x0c45,0x0551,0x0c31,0x0e50,0x0e0c,0x0df6,0x0ee3,0x0cfc,0x0dd6,0x0da1,0x0aad,0x0e29,0x0a9d,0x0de1,0x0a55,
  0x0dcc,0x0d75,0x0e42,0x0da5,0x0bb5,0x0c16,0x0c4e,0x0ae8,0x0ba4,0x0c9c,0x0d89,0x09e9,0x0cd3,0x0da4,0x0d1e,0x0cff,
  0x0cf5,0x0d8d,0x0db9,0x0b7d,0x0e17,0x0b52,0x0d61,0x0b5e,0x0e29,0x0aff,0x0dd5,0x09ab,0x0cce,0x0b3a,0x0d5e,0x0bb0,
  0x0ca6,0x0ac9,0x0eba,0x0d12,0x0ef6,0x0d87,0x0ced,0x0e51,0x0cb1,0x0df8,0x0d2f,0x0d18,0x0d60,0x0952,0x0d44,0x09b9,
  0x0d9c,0x0960,0x0cdc,0x0e95,0x0d6b,0x0ef9,0x0edb,0x0ec6,0x0f51,0x0f48,0x0eb8,0x0f07,0x0de3,0x0c03,0x0e19,0x0c6e,
  0x0daf,0x0cb7,0x0d81,0x0ca2,0x0d64,0x0a5c,0x0cd8,0x0a4b,0x0eda,0x0d4a,0x0f08,0x0e00,0x0f08,0x0e41,0x0ef7,0x0dc4,
  0x0bbe,0x0a81,0x0bc3,0x09f0,0x0f97,0x0ec9,0x0eea,0x0e88,0x0f49,0x0cbe,0x0f9e,0x0cdd,0x0f9c,0x0da6,0x0d59,0x0c8a,
  0x0e24,0x0f66,0x0e8b,0x0f1c,0x0e5d,0x0f40,0x0f9f,0x0bd7,0x0f64,0x0bbb,0x0f43,0x0bf4,0x0e68,0x0c73,0x0ea3,0x0c49,
  0x0e1d,0x0c0a,0x0de0,0x0cd2,0x0ac2,0x09f0,0x0ab4,0x095f,0x0aa0,0x0c9b,0x0ab2,0x0c16,0x0dd3,0x0f0e,0x0ddb,0x08b8,
  0x0e1e,0x091a,0x0f90,0x0d46,0x0ecd,0x0fd2,0x0e67,0x0fcc,0x0fa3,0x0f26,0x0bb8,0x095f,0x0ffb,0x0df0,0x0fad,0x0e46,
  0x0ed9,0x0f75,0x0ef5,0x0f9d,0x0d77,0x0c2b,0x0aa9,0x0b03,0x0ab5,0x0b8f,0x0a3f,0x0b6c,0x0f7e,0x0b75,0x0bb9,0x0b8f,
  0x0ed1,0x0c81,0x0d72,0x08f0,0x0c53,0x0ae7,0x0aba,0x0a80,0x0fec,0x0aad,0x0fba,0x0abc,0x0fb7,0x0afd,0x0fae,0x0a62,
  0x0f98,0x09a8,0x0f69,0x09b3,0x0f97,0x0a00,0x0f4c,0x0976,0x0bb1,0x0b03,0x06c2,0x08c3,0x06c2,0x08e7,0x07d8,0x08e7,
  0x07d8,0x08c3,0x06c2,0x099b,0x07d8,0x099b,0x07d8,0x0956,0x06c2,0x0956,0x07d8,0x091e,0x06c2,0x091e,0x0694,0x091e,
  0x0670,0x0956,0x0694,0x099b,0x0670,0x091e,0x0670,0x08e7,0x05ea,0x08e7,0x05ea,0x091e,0x05ea,0x08c3,0x0670,0x08c3,
  0x0694,0x08e7,0x05ea,0x0956,0x05ea,0x099b,0x0670,0x099b,0x0694,0x08c3,0x0597,0x0931,0x0cfc,0x0dd6,0x0df6,0x0ee3,
  0x0e50,0x0e0c,0x0de1,0x0a55,0x0e29,0x0a9d,0x0da1,0x0aad,0x0e42,0x0da5,0x0dcc,0x0d75,0x0ba4,0x0c9c,0x0c4e,0x0ae8,
  0x0bb5,0x0c16,0x0d89,0x09e9,0x0cf5,0x0d8d,0x0d1e,0x0cff,0x0cd3,0x0da4,0x0d61,0x0b5e,0x0e17,0x0b52,0x0db9,0x0b7d,
  0x0e29,0x0aff,0x0dd5,0x09ab,0x0ca6,0x0ac9,0x0d5e,0x0bb0,0x0cce,0x0b3a,0x0ef6,0x0d87,0x0eba,0x0d12,0x0cb1,0x0df8,
  0x0ced,0x0e51,0x0d2f,0x0d18,0x0d9c,0x0960,0x0d44,0x09b9,0x0d60,0x0952,0x0d6b,0x0ef9,0x0cdc,0x0e95,0x0eb8,0x0f07,
  0x0f51,0x0f48,0x0edb,0x0ec6,0x0daf,0x0cb7,0x0e19,0x0c6e,0x0de3,0x0c03,0x0d81,0x0ca2,0x0d64,0x0a5c,0x0cd8,0x0a4b,
  0x0eda,0x0d4a,0x0ef7,0x0dc4,0x0f08,0x0e41,0x0f08,0x0e00,0x0bc3,0x09f0,0x0bbe,0x0a81,0x0eea,0x0e88,0x0f97,0x0ec9,
  0x0f9e,0x0cdd,0x0f49,0x0cbe,0x0f9c,0x0da6,0x0d59,0x0c8a,0x0e5d,0x0f40,0x0e8b,0x0f1c,0x0e24,0x0f66,0x0f43,0x0bf4,
  0x0f64,0x0bbb,0x0f9f,0x0bd7,0x0e1d,0x0c0a,0x0ea3,0x0c49,0x0e68,0x0c73,0x0de0,0x0cd2,0x0ab4,0x095f,0x0ac2,0x09f0,
  0x0ab2,0x0c16,0x0aa0,0x0c9b,0x0dd3,0x0f0e,0x0e1e,0x091a,0x0ddb,0x08b8,0x0f90,0x0d46,0x0e67,0x0fcc,0x0ecd,0x0fd2,
  0x0fa3,0x0f26,0x0bb8,0x095f,0x0fad,0x0e46,0x0ffb,0x0df0,0x0ef5,0x0f9d,0x0ed9,0x0f75,0x0d77,0x0c2b,0x0a3f,0x0b6c,
  0x0ab5,0x0b8f,0x0aa9,0x0b03,0x0f7e,0x0b75,0x0bb9,0x0b8f,0x0ed1,0x0c81,0x0d72,0x08f0,0x0c53,0x0ae7,0x0aba,0x0a80,
  0x0fb7,0x0afd,0x0fba,0x0abc,0x0fec,0x0aad,0x0fae,0x0a62,0x0f97,0x0a00,0x0f69,0x09b3,0x0f98,0x09a8,0x0f4c,0x0976,
  0x0bb1,0x0b03,0x07d8,0x08c3,0x07d8,0x08e7,0x06c2,0x08e7,0x06c2,0x08c3,0x06c2,0x0956,0x07d8,0x0956,0x07d8,0x099b,
  0x06c2,0x099b,0x06c2,0x091e,0x07d8,0x091e,0x0694,0x091e,0x0670,0x0956,0x0694,0x08e7,0x0694,0x099b,0x0694,0x08c3,
  0x0670,0x091e,0x0670,0x099b,0x0670,0x08c3,0x0670,0x08e7,0x05ea,0x091e,0x05ea,0x08e7,0x05ea,0x08c3,0x05ea,0x099b,
  0x05ea,0x0956,0x0597,0x0931,
};
const u16 sonm_m8_col[] = {
  0x7fff,0x7fff,0x7fff,0x7fff,0x7fff,0x7fff,0x7fff,0x7fff,0x7fff,0x7fff,0x7fff,0x7fff,0x7fff,0x7fff,0x7fff,0x7fff,
  0x7fff,0x7fff,0x7fff,0x7fff,0x7fff,0x7fff,0x7fff,0x7fff,0x7fff,0x7fff,0x7fff,0x7fff,0x7fff,0x7fff,0x7fff,0x7fff,
  0x7fff,0x7fff,0x7fff,0x7fff,0x7fff,0x7fff,0x7fff,0x7fff,0x7fff,0x7fff,0x7fff,0x7fff,0x7fff,0x7fff,0x7fff,0x7fff,
  0x7fff,0x7fff,0x7fff,0x7fff,0x7fff,0x7fff,0x7fff,0x7fff,0x7fff,0x7fff,0x7fff,0x7fff,0x7fff,0x7fff,0x7fff,0x7fff,
  0x7fff,0x7fff,0x7fff,0x7fff,0x7fff,0x7fff,0x7fff,0x7fff,0x7fff,0x7fff,0x7fff,0x7fff,0x7fff,0x7fff,0x7fff,0x7fff,
  0x7fff,0x7fff,0x7fff,0x7fff,0x7fff,0x7fff,0x7fff,0x7fff,0x7fff,0x7fff,0x7fff,0x7fff,0x7fff,0x7fff,0x7fff,0x7fff,
  0x7fff,0x7fff,0x7fff,0x7fff,0x7fff,0x7fff,0x7fff,0x7fff,0x7fff,0x7fff,0x7fff,0x7fff,0x7fff,0x7fff,0x7fff,0x7fff,
  0x7fff,0x7fff,0x7fff,0x7fff,0x7fff,0x7fff,0x7fff,0x7fff,0x7fff,0x7fff,0x7fff,0x7fff,0x7fff,0x7fff,0x7fff,0x7fff,
  0x7fff,0x7fff,0x7fff,0x7fff,0x7fff,0x7fff,0x7fff,0x7fff,0x7fff,0x7fff,0x7fff,0x7fff,0x7fff,0x7fff,0x7fff,0x7fff,
  0x7fff,0x7fff,0x7fff,0x7fff,0x7fff,0x7fff,0x7fff,0x7fff,0x7fff,0x7fff,0x7fff,0x7fff,0x7fff,0x7fff,0x7fff,0x7fff,
  0x7fff,0x7fff,0x7fff,0x7fff,0x7fff,0x7fff,0x7fff,0x7fff,0x7fff,0x7fff,0x7fff,0x7fff,0x7fff,0x7fff,0x7fff,0x7fff,
  0x7fff,0x7fff,0x7fff,0x7fff,0x7fff,0x7fff,0x7fff,0x7fff,0x7fff,0x7fff,0x7fff,0x7fff,0x7fff,0x7fff,0x7fff,0x7fff,
  0x7fff,0x7fff,0x7fff,0x7fff,0x7fff,0x7fff,0x7fff,0x7fff,0x7fff,0x7fff,0x7fff,0x7fff,0x7fff,0x7fff,0x7fff,0x7fff,
  0x7fff,0x7fff,0x7fff,0x7fff,0x7fff,0x7fff,0x7fff,0x7fff,0x7fff,0x7fff,0x7fff,0x7fff,0x7fff,0x7fff,0x7fff,0x7fff,
  0x7fff,0x7fff,0x7fff,0x7fff,0x7fff,0x7fff,0x7fff,0x7fff,0x7fff,0x7fff,0x7fff,0x7fff,0x7fff,0x7fff,0x7fff,0x7fff,
  0x7fff,0x7fff,0x7fff,0x7fff,0x7fff,0x7fff,0x7fff,0x7fff,0x7fff,0x7fff,0x7fff,0x7fff,0x7fff,0x7fff,0x7fff,0x7fff,
  0x7fff,0x7fff,0x7fff,0x7fff,0x7fff,0x7fff,0x7fff,0x7fff,0x7fff,0x7fff,0x7fff,0x7fff,0x7fff,0x7fff,0x7fff,0x7fff,
  0x7fff,0x7fff,0x7fff,0x7fff,0x7fff,0x7fff,0x7fff,0x7fff,0x7fff,0x7fff,0x7fff,0x7fff,0x7fff,0x7fff,0x7fff,0x7fff,
  0x7fff,0x7fff,0x7fff,0x7fff,0x7fff,0x7fff,0x7fff,0x7fff,0x7fff,0x7fff,0x7fff,0x7fff,0x7fff,0x7fff,0x7fff,0x7fff,
  0x7fff,0x7fff,0x7fff,0x7fff,0x7fff,0x7fff,0x7fff,0x7fff,0x7fff,0x7fff,0x7fff,0x7fff,0x7fff,0x7fff,0x7fff,0x7fff,
  0x7fff,0x7fff,0x7fff,0x7fff,0x7fff,0x7fff,0x7fff,0x7fff,0x7fff,0x7fff,0x7fff,0x7fff,0x7fff,0x7fff,0x7fff,0x7fff,
  0x7fff,0x7fff,0x7fff,0x7fff,0x7fff,0x7fff,0x7fff,0x7fff,0x7fff,0x7fff,0x7fff,0x7fff,0x7fff,0x7fff,0x7fff,0x7fff,
  0x7fff,0x7fff,0x7fff,0x7fff,0x7fff,0x7fff,0x7fff,0x7fff,0x7fff,0x7fff,0x7fff,0x7fff,0x7fff,0x7fff,0x7fff,0x7fff,
  0x7fff,0x7fff,0x7fff,0x7fff,0x7fff,0x7fff,0x7fff,0x7fff,0x7fff,0x7fff,0x7fff,0x7fff,0x7fff,0x7fff,0x7fff,0x7fff,
  0x7fff,0x7fff,0x7fff,0x7fff,0x7fff,0x7fff,0x7fff,0x7fff,0x7fff,0x7fff,0x7fff,0x7fff,0x7fff,0x7fff,0x7fff,0x7fff,
  0x7fff,0x7fff,0x7fff,0x7fff,0x7fff,0x7fff,0x7fff,0x7fff,0x7fff,0x7fff,0x7fff,0x7fff,0x7fff,0x7fff,0x7fff,0x7fff,
  0x7fff,0x7fff,0x7fff,0x7fff,0x7fff,0x7fff,0x7fff,0x7fff,0x7fff,0x7fff,0x7fff,0x7fff,0x7fff,0x7fff,0x7fff,0x7fff,
  0x7fff,0x7fff,0x7fff,0x7fff,0x7fff,0x7fff,0x7fff,0x7fff,0x7fff,0x7fff,0x7fff,0x7fff,0x7fff,0x7fff,0x7fff,0x7fff,
  0x7fff,0x7fff,0x7fff,0x7fff,0x7fff,0x7fff,0x7fff,0x7fff,0x7fff,0x7fff,0x7fff,0x7fff,0x7fff,0x7fff,0x7fff,0x7fff,
  0x7fff,0x7fff,0x7fff,0x7fff,0x7fff,0x7fff,0x7fff,0x7fff,0x7fff,0x7fff,0x7fff,0x7fff,0x7fff,0x7fff,0x7fff,0x7fff,
  0x7fff,0x7fff,0x7fff,0x7fff,0x7fff,0x7fff,0x7fff,0x7fff,0x7fff,0x7fff,0x7fff,0x7fff,0x7fff,0x7fff,0x7fff,0x7fff,
  0x7fff,0x7fff,0x7fff,0x7fff,0x7fff,0x7fff,0x7fff,0x7fff,0x7fff,0x7fff,0x7fff,0x7fff,0x7fff,0x7fff,0x7fff,0x7fff,
  0x7fff,0x7fff,0x7fff,0x7fff,0x7fff,0x7fff,0x7fff,0x7fff,0x7fff,0x7fff,0x7fff,0x7fff,0x7fff,0x7fff,0x7fff,0x7fff,
  0x7fff,0x7fff,0x7fff,0x7fff,0x7fff,0x7fff,0x7fff,0x7fff,0x7fff,0x7fff,0x7fff,0x7fff,0x7fff,0x7fff,0x7fff,0x7fff,
  0x7fff,0x7fff,
};
const u16 sonm_m8_idx[] = {
  0x0000,0x0001,0x0002,0x0008,0x0001,0x0000,0x0008,0x0000,0x004e,0x0009,0x0008,0x004e,0x0008,0x0009,0x000a,0x0011,
  0x000a,0x0009,0x0011,0x001d,0x000a,0x001d,0x0011,0x001f,0x001f,0x0020,0x001d,0x001f,0x0011,0x001b,0x001b,0x0028,
  0x001f,0x0028,0x001b,0x0017,0x0022,0x0017,0x001b,0x0022,0x001b,0x001e,0x0023,0x0022,0x001e,0x001a,0x0022,0x0023,
  0x0017,0x0022,0x001a,0x001a,0x0015,0x0017,0x0034,0x0015,0x001a,0x0034,0x0035,0x0015,0x0015,0x0035,0x0018,0x0018,
  0x0016,0x0015,0x0016,0x0018,0x0019,0x0027,0x0016,0x0019,0x0015,0x0016,0x0017,0x0003,0x0004,0x0005,0x0005,0x0021,
  0x0003,0x0003,0x0021,0x000c,0x000b,0x0003,0x000c,0x0003,0x000b,0x0006,0x0003,0x0006,0x0007,0x0007,0x0004,0x0003,
  0x0007,0x0006,0x0036,0x0006,0x0024,0x0036,0x0006,0x0012,0x0024,0x0012,0x0006,0x000b,0x000b,0x0030,0x0012,0x0030,
  0x000b,0x002e,0x002f,0x0030,0x002e,0x002e,0x002d,0x002f,0x002c,0x002d,0x002e,0x002e,0x0044,0x002c,0x000c,0x0044,
  0x002e,0x003e,0x0044,0x000c,0x000c,0x0021,0x003e,0x000c,0x002e,0x000b,0x000d,0x000e,0x000f,0x0013,0x000e,0x000d,
  0x0013,0x0014,0x000e,0x0032,0x0014,0x0013,0x000d,0x0032,0x0013,0x0037,0x0032,0x000d,0x0033,0x0032,0x0037,0x0031,
  0x0032,0x0033,0x0031,0x003d,0x0032,0x003d,0x0031,0x0049,0x0049,0x0043,0x003d,0x0034,0x003d,0x0043,0x003d,0x0034,
  0x004a,0x001e,0x003d,0x004a,0x0014,0x003d,0x001e,0x001e,0x001b,0x0014,0x001b,0x000e,0x0014,0x000e,0x001b,0x0011,
  0x0010,0x000e,0x0011,0x0011,0x001c,0x0010,0x0009,0x001c,0x0011,0x004e,0x001c,0x0009,0x001c,0x004e,0x004f,0x0051,
  0x001c,0x004f,0x004f,0x0050,0x0051,0x004f,0x005a,0x0050,0x0053,0x005a,0x004f,0x004f,0x004e,0x0053,0x0002,0x0053,
  0x004e,0x004e,0x0000,0x0002,0x0002,0x0001,0x003c,0x003c,0x003b,0x0002,0x0029,0x003b,0x003c,0x003c,0x002a,0x0029,
  0x0029,0x002a,0x002b,0x0029,0x002b,0x0054,0x0054,0x005b,0x0029,0x005b,0x0054,0x0057,0x0057,0x0059,0x005b,0x0056,
  0x0059,0x0057,0x0055,0x0056,0x0057,0x0055,0x0058,0x0056,0x0033,0x0058,0x0055,0x0055,0x0040,0x0033,0x0057,0x0040,
  0x0055,0x0057,0x0054,0x0040,0x0041,0x0040,0x0054,0x0031,0x0040,0x0041,0x0041,0x0042,0x0031,0x0042,0x0041,0x0045,
  0x0054,0x0045,0x0041,0x0054,0x002b,0x0045,0x002b,0x002a,0x0045,0x000f,0x000e,0x0010,0x0010,0x0052,0x000f,0x0051,
  0x0052,0x0010,0x0010,0x001c,0x0051,0x0050,0x0052,0x0051,0x0052,0x0050,0x000f,0x0050,0x005a,0x000f,0x000f,0x005a,
  0x003b,0x000f,0x003b,0x000d,0x000d,0x003b,0x0037,0x003b,0x0059,0x0037,0x005b,0x0059,0x003b,0x0029,0x005b,0x003b,
  0x003b,0x0053,0x0002,0x003b,0x005a,0x0053,0x0024,0x0025,0x0026,0x0025,0x0024,0x0012,0x0012,0x003a,0x0025,0x003a,
  0x0012,0x0030,0x0039,0x003a,0x0030,0x0039,0x0030,0x002f,0x004d,0x003a,0x0039,0x003a,0x004d,0x004b,0x004b,0x0025,
  0x003a,0x0025,0x004b,0x0038,0x0038,0x0026,0x0025,0x0026,0x003f,0x0024,0x0036,0x0024,0x003f,0x0046,0x0018,0x0035,
  0x0046,0x0035,0x004c,0x0014,0x0032,0x003d,0x0033,0x0040,0x0031,0x0037,0x0058,0x0033,0x0037,0x0056,0x0058,0x0037,
  0x0059,0x0056,0x0042,0x0047,0x0031,0x0049,0x0031,0x0047,0x0047,0x0048,0x0049,0x0023,0x004a,0x001a,0x001e,0x004a,
  0x0023,0x001a,0x004a,0x0034,0x005c,0x005d,0x005e,0x0069,0x005d,0x005c,0x0068,0x0069,0x005c,0x0070,0x0068,0x005c,
  0x0071,0x0070,0x005c,0x006b,0x0071,0x005c,0x006b,0x005c,0x005e,0x006a,0x006b,0x005e,0x0071,0x006b,0x0066,0x0066,
  0x0065,0x0071,0x0064,0x0065,0x0066,0x0064,0x00d8,0x0065,0x00d0,0x00d8,0x0064,0x00d8,0x00d0,0x00bd,0x00d2,0x00d8,
  0x00bd,0x00bd,0x00d3,0x00d2,0x00d3,0x00bd,0x00bc,0x00bb,0x00bc,0x00bd,0x00bd,0x00d0,0x00bb,0x00bc,0x00bb,0x00a7,
  0x00a7,0x00a8,0x00a9,0x00a8,0x00a7,0x00d5,0x00a8,0x00d5,0x00d6,0x00d6,0x00d7,0x00a8,0x00d6,0x006e,0x00d7,0x006e,
  0x00d6,0x0060,0x006e,0x0060,0x005f,0x0070,0x006e,0x005f,0x006f,0x006e,0x0070,0x0070,0x0071,0x006f,0x006f,0x0071,
  0x0065,0x006f,0x0065,0x00d4,0x00d7,0x006f,0x00d4,0x00d4,0x00a8,0x00d7,0x00a8,0x00d4,0x00d2,0x00d2,0x00a9,0x00a8,
  0x00a9,0x00d2,0x00d3,0x00d8,0x00d2,0x00d4,0x00d4,0x0065,0x00d8,0x005f,0x0060,0x0061,0x0061,0x0062,0x005f,0x0062,
  0x0061,0x0063,0x006c,0x0062,0x0063,0x0062,0x006c,0x006d,0x0067,0x0062,0x006d,0x0062,0x0067,0x0068,0x0068,0x005f,
  0x0062,0x005f,0x0068,0x0070,0x0068,0x0067,0x0069,0x0072,0x0073,0x0074,0x0072,0x0074,0x007c,0x0072,0x007c,0x007d,
  0x0086,0x007c,0x0084,0x0084,0x0085,0x0086,0x0085,0x0084,0x0083,0x00f9,0x0085,0x0083,0x00f9,0x0083,0x0128,0x0128,
  0x00eb,0x00f9,0x00eb,0x0128,0x00fa,0x00fa,0x00fb,0x00eb,0x00fb,0x00ec,0x00eb,0x00ea,0x00eb,0x00ec,0x00eb,0x00ea,
  0x00f8,0x00f8,0x00f9,0x00eb,0x00f9,0x00f8,0x0129,0x0129,0x0085,0x00f9,0x0085,0x0129,0x0087,0x0086,0x0085,0x0087,
  0x0087,0x0129,0x00ff,0x00fe,0x00ff,0x0129,0x00fc,0x00ff,0x00fe,0x00fe,0x00fd,0x00fc,0x00fd,0x00fe,0x00f7,0x00f8,
  0x00f7,0x00fe,0x00f7,0x00f8,0x00ea,0x00fe,0x0129,0x00f8,0x0075,0x0076,0x0077,0x0077,0x007a,0x0075,0x007a,0x0077,
  0x0078,0x0078,0x0079,0x007a,0x007b,0x0079,0x0078,0x0074,0x007b,0x0078,0x0074,0x0073,0x007b,0x0074,0x0082,0x0084,
  0x0074,0x0078,0x0082,0x0082,0x0078,0x0077,0x0077,0x0081,0x0082,0x0077,0x0076,0x0081,0x0076,0x00fa,0x0081,0x0128,
  0x0081,0x00fa,0x0081,0x0128,0x0083,0x0082,0x0081,0x0083,0x0083,0x0084,0x0082,0x0074,0x0084,0x007c,0x007e,0x007a,
  0x007f,0x007e,0x0075,0x007a,0x0080,0x007a,0x0079,0x0080,0x007f,0x007a,0x0088,0x0089,0x008a,0x008a,0x0090,0x0088,
  0x0090,0x008a,0x008e,0x008e,0x008f,0x0090,0x008f,0x008e,0x00ab,0x008e,0x0095,0x00ab,0x0095,0x008e,0x008a,0x0095,
  0x008a,0x0089,0x0095,0x0089,0x0092,0x0091,0x0095,0x0092,0x008d,0x0091,0x0092,0x0093,0x0091,0x008d,0x008c,0x0093,
  0x008d,0x008b,0x008c,0x008d,0x0088,0x008c,0x008b,0x008c,0x0088,0x0090,0x0093,0x008c,0x0094,0x0094,0x0091,0x0093,
  0x0091,0x0094,0x00aa,0x0095,0x0091,0x00aa,0x008b,0x0092,0x0089,0x0092,0x008b,0x008d,0x0089,0x0088,0x008b,0x0096,
  0x0097,0x0098,0x009f,0x0096,0x0098,0x009f,0x0098,0x00a0,0x009e,0x009f,0x00a0,0x00b7,0x009e,0x00a0,0x00b6,0x00b7,
  0x00a0,0x00b6,0x00a0,0x0098,0x00c2,0x00b6,0x0098,0x009c,0x00c2,0x0098,0x0098,0x0097,0x009c,0x0099,0x009a,0x009b,
  0x0099,0x009d,0x009a,0x00a5,0x009d,0x0099,0x00a5,0x00a6,0x009d,0x00a1,0x00a2,0x00a3,0x00a4,0x00a3,0x00a2,0x00c8,
  0x00a4,0x00a2,0x00c8,0x00a2,0x00c9,0x009a,0x00c8,0x00c9,0x009a,0x00c9,0x009b,0x00ac,0x00ad,0x00ae,0x00ad,0x00ac,
  0x00af,0x00b0,0x00b1,0x00b2,0x00ba,0x00b1,0x00b0,0x00b1,0x00ba,0x00b3,0x00b1,0x00b3,0x00c7,0x00c7,0x00b2,0x00b1,
  0x00cc,0x00c7,0x00ca,0x00ca,0x00c7,0x00b3,0x00b3,0x00b5,0x00ca,0x00b3,0x00b4,0x00b5,0x00b9,0x00b4,0x00b3,0x00b8,
  0x00b4,0x00b9,0x00b8,0x00b9,0x00ba,0x00c5,0x00b8,0x00ba,0x00c5,0x00c6,0x00b8,0x00ba,0x00b0,0x00c5,0x00b3,0x00ba,
  0x00b9,0x00be,0x00bf,0x00c0,0x00be,0x00c0,0x00c1,0x00c0,0x00cb,0x00c1,0x00c1,0x00cb,0x00cd,0x00c3,0x00c0,0x00bf,
  0x00c3,0x00bf,0x00c4,0x00ce,0x00c4,0x00bf,0x00ce,0x00bf,0x00cf,0x00d1,0x0090,0x008f,0x006f,0x00d7,0x006e,0x00d9,
  0x00da,0x00db,0x00d9,0x00db,0x00e6,0x00d9,0x00e6,0x00de,0x00de,0x00dc,0x00d9,0x00de,0x00e0,0x00dc,0x00de,0x00e8,
  0x00e0,0x00e8,0x00de,0x00e6,0x00e6,0x00e7,0x00e8,0x00e6,0x00db,0x00e7,0x00e4,0x00e7,0x00db,0x00e7,0x00e4,0x00e9,
  0x00e9,0x00e8,0x00e7,0x00e8,0x00e9,0x00e0,0x00e9,0x00e2,0x00e0,0x00e2,0x00e9,0x00e4,0x00e4,0x00e3,0x00e2,0x00e3,
  0x00e4,0x00e5,0x00e1,0x00e2,0x00e3,0x00e1,0x00e0,0x00e2,0x00df,0x00dc,0x00e0,0x00df,0x00dd,0x00dc,0x00da,0x00dc,
  0x00dd,0x00dd,0x00db,0x00da,0x00d9,0x00dc,0x00da,0x00ed,0x00ee,0x00ef,0x00ed,0x00f6,0x00ee,0x00ed,0x00f4,0x00f6,
  0x00f4,0x00ed,0x0114,0x00f4,0x0114,0x0125,0x00f4,0x0125,0x0108,0x0108,0x00f5,0x00f4,0x00f4,0x00f5,0x00f6,0x00f0,
  0x00f1,0x00f2,0x00f3,0x00f0,0x00f2,0x00f3,0x0102,0x00f0,0x00f3,0x0100,0x0102,0x0100,0x0101,0x0102,0x0100,0x0105,
  0x0101,0x0105,0x0106,0x0101,0x0106,0x0105,0x0107,0x00ec,0x00fc,0x00fd,0x00f2,0x00f1,0x0103,0x00f2,0x0103,0x0104,
  0x0109,0x010a,0x010b,0x010c,0x010b,0x010a,0x010d,0x010e,0x010f,0x010e,0x010d,0x0122,0x0122,0x0112,0x010e,0x0112,
  0x0122,0x0123,0x0123,0x0110,0x0112,0x0110,0x0111,0x0112,0x0112,0x0111,0x0116,0x0116,0x0115,0x0112,0x0115,0x0116,
  0x0117,0x0115,0x0117,0x0121,0x0121,0x010f,0x0115,0x010f,0x010e,0x0115,0x0112,0x0115,0x010e,0x00ed,0x0113,0x0114,
  0x00ed,0x00ef,0x0113,0x0118,0x0119,0x011a,0x0118,0x011a,0x011b,0x011f,0x0120,0x0118,0x0118,0x0120,0x0119,0x011a,
  0x0119,0x0126,0x011a,0x0126,0x011d,0x011c,0x011a,0x011d,0x011c,0x011d,0x011e,0x0116,0x0111,0x0117,0x0117,0x0127,
  0x0121,0x0123,0x0122,0x0124,0x012a,0x012b,0x012c,0x012a,0x015b,0x012b,0x012b,0x015b,0x014d,0x014b,0x014d,0x015b,
  0x014b,0x014c,0x014d,0x0174,0x014c,0x014b,0x0174,0x014b,0x015a,0x015a,0x014b,0x015b,0x012d,0x012e,0x012f,0x0135,
  0x012d,0x012f,0x0135,0x012f,0x013d,0x012d,0x0135,0x0152,0x013b,0x012d,0x0152,0x0140,0x013b,0x0152,0x0140,0x013f,
  0x013b,0x013e,0x013f,0x0140,0x013b,0x013f,0x0139,0x0139,0x013a,0x013b,0x012d,0x013b,0x013a,0x013c,0x012d,0x013a,
  0x012d,0x013c,0x012e,0x0130,0x0131,0x012c,0x012c,0x0145,0x0130,0x012c,0x0138,0x0145,0x0143,0x0138,0x012c,0x0138,
  0x0143,0x0136,0x0136,0x0137,0x0138,0x0138,0x0137,0x0145,0x015f,0x0145,0x0137,0x0151,0x0145,0x015f,0x0150,0x0145,
  0x0151,0x0130,0x0145,0x0150,0x0169,0x0130,0x0150,0x0150,0x014f,0x0169,0x014e,0x014f,0x0150,0x0150,0x0151,0x014e,
  0x014e,0x0151,0x017a,0x017a,0x0151,0x015f,0x0132,0x0133,0x0134,0x0132,0x0134,0x016d,0x0132,0x016d,0x017f,0x0132,
  0x017f,0x0133,0x018c,0x0133,0x017f,0x018c,0x017f,0x017b,0x018c,0x017b,0x0158,0x018c,0x0158,0x0133,0x0158,0x0159,
  0x0133,0x0159,0x0158,0x016a,0x016a,0x016b,0x0159,0x016b,0x016a,0x017d,0x016a,0x0183,0x017d,0x0183,0x016a,0x0158,
  0x0183,0x0158,0x017b,0x017b,0x017d,0x0183,0x017b,0x017c,0x017d,0x017b,0x017f,0x017c,0x017c,0x017f,0x016d,0x016d,
  0x017d,0x017c,0x016d,0x016c,0x017d,0x016c,0x016d,0x0134,0x0131,0x0141,0x0142,0x0130,0x0141,0x0131,0x015c,0x0141,
  0x0130,0x0141,0x015c,0x0154,0x0142,0x0141,0x0154,0x0154,0x015d,0x0142,0x0154,0x015c,0x015d,0x0171,0x0142,0x015d,
  0x0136,0x0143,0x0144,0x0143,0x0149,0x0144,0x0149,0x0143,0x014a,0x012b,0x014a,0x0143,0x014a,0x012b,0x016e,0x016e,
  0x012b,0x0160,0x012b,0x0161,0x0160,0x0160,0x0161,0x0162,0x0162,0x0173,0x0160,0x0172,0x0173,0x0162,0x0161,0x0172,
  0x0162,0x0178,0x0172,0x0161,0x0172,0x0178,0x0179,0x0146,0x0147,0x0148,0x0146,0x0148,0x0181,0x0181,0x0148,0x016f,
  0x016f,0x0148,0x0170,0x0170,0x0148,0x013d,0x0153,0x0152,0x0147,0x0152,0x0153,0x0140,0x0147,0x0152,0x0135,0x0155,
  0x0156,0x0157,0x015e,0x0155,0x0157,0x0176,0x0155,0x015e,0x0176,0x0177,0x0155,0x0155,0x0177,0x0156,0x0157,0x0156,
  0x012a,0x0131,0x0157,0x012a,0x0131,0x012a,0x012c,0x0143,0x012c,0x012b,0x0163,0x0164,0x0165,0x017e,0x0164,0x0163,
  0x0166,0x0167,0x0168,0x0180,0x0167,0x0166,0x0175,0x0159,0x016b,0x0175,0x0182,0x0159,0x0184,0x0185,0x0186,0x0187,
  0x0185,0x0184,0x0188,0x0189,0x018a,0x018b,0x0189,0x0188,0x018d,0x018e,0x018f,0x018d,0x018f,0x0190,0x018e,0x018d,
  0x01a4,0x018e,0x01a4,0x01a0,0x0196,0x018e,0x01a0,0x0195,0x018e,0x0196,0x0195,0x018f,0x018e,0x0193,0x0195,0x0196,
  0x0193,0x0196,0x0194,0x0191,0x0193,0x0194,0x0191,0x0192,0x0193,0x0191,0x0194,0x0199,0x0198,0x0199,0x0194,0x0198,
  0x0194,0x0197,0x0198,0x0197,0x019a,0x0198,0x019a,0x019d,0x0198,0x019d,0x01a1,0x01a1,0x01a3,0x0198,0x01a1,0x01a2,
  0x01a3,0x01a2,0x01a1,0x01a5,0x01a1,0x019d,0x01a5,0x019d,0x019c,0x01a5,0x019a,0x019c,0x019d,0x019a,0x019b,0x019c,
  0x0197,0x019b,0x019a,0x0197,0x01a0,0x019b,0x0196,0x01a0,0x0197,0x0196,0x0197,0x0194,0x019e,0x019c,0x019b,0x019e,
  0x019b,0x019f,0x019b,0x01a4,0x019f,0x019b,0x01a0,0x01a4,0x019c,0x019e,0x01a5,0x0199,0x0198,0x01a3,0x01a6,0x01a7,
  0x01a8,0x01a6,0x01a8,0x01ac,0x01a6,0x01ac,0x01ad,0x01ad,0x01c1,0x01a6,0x01ca,0x01c1,0x01ad,0x01cd,0x01c1,0x01ca,
  0x01db,0x01c1,0x01cd,0x01b3,0x01c1,0x01db,0x01c1,0x01b3,0x01b2,0x01c1,0x01b2,0x01a6,0x01a6,0x01b2,0x01c0,0x01a7,
  0x01a6,0x01c0,0x01c0,0x01c5,0x01a7,0x01c5,0x01c0,0x01c6,0x01bf,0x01c6,0x01c0,0x01bf,0x01c0,0x01b4,0x01b4,0x01c0,
  0x01b2,0x01b2,0x01b3,0x01b4,0x01a9,0x01aa,0x01ab,0x01a9,0x01ab,0x01b1,0x01b9,0x01a9,0x01b1,0x01b9,0x01c2,0x01eb,
  0x01eb,0x01c2,0x01ec,0x01ec,0x01c2,0x01fd,0x01fd,0x01c2,0x01c4,0x01c2,0x01c3,0x01c4,0x01c3,0x01ce,0x01cf,0x01b1,
  0x01ce,0x01c3,0x01ce,0x01b1,0x01ab,0x01ce,0x01ab,0x01b5,0x01ce,0x01b5,0x01ba,0x01ba,0x01cf,0x01ce,0x01ba,0x01bb,
  0x01bc,0x01b5,0x01bb,0x01ba,0x01b7,0x01bb,0x01b5,0x01b5,0x01b6,0x01b7,0x01b6,0x01b5,0x01ab,0x01b6,0x01ab,0x01b8,
  0x01aa,0x01b8,0x01ab,0x01ae,0x01af,0x01b0,0x01e8,0x01ae,0x01b0,0x01ae,0x01e8,0x01e9,0x01f7,0x01e9,0x01e8,0x01f8,
  0x01f7,0x01e8,0x01f7,0x01f8,0x01f9,0x01ff,0x01f7,0x01f9,0x01f9,0x01d5,0x01ff,0x01d5,0x01f9,0x0208,0x01af,0x01d5,
  0x0208,0x01af,0x01d4,0x01d5,0x01e7,0x01d5,0x01d4,0x01d4,0x01e6,0x01e7,0x01e6,0x01d4,0x01f1,0x01d4,0x01fe,0x01f1,
  0x01bd,0x01be,0x01ac,0x01d0,0x01be,0x01bd,0x01d0,0x01d9,0x01be,0x01d8,0x01d9,0x01d0,0x01bd,0x01d8,0x01d0,0x01d8,
  0x01bd,0x01ed,0x01c7,0x01c8,0x01c9,0x01d6,0x01c7,0x01c9,0x01d6,0x01c9,0x01d7,0x01d7,0x01c9,0x01f0,0x01c9,0x01c8,
  0x01f0,0x01ca,0x01cb,0x01cc,0x01e5,0x01cb,0x01ca,0x01ca,0x01ad,0x01e5,0x01cc,0x01cd,0x01ca,0x01f6,0x01cd,0x01cc,
  0x01db,0x01cd,0x01f6,0x01d1,0x01d2,0x01d3,0x01d1,0x01d3,0x01da,0x01da,0x01d3,0x01f3,0x01d3,0x01f2,0x01f3,0x01d2,
  0x01f2,0x01d3,0x01a8,0x01d2,0x01d1,0x01a8,0x01d1,0x01ac,0x01a7,0x01d6,0x01a8,0x01c7,0x01d6,0x01a7,0x01de,0x01a7,
  0x01ea,0x01de,0x01dd,0x01a7,0x01dc,0x01dd,0x01de,0x01dc,0x01ef,0x01dd,0x01dc,0x01ee,0x01ef,0x01de,0x01ee,0x01dc,
  0x01df,0x01e0,0x01e1,0x01e1,0x01e0,0x01fa,0x01e2,0x01e3,0x01e4,0x01e4,0x01e3,0x01fc,0x01f4,0x01f5,0x01ef,0x01dd,
  0x01ef,0x01f5,0x01fb,0x01e8,0x01b0,0x01e8,0x01fb,0x01f8,0x01f8,0x01fb,0x01f9,0x01f9,0x01fb,0x0208,0x01fb,0x01af,
  0x0208,0x01af,0x01fb,0x01b0,0x01ac,0x01be,0x01ad,0x01ad,0x01be,0x01d9,0x0200,0x0201,0x0202,0x0202,0x0201,0x0203,
  0x01d5,0x01e7,0x01ff,0x01f7,0x01ff,0x01e7,0x01f7,0x01e7,0x01e6,0x01ea,0x01a7,0x01c5,0x0204,0x0205,0x0206,0x0206,
  0x0205,0x0207,0x0209,0x020a,0x020b,0x0209,0x020b,0x020c,0x0215,0x020c,0x020b,0x0213,0x0215,0x020b,0x0213,0x020b,
  0x0211,0x020d,0x0213,0x0211,0x020d,0x0211,0x0212,0x020d,0x0212,0x020e,0x020d,0x020e,0x020f,0x020d,0x020f,0x0210,
  0x0216,0x020d,0x0210,0x020d,0x0216,0x0214,0x0213,0x020d,0x0214,0x0218,0x0213,0x0214,0x0218,0x0215,0x0213,0x0218,
  0x021b,0x0215,0x021c,0x021b,0x0218,0x021c,0x021d,0x021b,0x0221,0x021d,0x021c,0x0221,0x021c,0x0220,0x0221,0x0220,
  0x021f,0x0214,0x021f,0x0220,0x0214,0x0219,0x021f,0x0219,0x0214,0x0216,0x0220,0x0218,0x0214,0x0220,0x021c,0x0218,
  0x0211,0x020b,0x020a,0x0211,0x020a,0x0212,0x0215,0x0217,0x020c,0x021a,0x0217,0x0215,0x021a,0x0215,0x021b,0x021a,
  0x021b,0x021d,0x021a,0x021d,0x021e,0x0221,0x021e,0x021d,
};
const R3DMesh sonm_meshes[9] = {
  { sonm_m0_vtx, sonm_m0_uv, sonm_m0_idx, 248, 0, sonm_m0_col },
  { sonm_m1_vtx, sonm_m1_uv, sonm_m1_idx, 140, 0, sonm_m1_col },
  { sonm_m2_vtx, sonm_m2_uv, sonm_m2_idx, 86, 0, sonm_m2_col },
  { sonm_m3_vtx, sonm_m3_uv, sonm_m3_idx, 42, 0, sonm_m3_col },
  { sonm_m4_vtx, sonm_m4_uv, sonm_m4_idx, 248, 0, sonm_m4_col },
  { sonm_m5_vtx, sonm_m5_uv, sonm_m5_idx, 140, 0, sonm_m5_col },
  { sonm_m6_vtx, sonm_m6_uv, sonm_m6_idx, 86, 0, sonm_m6_col },
  { sonm_m7_vtx, sonm_m7_uv, sonm_m7_idx, 42, 0, sonm_m7_col },
  { sonm_m8_vtx, sonm_m8_uv, sonm_m8_idx, 664, 0, sonm_m8_col },
};
const R3DTexture sonm_texs[1] = {
  { sonm_tex0_pal, sonm_tex0_px, 7, 7 },
};
const R3DModel sonm = { sonm_meshes, 9, sonm_texs, 1 };
