/* generato da bake3d.py da g_cmn_item_box.bcres — asset originali */
#include "model3d.h"

const u8 itembox_tex0_px[] = {
  0x65,0x65,0x24,0x24,0x87,0x87,0x66,0x66,0x87,0x87,0x66,0x66,0x87,0x87,0x66,0x66,
  0x87,0x87,0x66,0x66,0x87,0x87,0x66,0x66,0x87,0x87,0x66,0x66,0x34,0x34,0x34,0x34,
  0x65,0x65,0x24,0x24,0x87,0x87,0x66,0x66,0x87,0x87,0x66,0x66,0x87,0x87,0x66,0x66,
  0x87,0x87,0x66,0x66,0x87,0x87,0x66,0x66,0x87,0x87,0x66,0x66,0xa9,0xa9,0x24,0x24,
  0x24,0x24,0x24,0x24,0x24,0x24,0x24,0x24,0x24,0x24,0x24,0x24,0x24,0x24,0x24,0x24,
  0x24,0x24,0x24,0x24,0x24,0x24,0x24,0x24,0x24,0x24,0x24,0x24,0x24,0x24,0x24,0x24,
  0x24,0x24,0x24,0x24,0x24,0x24,0x24,0x24,0x24,0x24,0x24,0x24,0x24,0x24,0x24,0x24,
  0x24,0x24,0x24,0x24,0x24,0x24,0x24,0x24,0x24,0x24,0x24,0x24,0x24,0x24,0x24,0x24,
  0x65,0x65,0x24,0x24,0x87,0x87,0x87,0x87,0x87,0x87,0x87,0x87,0x87,0x87,0x87,0x87,
  0x87,0x87,0x87,0x87,0x87,0x87,0x87,0x87,0x87,0x87,0x87,0x87,0x06,0x34,0x06,0x34,
  0x65,0x65,0x24,0x24,0x87,0x87,0x87,0x87,0x87,0x87,0x87,0x87,0x87,0x87,0x87,0x87,
  0x87,0x87,0x87,0x87,0x87,0x87,0x87,0x87,0x87,0x87,0x87,0x87,0x82,0xa9,0x24,0x24,
  0x24,0x24,0x24,0x24,0x24,0x24,0x24,0x24,0x24,0x24,0x24,0x24,0x24,0x24,0x24,0x24,
  0x24,0x24,0x24,0x24,0x24,0x24,0x24,0x24,0x24,0x24,0x24,0x24,0x24,0x24,0x24,0x24,
  0x24,0x24,0x24,0x24,0x24,0x24,0x24,0x24,0x24,0x24,0x24,0x24,0x24,0x24,0x24,0x24,
  0x24,0x24,0x24,0x24,0x24,0x24,0x24,0x24,0x24,0x24,0x24,0x24,0x24,0x24,0x24,0x24,
  0x65,0x65,0x24,0x24,0x0d,0x0d,0x79,0x79,0x0d,0x0d,0x79,0x79,0x0d,0x0d,0x79,0x79,
  0x0d,0x0d,0x79,0x79,0x0d,0x0d,0x79,0x79,0x0d,0x0d,0x79,0x79,0x06,0x34,0x06,0x34,
  0x65,0x65,0x24,0x24,0x0d,0x0d,0x79,0x79,0x0d,0x0d,0x79,0x79,0x0d,0x0d,0x79,0x79,
  0x0d,0x0d,0x79,0x79,0x0d,0x0d,0x79,0x79,0x0d,0x0d,0x79,0x79,0x82,0xa9,0x24,0x24,
  0x24,0x24,0x24,0x24,0x24,0x24,0x24,0x24,0x24,0x24,0x24,0x24,0x24,0x24,0x24,0x24,
  0x24,0x24,0x24,0x24,0x24,0x24,0x24,0x24,0x24,0x24,0x24,0x24,0x24,0x24,0x24,0x24,
  0x24,0x24,0x24,0x24,0x24,0x24,0x24,0x24,0x24,0x24,0x24,0x24,0x24,0x24,0x24,0x24,
  0x24,0x24,0x24,0x24,0x24,0x24,0x24,0x24,0x24,0x24,0x24,0x24,0x24,0x24,0x24,0x24,
  0x65,0x65,0x24,0x24,0x0d,0x0d,0x0d,0x0d,0x0d,0x0d,0x0d,0x0d,0x0d,0x0d,0x0d,0x0d,
  0x0d,0x0d,0x0d,0x0d,0x0d,0x0d,0x0d,0x0d,0x0d,0x0d,0x0d,0x0d,0x06,0x01,0x06,0x01,
  0x65,0x65,0x24,0x24,0x0d,0x0d,0x0d,0x0d,0x0d,0x0d,0x0d,0x0d,0x0d,0x0d,0x0d,0x0d,
  0x0d,0x0d,0x0d,0x0d,0x0d,0x0d,0x0d,0x0d,0x0d,0x0d,0x0d,0x0d,0x82,0x00,0x24,0x04,
  0x24,0x24,0x24,0x24,0x24,0x24,0x24,0x24,0x24,0x24,0x24,0x24,0x24,0x24,0x24,0x24,
  0x24,0x24,0x24,0x24,0x24,0x24,0x24,0x24,0x24,0x24,0x24,0x24,0x24,0x24,0x24,0x24,
  0x24,0x24,0x24,0x24,0x24,0x24,0x24,0x24,0x24,0x24,0x24,0x24,0x24,0x24,0x24,0x24,
  0x24,0x24,0x24,0x24,0x24,0x24,0x24,0x24,0x24,0x24,0x24,0x24,0x24,0x24,0x24,0x24,
  0x40,0x07,0x07,0x40,0x07,0x07,0x07,0x07,0x07,0x07,0x07,0x07,0x07,0x07,0x07,0x07,
  0x07,0x07,0x07,0x07,0x07,0x07,0x07,0x07,0x07,0x07,0x07,0x07,0x00,0x00,0x00,0x00,
  0x07,0x07,0x40,0x40,0x07,0x07,0x07,0x07,0x07,0x07,0x07,0x07,0x07,0x07,0x07,0x07,
  0x07,0x07,0x07,0x07,0x07,0x07,0x07,0x07,0x07,0x07,0x07,0x07,0x00,0x00,0x00,0x00,
  0x27,0x45,0x27,0x63,0x1a,0x1a,0xfa,0xfa,0x1a,0x1a,0xfa,0xfa,0x1a,0x1a,0xfa,0xfa,
  0x1a,0x1a,0xfa,0xfa,0x1a,0x1a,0xfa,0xfa,0x1a,0x1a,0xfa,0xfa,0x1a,0x1a,0xfa,0xfa,
  0x1a,0x1a,0xfa,0xfa,0x1a,0x1a,0xfa,0xfa,0x1a,0x1a,0xfa,0xfa,0x1a,0x1a,0xfa,0xfa,
  0x26,0xf5,0xdb,0x33,0x1a,0x27,0xfa,0x27,0x1a,0x1a,0xfa,0xfa,0x1b,0xeb,0x39,0xff,
  0x40,0x07,0x07,0x40,0x07,0x07,0x07,0x07,0x07,0x07,0x07,0x07,0x07,0x07,0x07,0x07,
  0x07,0x07,0x07,0x07,0x07,0x07,0x07,0x07,0x07,0x07,0x07,0x07,0x00,0x00,0x00,0x00,
  0x40,0x40,0x07,0x40,0x07,0x07,0x07,0x07,0x07,0x07,0x07,0x07,0x07,0x07,0x07,0x07,
  0x07,0x07,0x07,0x07,0x07,0x07,0x07,0x07,0x07,0x07,0x07,0x07,0x00,0x00,0x00,0x00,
  0xbe,0x1a,0xea,0xfa,0x45,0x45,0x63,0x63,0x45,0x45,0x63,0x63,0x45,0x45,0x63,0x63,
  0x45,0x45,0x63,0x63,0x45,0x45,0x63,0x63,0x45,0x45,0x63,0x63,0x45,0x45,0x63,0x63,
  0x45,0x45,0x63,0x63,0x45,0x45,0x63,0x63,0x45,0x45,0x63,0x63,0x45,0x45,0x63,0x63,
  0xc7,0x25,0xcd,0xe5,0x45,0xbe,0x63,0xea,0x45,0x45,0x63,0x63,0xbe,0xea,0xf6,0xe8,
  0x40,0x07,0x07,0x40,0x07,0x07,0x07,0x07,0x07,0x07,0x07,0x07,0x07,0x07,0x07,0x07,
  0x07,0x07,0x07,0x07,0x07,0x07,0x07,0x07,0x07,0x07,0x07,0x07,0x00,0x00,0x00,0x00,
  0x07,0x07,0x40,0x40,0x07,0x07,0x07,0x07,0x07,0x07,0x07,0x07,0x07,0x07,0x07,0x07,
  0x07,0x07,0x07,0x07,0x07,0x07,0x07,0x07,0x07,0x07,0x07,0x07,0xac,0xac,0xac,0xac,
  0x45,0x45,0x63,0x63,0x45,0x45,0x63,0x63,0x45,0x45,0x63,0x63,0x45,0x45,0x63,0x63,
  0x45,0x45,0x63,0x63,0x45,0x45,0x63,0x63,0x45,0x45,0x63,0x63,0x45,0x45,0x63,0x63,
  0x45,0x45,0x63,0x63,0x45,0x45,0x63,0x63,0x45,0x45,0x63,0x63,0x45,0x45,0x63,0x63,
  0xc7,0xc7,0xcd,0xcd,0x45,0x45,0x63,0x63,0x45,0x45,0x63,0x63,0xbe,0xbe,0xf6,0xf6,
  0x40,0x07,0x07,0x40,0x07,0x07,0x07,0x07,0x07,0x07,0x07,0x07,0x07,0x07,0x07,0x07,
  0x07,0x07,0x07,0x07,0x07,0x07,0x07,0x07,0x07,0x07,0x07,0x07,0x00,0x00,0x00,0x00,
  0x40,0x40,0x07,0x40,0x07,0x07,0x07,0x07,0x07,0x07,0x07,0x07,0x07,0x07,0x07,0x07,
  0x07,0x07,0x07,0x07,0x07,0x07,0x07,0x07,0x07,0x07,0x07,0x07,0xac,0xac,0xac,0xac,
  0x1a,0x1a,0xfa,0xfa,0x1a,0x1a,0xfa,0xfa,0x1a,0x1a,0xfa,0xfa,0x1a,0x1a,0xfa,0xfa,
  0x1a,0x1a,0xfa,0xfa,0x1a,0x1a,0xfa,0xfa,0x1a,0x1a,0xfa,0xfa,0x1a,0x1a,0xfa,0xfa,
  0x1a,0x1a,0xfa,0xfa,0x1a,0x1a,0xfa,0xfa,0x1a,0x1a,0xfa,0xfa,0x1a,0x1a,0xfa,0xfa,
  0x26,0x26,0xdb,0xdb,0x1a,0x1a,0xfa,0xfa,0x1a,0x1a,0xfa,0xfa,0x1b,0x1b,0x39,0x39,
  0x40,0x07,0x07,0x40,0x07,0x07,0x07,0x07,0x07,0x07,0x07,0x07,0x07,0x07,0x07,0x07,
  0x07,0x07,0x07,0x07,0x07,0x07,0x07,0x07,0x07,0x07,0x07,0x07,0x00,0x00,0x00,0x00,
  0x40,0x40,0x07,0x40,0x07,0x07,0x07,0x07,0x07,0x07,0x07,0x07,0x07,0x07,0x07,0x07,
  0x07,0x07,0x07,0x07,0x07,0x07,0x07,0x07,0x07,0x07,0x07,0x07,0xde,0xde,0x65,0x65,
  0x0a,0x05,0x0a,0x05,0x0a,0x05,0x0a,0x05,0x0a,0x05,0x0a,0x05,0x0a,0x05,0x0a,0x05,
  0x0a,0x05,0x0a,0x05,0x0a,0x05,0x0a,0x05,0x0a,0x05,0x0a,0x05,0x0a,0x05,0x0a,0x05,
  0x0a,0x05,0x0a,0x05,0x0a,0x05,0x0a,0x05,0x0a,0x05,0x0a,0x05,0x0a,0x05,0x0a,0x05,
  0x0a,0x05,0x0a,0x05,0x0a,0x05,0x0a,0x05,0x0a,0x05,0x0a,0x05,0x0a,0x05,0x0a,0x05,
  0x40,0x07,0x07,0x40,0x07,0x07,0x07,0x07,0x07,0x07,0x07,0x07,0x07,0x07,0x07,0x07,
  0x07,0x07,0x07,0x07,0x07,0x07,0x07,0x07,0x07,0x07,0x07,0x07,0x00,0x00,0x00,0x00,
  0x40,0x40,0x07,0x40,0x07,0x07,0x07,0x07,0x07,0x07,0x07,0x07,0x07,0x07,0x07,0x07,
  0x07,0x07,0x07,0x07,0x07,0x07,0x07,0x07,0x07,0x07,0x07,0x07,0xde,0xde,0x65,0x65,
  0x05,0x05,0x05,0x05,0x05,0x05,0x05,0x05,0x05,0x05,0x05,0x05,0x05,0x05,0x05,0x05,
  0x05,0x05,0x05,0x05,0x05,0x05,0x05,0x05,0x05,0x05,0x05,0x05,0x05,0x05,0x05,0x05,
  0x05,0x05,0x05,0x05,0x05,0x05,0x05,0x05,0x05,0x05,0x05,0x05,0x05,0x05,0x05,0x05,
  0x05,0x05,0x05,0x05,0x05,0x05,0x05,0x05,0x05,0x05,0x05,0x05,0x05,0x05,0x05,0x05,
  0x40,0x07,0x07,0x40,0x07,0x07,0x07,0x07,0x07,0x07,0x07,0x07,0x07,0x07,0x07,0x07,
  0x07,0x07,0x07,0x07,0x07,0x07,0x07,0x07,0x07,0x07,0x07,0x07,0x00,0x00,0x00,0x00,
  0x40,0x40,0x07,0x40,0x07,0x07,0x07,0x07,0x07,0x07,0x07,0x07,0x07,0x07,0x07,0x07,
  0x07,0x07,0x07,0x07,0x07,0x07,0x07,0x07,0x07,0x07,0x07,0x07,0xde,0xde,0x65,0x65,
  0x0a,0x78,0x0a,0x78,0x0a,0x78,0x0a,0x78,0x0a,0x78,0x0a,0x78,0x0a,0x78,0x0a,0x78,
  0x0a,0x78,0x0a,0x78,0x0a,0x78,0x0a,0x78,0x0a,0x78,0x0a,0x78,0x0a,0x78,0x0a,0x78,
  0x0a,0x78,0x0a,0x78,0x0a,0x78,0x0a,0x78,0x0a,0x78,0x0a,0x78,0x0a,0x78,0x0a,0x78,
  0x0a,0x78,0x0a,0x78,0x0a,0x78,0x0a,0x78,0x0a,0x78,0x0a,0x78,0x0a,0x78,0x0a,0x78,
  0x40,0x07,0x07,0x40,0x07,0x07,0x07,0x07,0x07,0x07,0x07,0x07,0x07,0x07,0x07,0x07,
  0x07,0x07,0x07,0x07,0x07,0x07,0x07,0x07,0x07,0x07,0x07,0x07,0x00,0x00,0x00,0x00,
  0x40,0x40,0x07,0x40,0x07,0x07,0x07,0x07,0x07,0x07,0x07,0x07,0x07,0x07,0x07,0x07,
  0x07,0x07,0x07,0x07,0x07,0x07,0x07,0x07,0x07,0x07,0x07,0x07,0xde,0xde,0x65,0x65,
  0x78,0x78,0x78,0x78,0x78,0x78,0x78,0x78,0x78,0x78,0x78,0x78,0x78,0x78,0x78,0x78,
  0x78,0x78,0x78,0x78,0x78,0x78,0x78,0x78,0x78,0x78,0x78,0x78,0x78,0x78,0x78,0x78,
  0x78,0x78,0x78,0x78,0x78,0x78,0x78,0x78,0x78,0x78,0x78,0x78,0x78,0x78,0x78,0x78,
  0x78,0x78,0x78,0x78,0x78,0x78,0x78,0x78,0x78,0x78,0x78,0x78,0x78,0x78,0x78,0x78,
  0x40,0x07,0x07,0x40,0x07,0x07,0x07,0x07,0x07,0x07,0x07,0x07,0x07,0x07,0x07,0x07,
  0x07,0x07,0x07,0x07,0x07,0x07,0x07,0x07,0x07,0x07,0x07,0x07,0x00,0x00,0x00,0x00,
  0x40,0x40,0x07,0x40,0x07,0x07,0x07,0x07,0x07,0x07,0x07,0x07,0x07,0x07,0x07,0x07,
  0x07,0x07,0x07,0x07,0x07,0x07,0x07,0x07,0x07,0x07,0x07,0x07,0xde,0xde,0x65,0x65,
  0x27,0x45,0x27,0x63,0x1a,0x1a,0xfa,0xfa,0x1a,0x1a,0xfa,0xfa,0x1a,0x1a,0xfa,0xfa,
  0x1a,0x1a,0xfa,0xfa,0x1a,0x1a,0xfa,0xfa,0x1a,0x1a,0xfa,0xfa,0x1a,0x1a,0xfa,0xfa,
  0x1a,0x1a,0xfa,0xfa,0x1a,0x1a,0xfa,0xfa,0x1a,0x1a,0xfa,0xfa,0x1a,0x1a,0xfa,0xfa,
  0x26,0xf5,0xdb,0x33,0x1a,0x27,0xfa,0x27,0x1a,0x1a,0xfa,0xfa,0x1b,0xeb,0x39,0xff,
  0x40,0x07,0x07,0x40,0x07,0x07,0x07,0x07,0x07,0x07,0x07,0x07,0x07,0x07,0x07,0x07,
  0x07,0x07,0x07,0x07,0x07,0x07,0x07,0x07,0x07,0x07,0x07,0x07,0x00,0x00,0x00,0x00,
  0x40,0x40,0x07,0x40,0x07,0x07,0x07,0x07,0x07,0x07,0x07,0x07,0x07,0x07,0x07,0x07,
  0x07,0x07,0x07,0x07,0x07,0x07,0x07,0x07,0x07,0x07,0x07,0x07,0xde,0xde,0x65,0x65,
  0xbe,0x1a,0xea,0xfa,0x45,0x45,0x63,0x63,0x45,0x45,0x63,0x63,0x45,0x45,0x63,0x63,
  0x45,0x45,0x63,0x63,0x45,0x45,0x63,0x63,0x45,0x45,0x63,0x63,0x45,0x45,0x63,0x63,
  0x45,0x45,0x63,0x63,0x45,0x45,0x63,0x63,0x45,0x45,0x63,0x63,0x45,0x45,0x63,0x63,
  0xc7,0x25,0xcd,0xe5,0x45,0xbe,0x63,0xea,0x45,0x45,0x63,0x63,0xbe,0xea,0xf6,0xe8,
  0x40,0x07,0x07,0x40,0x07,0x07,0x07,0x07,0x07,0x07,0x07,0x07,0x07,0x07,0x07,0x07,
  0x07,0x07,0x07,0x07,0x07,0x07,0x07,0x07,0x07,0x07,0x07,0x07,0x00,0x00,0x00,0x00,
  0x40,0x40,0x07,0x40,0x07,0x07,0x07,0x07,0x07,0x07,0x07,0x07,0x07,0x07,0x07,0x07,
  0x07,0x07,0x07,0x07,0x07,0x07,0x07,0x07,0x07,0x07,0x07,0x07,0xde,0xde,0x65,0x65,
  0x45,0x45,0x63,0x63,0x45,0x45,0x63,0x63,0x45,0x45,0x63,0x63,0x45,0x45,0x63,0x63,
  0x45,0x45,0x63,0x63,0x45,0x45,0x63,0x63,0x45,0x45,0x63,0x63,0x45,0x45,0x63,0x63,
  0x45,0x45,0x63,0x63,0x45,0x45,0x63,0x63,0x45,0x45,0x63,0x63,0x45,0x45,0x63,0x63,
  0xc7,0xc7,0xcd,0xcd,0x45,0x45,0x63,0x63,0x45,0x45,0x63,0x63,0xbe,0xbe,0xf6,0xf6,
  0x40,0x07,0x07,0x40,0x07,0x07,0x07,0x07,0x07,0x07,0x07,0x07,0x07,0x07,0x07,0x07,
  0x07,0x07,0x07,0x07,0x07,0x07,0x07,0x07,0x07,0x07,0x07,0x07,0x00,0x00,0x00,0x00,
  0x40,0x40,0x07,0x40,0x07,0x07,0x07,0x07,0x07,0x07,0x07,0x07,0x07,0x07,0x07,0x07,
  0x07,0x07,0x07,0x07,0x07,0x07,0x07,0x07,0x07,0x07,0x07,0x07,0xde,0xde,0x65,0x65,
  0x1a,0x1a,0xfa,0xfa,0x1a,0x1a,0xfa,0xfa,0x1a,0x1a,0xfa,0xfa,0x1a,0x1a,0xfa,0xfa,
  0x1a,0x1a,0xfa,0xfa,0x1a,0x1a,0xfa,0xfa,0x1a,0x1a,0xfa,0xfa,0x1a,0x1a,0xfa,0xfa,
  0x1a,0x1a,0xfa,0xfa,0x1a,0x1a,0xfa,0xfa,0x1a,0x1a,0xfa,0xfa,0x1a,0x1a,0xfa,0xfa,
  0x26,0x26,0xdb,0xdb,0x1a,0x1a,0xfa,0xfa,0x1a,0x1a,0xfa,0xfa,0x1b,0x1b,0x39,0x39,
  0x40,0x07,0x07,0x40,0x07,0x07,0x07,0x07,0x07,0x07,0x07,0x07,0x07,0x07,0x07,0x07,
  0x07,0x07,0x07,0x07,0x07,0x07,0x07,0x07,0x07,0x07,0x07,0x07,0x00,0x00,0x00,0x00,
  0x40,0x40,0x07,0x40,0x07,0x07,0x07,0x07,0x07,0x07,0x07,0x07,0x07,0x07,0x07,0x07,
  0x07,0x07,0x07,0x07,0x07,0x07,0x07,0x07,0x07,0x07,0x07,0x07,0xde,0xde,0x65,0x65,
  0x0a,0x05,0x0a,0x05,0x0a,0x05,0x0a,0x05,0x0a,0x05,0x0a,0x05,0x0a,0x05,0x0a,0x05,
  0x0a,0x05,0x0a,0x05,0x0a,0x05,0x0a,0x05,0x0a,0x05,0x0a,0x05,0x0a,0x05,0x0a,0x05,
  0x0a,0x05,0x0a,0x05,0x0a,0x05,0x0a,0x05,0x0a,0x05,0x0a,0x05,0x0a,0x05,0x0a,0x05,
  0x0a,0x05,0x0a,0x05,0x0a,0x05,0x0a,0x05,0x0a,0x05,0x0a,0x05,0x0a,0x05,0x0a,0x05,
  0x40,0x07,0x07,0x40,0x07,0x07,0x07,0x07,0x07,0x07,0x07,0x07,0x07,0x07,0x07,0x07,
  0x07,0x07,0x07,0x07,0x07,0x07,0x07,0x07,0x07,0x07,0x07,0x07,0x00,0x00,0x00,0x00,
  0x40,0x40,0x07,0x40,0x07,0x07,0x07,0x07,0x07,0x07,0x07,0x07,0x07,0x07,0x07,0x07,
  0x07,0x07,0x07,0x07,0x07,0x07,0x07,0x07,0x07,0x07,0x07,0x07,0xde,0xde,0x65,0x65,
  0x05,0x05,0x05,0x05,0x05,0x05,0x05,0x05,0x05,0x05,0x05,0x05,0x05,0x05,0x05,0x05,
  0x05,0x05,0x05,0x05,0x05,0x05,0x05,0x05,0x05,0x05,0x05,0x05,0x05,0x05,0x05,0x05,
  0x05,0x05,0x05,0x05,0x05,0x05,0x05,0x05,0x05,0x05,0x05,0x05,0x05,0x05,0x05,0x05,
  0x05,0x05,0x05,0x05,0x05,0x05,0x05,0x05,0x05,0x05,0x05,0x05,0x05,0x05,0x05,0x05,
  0x40,0x07,0x07,0x40,0x07,0x07,0x07,0x07,0x07,0x07,0x07,0x07,0x07,0x07,0x07,0x07,
  0x07,0x07,0x07,0x07,0x07,0x07,0x07,0x07,0x07,0x07,0x07,0x07,0x00,0x00,0x00,0x00,
  0x40,0x40,0x07,0x40,0x07,0x07,0x07,0x07,0x07,0x07,0x07,0x07,0x07,0x07,0x07,0x07,
  0x07,0x07,0x07,0x07,0x07,0x07,0x07,0x07,0x07,0x07,0x07,0x07,0xde,0xde,0x65,0x65,
  0x0a,0x78,0x0a,0x78,0x0a,0x78,0x0a,0x78,0x0a,0x78,0x0a,0x78,0x0a,0x78,0x0a,0x78,
  0x0a,0x78,0x0a,0x78,0x0a,0x78,0x0a,0x78,0x0a,0x78,0x0a,0x78,0x0a,0x78,0x0a,0x78,
  0x0a,0x78,0x0a,0x78,0x0a,0x78,0x0a,0x78,0x0a,0x78,0x0a,0x78,0x0a,0x78,0x0a,0x78,
  0x0a,0x78,0x0a,0x78,0x0a,0x78,0x0a,0x78,0x0a,0x78,0x0a,0x78,0x0a,0x78,0x0a,0x78,
  0x40,0x07,0x07,0x40,0x07,0x07,0x07,0x07,0x07,0x07,0x07,0x07,0x07,0x07,0x07,0x07,
  0x07,0x07,0x07,0x07,0x07,0x07,0x07,0x07,0x07,0x07,0x07,0x07,0x00,0x00,0x00,0x00,
  0x40,0x40,0x07,0x40,0x07,0x07,0x07,0x07,0x07,0x07,0x07,0x07,0x07,0x07,0x07,0x07,
  0x07,0x07,0x07,0x07,0x07,0x07,0x07,0x07,0x07,0x07,0x07,0x07,0xde,0xde,0x65,0x65,
  0x78,0x78,0x78,0x78,0x78,0x78,0x78,0x78,0x78,0x78,0x78,0x78,0x78,0x78,0x78,0x78,
  0x78,0x78,0x78,0x78,0x78,0x78,0x78,0x78,0x78,0x78,0x78,0x78,0x78,0x78,0x78,0x78,
  0x78,0x78,0x78,0x78,0x78,0x78,0x78,0x78,0x78,0x78,0x78,0x78,0x78,0x78,0x78,0x78,
  0x78,0x78,0x78,0x78,0x78,0x78,0x78,0x78,0x78,0x78,0x78,0x78,0x78,0x78,0x78,0x78,
  0x40,0x07,0x07,0x40,0x07,0x07,0x07,0x07,0x07,0x07,0x07,0x07,0x07,0x07,0x07,0x07,
  0x07,0x07,0x07,0x07,0x07,0x07,0x07,0x07,0x07,0x07,0x07,0x07,0x00,0x00,0x00,0x00,
  0x07,0x07,0x40,0x40,0x07,0x07,0x07,0x07,0x07,0x07,0x07,0x07,0x07,0x07,0x07,0x07,
  0x07,0x07,0x07,0x07,0x07,0x07,0x07,0x07,0x07,0x07,0x07,0x07,0xde,0xde,0x65,0x65,
  0x27,0x45,0x27,0x63,0x1a,0x1a,0xfa,0xfa,0x1a,0x1a,0xfa,0xfa,0x1a,0x1a,0xfa,0xfa,
  0x1a,0x1a,0xfa,0xfa,0x1a,0x1a,0xfa,0xfa,0x1a,0x1a,0xfa,0xfa,0x1a,0x1a,0xfa,0xfa,
  0x1a,0x1a,0xfa,0xfa,0x1a,0x1a,0xfa,0xfa,0x1a,0x1a,0xfa,0xfa,0x1a,0x1a,0xfa,0xfa,
  0x26,0xf5,0xdb,0x33,0x1a,0x27,0xfa,0x27,0x1a,0x1a,0xfa,0xfa,0x1b,0xeb,0x39,0xff,
  0x40,0x07,0x07,0x40,0x07,0x07,0x07,0x07,0x07,0x07,0x07,0x07,0x07,0x07,0x07,0x07,
  0x07,0x07,0x07,0x07,0x07,0x07,0x07,0x07,0x07,0x07,0x07,0x07,0x00,0x00,0x00,0x00,
  0x07,0x07,0x40,0x40,0x07,0x07,0x07,0x07,0x07,0x07,0x07,0x07,0x07,0x07,0x07,0x07,
  0x07,0x07,0x07,0x07,0x07,0x07,0x07,0x07,0x07,0x07,0x07,0x07,0xde,0xde,0x65,0x65,
  0xbe,0x1a,0xea,0xfa,0x45,0x45,0x63,0x63,0x45,0x45,0x63,0x63,0x45,0x45,0x63,0x63,
  0x45,0x45,0x63,0x63,0x45,0x45,0x63,0x63,0x45,0x45,0x63,0x63,0x45,0x45,0x63,0x63,
  0x45,0x45,0x63,0x63,0x45,0x45,0x63,0x63,0x45,0x45,0x63,0x63,0x45,0x45,0x63,0x63,
  0xc7,0x25,0xcd,0xe5,0x45,0xbe,0x63,0xea,0x45,0x45,0x63,0x63,0xbe,0xea,0xf6,0xe8,
  0x40,0x07,0x07,0x40,0x07,0x07,0x07,0x07,0x07,0x07,0x07,0x07,0x07,0x07,0x07,0x07,
  0x07,0x07,0x07,0x07,0x07,0x07,0x07,0x07,0x07,0x07,0x07,0x07,0x00,0x00,0x00,0x00,
  0x07,0x07,0x40,0x40,0x07,0x07,0x07,0x07,0x07,0x07,0x07,0x07,0x07,0x07,0x07,0x07,
  0x07,0x07,0x07,0x07,0x07,0x07,0x07,0x07,0x07,0x07,0x07,0x07,0xde,0xde,0x65,0x65,
  0x45,0x45,0x63,0x63,0x45,0x45,0x63,0x63,0x45,0x45,0x63,0x63,0x45,0x45,0x63,0x63,
  0x45,0x45,0x63,0x63,0x45,0x45,0x63,0x63,0x45,0x45,0x63,0x63,0x45,0x45,0x63,0x63,
  0x45,0x45,0x63,0x63,0x45,0x45,0x63,0x63,0x45,0x45,0x63,0x63,0x45,0x45,0x63,0x63,
  0xc7,0xc7,0xcd,0xcd,0x45,0x45,0x63,0x63,0x45,0x45,0x63,0x63,0xbe,0xbe,0xf6,0xf6,
  0x40,0x07,0x07,0x40,0x07,0x07,0x07,0x07,0x07,0x07,0x07,0x07,0x07,0x07,0x07,0x07,
  0x07,0x07,0x07,0x07,0x07,0x07,0x07,0x07,0x07,0x07,0x07,0x07,0x00,0x00,0x00,0x00,
  0x07,0x07,0x40,0x40,0x07,0x07,0x07,0x07,0x07,0x07,0x07,0x07,0x07,0x07,0x07,0x07,
  0x07,0x07,0x07,0x07,0x07,0x07,0x07,0x07,0x07,0x07,0x07,0x07,0xde,0xde,0x65,0x65,
  0x1a,0x1a,0xfa,0xfa,0x1a,0x1a,0xfa,0xfa,0x1a,0x1a,0xfa,0xfa,0x1a,0x1a,0xfa,0xfa,
  0x1a,0x1a,0xfa,0xfa,0x1a,0x1a,0xfa,0xfa,0x1a,0x1a,0xfa,0xfa,0x1a,0x1a,0xfa,0xfa,
  0x1a,0x1a,0xfa,0xfa,0x1a,0x1a,0xfa,0xfa,0x1a,0x1a,0xfa,0xfa,0x1a,0x1a,0xfa,0xfa,
  0x26,0x26,0xdb,0xdb,0x1a,0x1a,0xfa,0xfa,0x1a,0x1a,0xfa,0xfa,0x1b,0x1b,0x39,0x39,
  0x40,0x07,0x07,0x40,0x07,0x07,0x07,0x07,0x07,0x07,0x07,0x07,0x07,0x07,0x07,0x07,
  0x07,0x07,0x07,0x07,0x07,0x07,0x07,0x07,0x07,0x07,0x07,0x07,0x00,0x00,0x00,0x00,
  0x07,0x07,0x40,0x40,0x07,0x07,0x07,0x07,0x07,0x07,0x07,0x07,0x07,0x07,0x07,0x07,
  0x07,0x07,0x07,0x07,0x07,0x07,0x07,0x07,0x07,0x07,0x07,0x07,0xde,0xde,0x65,0x65,
  0x0a,0x05,0x0a,0x05,0x0a,0x05,0x0a,0x05,0x0a,0x05,0x0a,0x05,0x0a,0x05,0x0a,0x05,
  0x0a,0x05,0x0a,0x05,0x0a,0x05,0x0a,0x05,0x0a,0x05,0x0a,0x05,0x0a,0x05,0x0a,0x05,
  0x0a,0x05,0x0a,0x05,0x0a,0x05,0x0a,0x05,0x0a,0x05,0x0a,0x05,0x0a,0x05,0x0a,0x05,
  0x0a,0x05,0x0a,0x05,0x0a,0x05,0x0a,0x05,0x0a,0x05,0x0a,0x05,0x0a,0x05,0x0a,0x05,
  0x40,0x07,0x07,0x40,0x07,0x07,0x07,0x07,0x07,0x07,0x07,0x07,0x07,0x07,0x07,0x07,
  0x07,0x07,0x07,0x07,0x07,0x07,0x07,0x07,0x07,0x07,0x07,0x07,0x00,0x00,0x00,0x00,
  0x07,0x07,0x40,0x40,0x07,0x07,0x07,0x07,0x07,0x07,0x07,0x07,0x07,0x07,0x07,0x07,
  0x07,0x07,0x07,0x07,0x07,0x07,0x07,0x07,0x07,0x07,0x07,0x07,0xde,0xde,0x65,0x65,
  0x05,0x05,0x05,0x05,0x05,0x05,0x05,0x05,0x05,0x05,0x05,0x05,0x05,0x05,0x05,0x05,
  0x05,0x05,0x05,0x05,0x05,0x05,0x05,0x05,0x05,0x05,0x05,0x05,0x05,0x05,0x05,0x05,
  0x05,0x05,0x05,0x05,0x05,0x05,0x05,0x05,0x05,0x05,0x05,0x05,0x05,0x05,0x05,0x05,
  0x05,0x05,0x05,0x05,0x05,0x05,0x05,0x05,0x05,0x05,0x05,0x05,0x05,0x05,0x05,0x05,
  0x40,0x07,0x07,0x40,0x07,0x07,0x07,0x07,0x07,0x07,0x07,0x07,0x07,0x07,0x07,0x07,
  0x07,0x07,0x07,0x07,0x07,0x07,0x07,0x07,0x07,0x07,0x07,0x07,0x00,0x00,0x00,0x00,
  0x07,0x07,0x40,0x40,0x07,0x07,0x07,0x07,0x07,0x07,0x07,0x07,0x07,0x07,0x07,0x07,
  0x07,0x07,0x07,0x07,0x07,0x07,0x07,0x07,0x07,0x07,0x07,0x07,0xde,0xde,0x65,0x65,
  0x0a,0x78,0x0a,0x78,0x0a,0x78,0x0a,0x78,0x0a,0x78,0x0a,0x78,0x0a,0x78,0x0a,0x78,
  0x0a,0x78,0x0a,0x78,0x0a,0x78,0x0a,0x78,0x0a,0x78,0x0a,0x78,0x0a,0x78,0x0a,0x78,
  0x0a,0x78,0x0a,0x78,0x0a,0x78,0x0a,0x78,0x0a,0x78,0x0a,0x78,0x0a,0x78,0x0a,0x78,
  0x0a,0x78,0x0a,0x78,0x0a,0x78,0x0a,0x78,0x0a,0x78,0x0a,0x78,0x0a,0x78,0x0a,0x78,
  0x40,0x07,0x07,0x40,0x07,0x07,0x07,0x07,0x07,0x07,0x07,0x07,0x07,0x07,0x07,0x07,
  0x07,0x07,0x07,0x07,0x07,0x07,0x07,0x07,0x07,0x07,0x07,0x07,0x00,0x00,0x00,0x00,
  0x07,0x07,0x40,0x40,0x07,0x07,0x07,0x07,0x07,0x07,0x07,0x07,0x07,0x07,0x07,0x07,
  0x07,0x07,0x07,0x07,0x07,0x07,0x07,0x07,0x07,0x07,0x07,0x07,0xde,0xde,0x65,0x65,
  0x78,0x78,0x78,0x78,0x78,0x78,0x78,0x78,0x78,0x78,0x78,0x78,0x78,0x78,0x78,0x78,
  0x78,0x78,0x78,0x78,0x78,0x78,0x78,0x78,0x78,0x78,0x78,0x78,0x78,0x78,0x78,0x78,
  0x78,0x78,0x78,0x78,0x78,0x78,0x78,0x78,0x78,0x78,0x78,0x78,0x78,0x78,0x78,0x78,
  0x78,0x78,0x78,0x78,0x78,0x78,0x78,0x78,0x78,0x78,0x78,0x78,0x78,0x78,0x78,0x78,
  0xe2,0x6a,0x6a,0x6a,0x03,0x03,0x03,0x03,0x03,0x03,0x03,0x03,0x03,0x03,0x03,0x03,
  0x03,0x03,0x03,0x03,0x03,0x03,0x03,0x03,0x03,0x03,0x03,0x03,0x00,0x00,0x00,0x00,
  0x6a,0x6a,0x6a,0x6a,0x03,0x03,0x03,0x03,0x03,0x03,0x03,0x03,0x03,0x03,0x03,0x03,
  0x03,0x03,0x03,0x03,0x03,0x03,0x03,0x03,0x03,0x03,0x03,0x03,0x00,0x00,0x20,0x20,
  0x27,0x45,0x27,0x63,0x1a,0x1a,0xfa,0xfa,0x1a,0x1a,0xfa,0xfa,0x1a,0x1a,0xfa,0xfa,
  0x1a,0x1a,0xfa,0xfa,0x1a,0x1a,0xfa,0xfa,0x1a,0x1a,0xfa,0xfa,0x1a,0x1a,0xfa,0xfa,
  0x1a,0x1a,0xfa,0xfa,0x1a,0x1a,0xfa,0xfa,0x1a,0x1a,0xfa,0xfa,0x1a,0x1a,0xfa,0xfa,
  0x26,0xf5,0xdb,0x33,0x1a,0x27,0xfa,0x27,0x1a,0x1a,0xfa,0xfa,0x1b,0xeb,0x39,0xff,
  0x6a,0x6a,0x6a,0xb7,0x03,0x03,0x03,0x03,0x03,0x03,0x03,0x03,0x03,0x03,0x03,0x03,
  0x03,0x03,0x03,0x03,0x03,0x03,0x03,0x03,0x03,0x03,0x03,0x03,0x00,0x00,0x00,0x00,
  0x6a,0x6a,0x6a,0xb7,0x03,0x03,0x03,0x03,0x03,0x03,0x03,0x03,0x03,0x03,0x03,0x03,
  0x03,0x03,0x03,0x03,0x03,0x03,0x03,0x03,0x03,0x03,0x03,0x03,0x00,0x00,0x20,0x20,
  0xbe,0x1a,0xea,0xfa,0x45,0x45,0x63,0x63,0x45,0x45,0x63,0x63,0x45,0x45,0x63,0x63,
  0x45,0x45,0x63,0x63,0x45,0x45,0x63,0x63,0x45,0x45,0x63,0x63,0x45,0x45,0x63,0x63,
  0x45,0x45,0x63,0x63,0x45,0x45,0x63,0x63,0x45,0x45,0x63,0x63,0x45,0x45,0x63,0x63,
  0xc7,0x25,0xcd,0xe5,0x45,0xbe,0x63,0xea,0x45,0x45,0x63,0x63,0xbe,0xea,0xf6,0xe8,
  0xa5,0x5c,0x5c,0x5c,0x03,0x03,0x03,0x03,0x03,0x03,0x03,0x03,0x03,0x03,0x03,0x03,
  0x03,0x03,0x03,0x03,0x03,0x03,0x03,0x03,0x03,0x03,0x03,0x03,0x00,0x00,0x00,0x00,
  0x5c,0x5c,0x5c,0x5c,0x03,0x03,0x03,0x03,0x03,0x03,0x03,0x03,0x03,0x03,0x03,0x03,
  0x03,0x03,0x03,0x03,0x03,0x03,0x03,0x03,0x03,0x03,0x03,0x03,0x00,0x00,0x20,0x20,
  0x45,0x45,0x63,0x63,0x45,0x45,0x63,0x63,0x45,0x45,0x63,0x63,0x45,0x45,0x63,0x63,
  0x45,0x45,0x63,0x63,0x45,0x45,0x63,0x63,0x45,0x45,0x63,0x63,0x45,0x45,0x63,0x63,
  0x45,0x45,0x63,0x63,0x45,0x45,0x63,0x63,0x45,0x45,0x63,0x63,0x45,0x45,0x63,0x63,
  0xc7,0xc7,0xcd,0xcd,0x45,0x45,0x63,0x63,0x45,0x45,0x63,0x63,0xbe,0xbe,0xf6,0xf6,
  0x5c,0x5c,0x5c,0xb7,0x03,0x03,0x03,0x03,0x03,0x03,0x03,0x03,0x03,0x03,0x03,0x03,
  0x03,0x03,0x03,0x03,0x03,0x03,0x03,0x03,0x03,0x03,0x03,0x03,0x00,0x00,0x00,0x00,
  0x5c,0x5c,0x5c,0xb7,0x03,0x03,0x03,0x03,0x03,0x03,0x03,0x03,0x03,0x03,0x03,0x03,
  0x03,0x03,0x03,0x03,0x03,0x03,0x03,0x03,0x03,0x03,0x03,0x03,0x00,0x00,0x20,0x20,
  0x1a,0x1a,0xfa,0xfa,0x1a,0x1a,0xfa,0xfa,0x1a,0x1a,0xfa,0xfa,0x1a,0x1a,0xfa,0xfa,
  0x1a,0x1a,0xfa,0xfa,0x1a,0x1a,0xfa,0xfa,0x1a,0x1a,0xfa,0xfa,0x1a,0x1a,0xfa,0xfa,
  0x1a,0x1a,0xfa,0xfa,0x1a,0x1a,0xfa,0xfa,0x1a,0x1a,0xfa,0xfa,0x1a,0x1a,0xfa,0xfa,
  0x26,0x26,0xdb,0xdb,0x1a,0x1a,0xfa,0xfa,0x1a,0x1a,0xfa,0xfa,0x1b,0x1b,0x39,0x39,
  0x65,0x65,0x24,0x24,0x0d,0x87,0x66,0x66,0x65,0x87,0x65,0x0d,0x66,0x87,0x79,0x0d,
  0x66,0x87,0x79,0x0d,0x66,0x87,0x79,0x0d,0x66,0x87,0x66,0x66,0x34,0x34,0x34,0x34,
  0x65,0x65,0x65,0x65,0x7a,0x7a,0x29,0x29,0x7a,0x7a,0x29,0x29,0x7a,0x7a,0x29,0x29,
  0x7a,0x7a,0x29,0x29,0x7a,0x7a,0x29,0x29,0x7a,0x7a,0x29,0x29,0x82,0x00,0x24,0x04,
  0x0a,0x05,0x0a,0x05,0x0a,0x05,0x0a,0x05,0x0a,0x05,0x0a,0x05,0x0a,0x05,0x0a,0x05,
  0x0a,0x05,0x0a,0x05,0x0a,0x05,0x0a,0x05,0x0a,0x05,0x0a,0x05,0x0a,0x05,0x0a,0x05,
  0x0a,0x05,0x0a,0x05,0x0a,0x05,0x0a,0x05,0x0a,0x05,0x0a,0x05,0x0a,0x05,0x0a,0x05,
  0x0a,0x05,0x0a,0x05,0x0a,0x05,0x0a,0x05,0x0a,0x05,0x0a,0x05,0x0a,0x05,0x0a,0x05,
  0x65,0x65,0x24,0x24,0x87,0x87,0x87,0x87,0x87,0x87,0x0d,0x0d,0x87,0x87,0x0d,0x0d,
  0x87,0x87,0x0d,0x0d,0x87,0x87,0x0d,0x0d,0x87,0x87,0x87,0x87,0x06,0x34,0x06,0x34,
  0x65,0x65,0x65,0x65,0xaf,0xaf,0x2f,0x2f,0xaf,0xaf,0x2f,0x2f,0xaf,0xaf,0x2f,0x2f,
  0xaf,0xaf,0x2f,0x2f,0xaf,0xaf,0x2f,0x2f,0xaf,0xaf,0x2f,0x2f,0x82,0x00,0x24,0x04,
  0x78,0x05,0x05,0x05,0x05,0x05,0x05,0x05,0x05,0x05,0x05,0x05,0x05,0x05,0x05,0x05,
  0x05,0x05,0x05,0x05,0x05,0x05,0x05,0x05,0x05,0x05,0x05,0x05,0x05,0x05,0x05,0x05,
  0x05,0x05,0x05,0x05,0x05,0x05,0x05,0x05,0x05,0x05,0x05,0x05,0x05,0x05,0x05,0x05,
  0x05,0x05,0x05,0x05,0x05,0x05,0x05,0x05,0x05,0x05,0x05,0x05,0x05,0x05,0x05,0x05,
  0x65,0x65,0x24,0x24,0xe9,0x0d,0x79,0x79,0x66,0x87,0x79,0x0d,0x66,0x87,0x79,0x0d,
  0x66,0x87,0x79,0x0d,0x66,0x87,0x79,0x0d,0x79,0x0d,0x79,0x79,0x06,0x34,0x06,0x34,
  0x65,0x65,0x65,0x65,0x7a,0xaf,0x29,0x2f,0x7a,0xaf,0x29,0x2f,0x7a,0xaf,0x29,0x2f,
  0x7a,0xaf,0x29,0x2f,0x7a,0xaf,0x29,0x2f,0x7a,0xaf,0x29,0x2f,0x82,0x00,0x24,0x04,
  0x0a,0x78,0x0a,0x78,0x0a,0x78,0x0a,0x78,0x0a,0x78,0x0a,0x78,0x0a,0x78,0x0a,0x78,
  0x0a,0x78,0x0a,0x78,0x0a,0x78,0x0a,0x78,0x0a,0x78,0x0a,0x78,0x0a,0x78,0x0a,0x78,
  0x0a,0x78,0x0a,0x78,0x0a,0x78,0x0a,0x78,0x0a,0x78,0x0a,0x78,0x0a,0x78,0x0a,0x78,
  0x0a,0x78,0x0a,0x78,0x0a,0x78,0x0a,0x78,0x0a,0x78,0x0a,0x78,0x0a,0x78,0x0a,0x78,
  0x65,0x65,0x24,0x24,0x0d,0x0d,0x0d,0x0d,0x66,0x87,0x79,0x0d,0x66,0x87,0x79,0x0d,
  0x66,0x87,0x79,0x0d,0x66,0x87,0x79,0x0d,0x0d,0x0d,0x0d,0x0d,0x06,0x01,0x06,0x01,
  0x65,0x65,0x65,0x65,0x7a,0xaf,0x29,0x2f,0x7a,0xaf,0x29,0x2f,0x7a,0xaf,0x29,0x2f,
  0x7a,0xaf,0x29,0x2f,0x7a,0xaf,0x29,0x2f,0x7a,0xaf,0x29,0x2f,0x82,0xa9,0x24,0x24,
  0x7d,0x78,0x78,0x78,0x78,0x78,0x78,0x78,0x78,0x78,0x78,0x78,0x78,0x78,0x78,0x78,
  0x78,0x78,0x78,0x78,0x78,0x78,0x78,0x78,0x78,0x78,0x78,0x78,0x78,0x78,0x78,0x78,
  0x78,0x78,0x78,0x78,0x78,0x78,0x78,0x78,0x78,0x78,0x78,0x78,0x78,0x78,0x78,0x78,
  0x78,0x78,0x78,0x78,0x78,0x78,0x78,0x78,0x78,0x78,0x78,0x78,0x78,0x78,0x78,0x78,
  0x40,0x07,0x07,0x40,0x07,0x07,0x07,0x07,0x07,0x07,0x07,0x07,0x07,0x07,0x07,0x07,
  0x07,0x07,0x07,0x07,0x07,0x07,0x07,0x07,0x07,0x07,0x07,0x07,0x00,0x00,0x00,0x00,
  0x07,0x07,0x40,0x40,0x07,0x07,0x07,0x07,0x07,0x07,0x07,0x07,0x07,0x07,0x07,0x07,
  0x07,0x07,0x07,0x07,0x07,0x07,0x07,0x07,0x07,0x07,0x07,0x07,0x00,0x00,0x00,0x00,
  0x27,0x45,0x27,0x63,0x1a,0x1a,0xfa,0xfa,0x1a,0x1a,0xfa,0xfa,0x1a,0x1a,0xfa,0xfa,
  0x1a,0x1a,0xfa,0xfa,0x1a,0x1a,0xfa,0xfa,0x1a,0x1a,0xfa,0xfa,0x1a,0x1a,0xfa,0xfa,
  0x1a,0x1a,0xfa,0xfa,0x1a,0x1a,0xfa,0xfa,0x1a,0x1a,0xfa,0xfa,0x1a,0x1a,0xfa,0xfa,
  0x26,0xf5,0xdb,0x33,0x1a,0x27,0xfa,0x27,0x1a,0x1a,0xfa,0xfa,0x1b,0xeb,0x39,0xff,
  0x40,0x07,0x07,0x40,0x07,0x07,0x07,0x07,0x07,0x07,0x07,0x07,0x07,0x07,0x07,0x07,
  0x07,0x07,0x07,0x07,0x07,0x07,0x07,0x07,0x07,0x07,0x07,0x07,0x00,0x00,0x00,0x00,
  0x40,0x40,0x07,0x40,0x07,0x07,0x07,0x07,0x07,0x07,0x07,0x07,0x07,0x07,0x07,0x07,
  0x07,0x07,0x07,0x07,0x07,0x07,0x07,0x07,0x07,0x07,0x07,0x07,0x00,0x00,0x00,0x00,
  0xbe,0x1a,0xea,0xfa,0x45,0x45,0x63,0x63,0x45,0x45,0x63,0x63,0x45,0x45,0x63,0x63,
  0x45,0x45,0x63,0x63,0x45,0x45,0x63,0x63,0x45,0x45,0x63,0x63,0x45,0x45,0x63,0x63,
  0x45,0x45,0x63,0x63,0x45,0x45,0x63,0x63,0x45,0x45,0x63,0x63,0x45,0x45,0x63,0x63,
  0xc7,0x25,0xcd,0xe5,0x45,0xbe,0x63,0xea,0x45,0x45,0x63,0x63,0xbe,0xea,0xf6,0xe8,
  0x40,0x07,0x07,0x40,0x07,0x07,0x07,0x07,0x07,0x07,0x07,0x07,0x07,0x07,0x07,0x07,
  0x07,0x07,0x07,0x07,0x07,0x07,0x07,0x07,0x07,0x07,0x07,0x07,0x00,0x00,0x00,0x00,
  0x07,0x07,0x40,0x40,0x07,0x07,0x07,0x07,0x07,0x07,0x07,0x07,0x07,0x07,0x07,0x07,
  0x07,0x07,0x07,0x07,0x07,0x07,0x07,0x07,0x07,0x07,0x07,0x07,0x00,0x00,0x00,0x00,
  0x45,0x45,0x63,0x63,0x45,0x45,0x63,0x63,0x45,0x45,0x63,0x63,0x45,0x45,0x63,0x63,
  0x45,0x45,0x63,0x63,0x45,0x45,0x63,0x63,0x45,0x45,0x63,0x63,0x45,0x45,0x63,0x63,
  0x45,0x45,0x63,0x63,0x45,0x45,0x63,0x63,0x45,0x45,0x63,0x63,0x45,0x45,0x63,0x63,
  0xc7,0xc7,0xcd,0xcd,0x45,0x45,0x63,0x63,0x45,0x45,0x63,0x63,0xbe,0xbe,0xf6,0xf6,
  0x40,0x07,0x07,0x40,0x07,0x07,0x07,0x07,0x07,0x07,0x07,0x07,0x07,0x07,0x07,0x07,
  0x07,0x07,0x07,0x07,0x07,0x07,0x07,0x07,0x07,0x07,0x07,0x07,0x00,0x00,0x00,0x00,
  0x40,0x40,0x07,0x40,0x07,0x07,0x07,0x07,0x07,0x07,0x07,0x07,0x07,0x07,0x07,0x07,
  0x07,0x07,0x07,0x07,0x07,0x07,0x07,0x07,0x07,0x07,0x07,0x07,0x00,0x00,0x00,0x00,
  0x1a,0x1a,0xfa,0xfa,0x1a,0x1a,0xfa,0xfa,0x1a,0x1a,0xfa,0xfa,0x1a,0x1a,0xfa,0xfa,
  0x1a,0x1a,0xfa,0xfa,0x1a,0x1a,0xfa,0xfa,0x1a,0x1a,0xfa,0xfa,0x1a,0x1a,0xfa,0xfa,
  0x1a,0x1a,0xfa,0xfa,0x1a,0x1a,0xfa,0xfa,0x1a,0x1a,0xfa,0xfa,0x1a,0x1a,0xfa,0xfa,
  0x26,0x26,0xdb,0xdb,0x1a,0x1a,0xfa,0xfa,0x1a,0x1a,0xfa,0xfa,0x1b,0x1b,0x39,0x39,
  0x40,0x07,0x07,0x40,0x07,0x07,0x07,0x07,0x07,0x07,0x07,0x07,0x07,0x07,0x07,0x07,
  0x07,0x07,0x07,0x07,0x07,0x07,0x07,0x07,0x07,0x07,0x07,0x07,0x00,0x00,0x00,0x00,
  0x40,0x40,0x07,0x40,0x07,0x07,0x07,0x07,0x07,0x07,0x07,0x07,0x07,0x07,0x07,0x07,
  0x07,0x07,0x07,0x07,0x07,0x07,0x07,0x07,0x07,0x07,0x07,0x07,0x00,0x00,0x00,0x00,
  0x0a,0x05,0x0a,0x05,0x0a,0x05,0x0a,0x05,0x0a,0x05,0x0a,0x05,0x0a,0x05,0x0a,0x05,
  0x0a,0x05,0x0a,0x05,0x0a,0x05,0x0a,0x05,0x0a,0x05,0x0a,0x05,0x0a,0x05,0x0a,0x05,
  0x0a,0x05,0x0a,0x05,0x0a,0x05,0x0a,0x05,0x0a,0x05,0x0a,0x05,0x0a,0x05,0x0a,0x05,
  0x0a,0x05,0x0a,0x05,0x0a,0x05,0x0a,0x05,0x0a,0x05,0x0a,0x05,0x0a,0x05,0x0a,0x05,
  0x40,0x07,0x07,0x40,0x07,0x07,0x07,0x07,0x07,0x07,0x07,0x07,0x07,0x07,0x07,0x07,
  0x07,0x07,0x07,0x07,0x07,0x07,0x07,0x07,0x07,0x07,0x07,0x07,0x00,0x00,0x00,0x00,
  0x40,0x40,0x07,0x40,0x07,0x07,0x07,0x07,0x07,0x07,0x07,0x07,0x07,0x07,0x07,0x07,
  0x07,0x07,0x07,0x07,0x07,0x07,0x07,0x07,0x07,0x07,0x07,0x07,0x00,0x00,0x00,0x00,
  0x05,0x05,0x05,0x05,0x05,0x05,0x05,0x05,0x05,0x05,0x05,0x05,0x05,0x05,0x05,0x05,
  0x05,0x05,0x05,0x05,0x05,0x05,0x05,0x05,0x05,0x05,0x05,0x05,0x05,0x05,0x05,0x05,
  0x05,0x05,0x05,0x05,0x05,0x05,0x05,0x05,0x05,0x05,0x05,0x05,0x05,0x05,0x05,0x05,
  0x05,0x05,0x05,0x05,0x05,0x05,0x05,0x05,0x05,0x05,0x05,0x05,0x05,0x05,0x05,0x05,
  0x40,0x07,0x07,0x40,0x07,0x07,0x07,0x07,0x07,0x07,0x07,0x07,0x07,0x07,0x07,0x07,
  0x07,0x07,0x07,0x07,0x07,0x07,0x07,0x07,0x07,0x07,0x07,0x07,0x00,0x00,0x00,0x00,
  0x40,0x40,0x07,0x40,0x07,0x07,0x07,0x07,0x07,0x07,0x07,0x07,0x07,0x07,0x07,0x07,
  0x07,0x07,0x07,0x07,0x07,0x07,0x07,0x07,0x07,0x07,0x07,0x07,0x00,0x00,0x00,0x00,
  0x0a,0x78,0x0a,0x78,0x0a,0x78,0x0a,0x78,0x0a,0x78,0x0a,0x78,0x0a,0x78,0x0a,0x78,
  0x0a,0x78,0x0a,0x78,0x0a,0x78,0x0a,0x78,0x0a,0x78,0x0a,0x78,0x0a,0x78,0x0a,0x78,
  0x0a,0x78,0x0a,0x78,0x0a,0x78,0x0a,0x78,0x0a,0x78,0x0a,0x78,0x0a,0x78,0x0a,0x78,
  0x0a,0x78,0x0a,0x78,0x0a,0x78,0x0a,0x78,0x0a,0x78,0x0a,0x78,0x0a,0x78,0x0a,0x78,
  0x40,0x07,0x07,0x40,0x07,0x07,0x07,0x07,0x07,0x07,0x07,0x07,0x07,0x07,0x07,0x07,
  0x07,0x07,0x07,0x07,0x07,0x07,0x07,0x07,0x07,0x07,0x07,0x07,0x00,0x00,0x00,0x00,
  0x40,0x40,0x07,0x40,0x07,0x07,0x07,0x07,0x07,0x07,0x07,0x07,0x07,0x07,0x07,0x07,
  0x07,0x07,0x07,0x07,0x07,0x07,0x07,0x07,0x07,0x07,0x07,0x07,0x00,0x00,0x00,0x00,
  0x78,0x78,0x78,0x78,0x78,0x78,0x78,0x78,0x78,0x78,0x78,0x78,0x78,0x78,0x78,0x78,
  0x78,0x78,0x78,0x78,0x78,0x78,0x78,0x78,0x78,0x78,0x78,0x78,0x78,0x78,0x78,0x78,
  0x78,0x78,0x78,0x78,0x78,0x78,0x78,0x78,0x78,0x78,0x78,0x78,0x78,0x78,0x78,0x78,
  0x78,0x78,0x78,0x78,0x78,0x78,0x78,0x78,0x78,0x78,0x78,0x78,0x78,0x78,0x78,0x78,
  0x40,0x07,0x07,0x40,0x07,0x07,0x07,0x07,0x07,0x07,0x07,0x07,0x07,0x07,0x07,0x07,
  0x07,0x07,0x07,0x07,0x07,0x07,0x07,0x07,0x07,0x07,0x07,0x07,0x00,0x00,0x00,0x00,
  0x40,0x40,0x07,0x40,0x07,0x07,0x07,0x07,0x07,0x07,0x07,0x07,0x07,0x07,0x07,0x07,
  0x07,0x07,0x07,0x07,0x07,0x07,0x07,0x07,0x07,0x07,0x07,0x07,0x00,0x00,0x00,0x00,
  0x27,0x45,0x27,0x63,0x1a,0x1a,0xfa,0xfa,0x1a,0x1a,0xfa,0xfa,0x1a,0x1a,0xfa,0xfa,
  0x1a,0x1a,0xfa,0xfa,0x1a,0x1a,0xfa,0xfa,0x1a,0x1a,0xfa,0xfa,0x1a,0x1a,0xfa,0xfa,
  0x1a,0x1a,0xfa,0xfa,0x1a,0x1a,0xfa,0xfa,0x1a,0x1a,0xfa,0xfa,0x1a,0x1a,0xfa,0xfa,
  0xfd,0xd4,0x22,0x62,0x1a,0x27,0xfa,0x27,0x1a,0x1a,0xfa,0xfa,0x1b,0xeb,0x39,0x22,
  0x40,0x07,0x07,0x40,0x07,0x07,0x07,0x07,0x07,0x07,0x07,0x07,0x07,0x07,0x07,0x07,
  0x07,0x07,0x07,0x07,0x07,0x07,0x07,0x07,0x07,0x07,0x07,0x07,0x00,0x00,0x00,0x00,
  0x40,0x40,0x07,0x40,0x07,0x07,0x07,0x07,0x07,0x07,0x07,0x07,0x07,0x07,0x07,0x07,
  0x07,0x07,0x07,0x07,0x07,0x07,0x07,0x07,0x07,0x07,0x07,0x07,0x00,0x00,0x00,0x00,
  0xbe,0x1a,0xea,0xfa,0x45,0x45,0x63,0x63,0x45,0x45,0x63,0x63,0x45,0x45,0x63,0x63,
  0x45,0x45,0x63,0x63,0x45,0x45,0x63,0x63,0x45,0x45,0x63,0x63,0x45,0x45,0x63,0x63,
  0x45,0x45,0x63,0x63,0x45,0x45,0x63,0x63,0x45,0x45,0x63,0x63,0x45,0x45,0x63,0x63,
  0xee,0x19,0xd5,0xf4,0x45,0xbe,0x63,0xea,0x45,0x45,0x63,0x63,0xbe,0xea,0xb4,0xe8,
  0x40,0x07,0x07,0x40,0x07,0x07,0x07,0x07,0x07,0x07,0x07,0x07,0x07,0x07,0x07,0x07,
  0x07,0x07,0x07,0x07,0x07,0x07,0x07,0x07,0x07,0x07,0x07,0x07,0x00,0x00,0x00,0x00,
  0x40,0x40,0x07,0x40,0x07,0x07,0x07,0x07,0x07,0x07,0x07,0x07,0x07,0x07,0x07,0x07,
  0x07,0x07,0x07,0x07,0x07,0x07,0x07,0x07,0x07,0x07,0x07,0x07,0x00,0x00,0x00,0x00,
  0x45,0x45,0x63,0x63,0x45,0x45,0x63,0x63,0x45,0x45,0x63,0x63,0x45,0x45,0x63,0x63,
  0x45,0x45,0x63,0x63,0x45,0x45,0x63,0x63,0x45,0x45,0x63,0x63,0x45,0x45,0x63,0x63,
  0x45,0x45,0x63,0x63,0x45,0x45,0x63,0x63,0x45,0x45,0x63,0x63,0x45,0x45,0x63,0x63,
  0xee,0xee,0xd5,0xd5,0x45,0x45,0x63,0x63,0x45,0x45,0x63,0x63,0xbe,0xbe,0xb4,0xb4,
  0x40,0x07,0x07,0x40,0x07,0x07,0x07,0x07,0x07,0x07,0x07,0x07,0x07,0x07,0x07,0x07,
  0x07,0x07,0x07,0x07,0x07,0x07,0x07,0x07,0x07,0x07,0x07,0x07,0x00,0x00,0x00,0x00,
  0x40,0x40,0x07,0x40,0x07,0x07,0x07,0x07,0x07,0x07,0x07,0x07,0x07,0x07,0x07,0x07,
  0x07,0x07,0x07,0x07,0x07,0x07,0x07,0x07,0x07,0x07,0x07,0x07,0x00,0x00,0x00,0x00,
  0x1a,0x1a,0xfa,0xfa,0x1a,0x1a,0xfa,0xfa,0x1a,0x1a,0xfa,0xfa,0x1a,0x1a,0xfa,0xfa,
  0x1a,0x1a,0xfa,0xfa,0x1a,0x1a,0xfa,0xfa,0x1a,0x1a,0xfa,0xfa,0x1a,0x1a,0xfa,0xfa,
  0x1a,0x1a,0xfa,0xfa,0x1a,0x1a,0xfa,0xfa,0x1a,0x1a,0xfa,0xfa,0x1a,0x1a,0xfa,0xfa,
  0xfd,0xfd,0x22,0x22,0x1a,0x1a,0xfa,0xfa,0x1a,0x1a,0xfa,0xfa,0x1b,0x1b,0x39,0x39,
  0x40,0x07,0x07,0x40,0x07,0x07,0x07,0x07,0x07,0x07,0x07,0x07,0x07,0x07,0x07,0x07,
  0x07,0x07,0x07,0x07,0x07,0x07,0x07,0x07,0x07,0x07,0x07,0x07,0x00,0x00,0x00,0x00,
  0x40,0x40,0x07,0x40,0x07,0x07,0x07,0x07,0x07,0x07,0x07,0x07,0x07,0x07,0x07,0x07,
  0x07,0x07,0x07,0x07,0x07,0x07,0x07,0x07,0x07,0x07,0x07,0x07,0x00,0x00,0x00,0x00,
  0x16,0x15,0x10,0xe2,0x16,0x15,0x11,0xe2,0x16,0x15,0x11,0xe2,0x16,0x15,0x11,0xe2,
  0x16,0x15,0x11,0xe2,0x16,0x15,0x11,0xe2,0x16,0x15,0x11,0xe2,0x16,0x15,0x11,0xe2,
  0x16,0x15,0x11,0xe2,0x16,0x15,0x11,0xe2,0x16,0x15,0x11,0xe2,0x16,0x15,0x11,0xe2,
  0x16,0x15,0x11,0xe2,0x16,0x15,0x11,0xe2,0x16,0x15,0x11,0xe2,0x16,0x15,0x11,0xe2,
  0x40,0x07,0x07,0x40,0x07,0x07,0x07,0x07,0x07,0x07,0x07,0x07,0x07,0x07,0x07,0x07,
  0x07,0x07,0x07,0x07,0x07,0x07,0x07,0x07,0x07,0x07,0x07,0x07,0x00,0x00,0x00,0x00,
  0x40,0x40,0x07,0x40,0x07,0x07,0x07,0x07,0x07,0x07,0x07,0x07,0x07,0x07,0x07,0x07,
  0x07,0x07,0x07,0x07,0x07,0x07,0x07,0x07,0x07,0x07,0x07,0x07,0x00,0x00,0x00,0x00,
  0x8b,0x16,0x16,0x11,0x15,0x16,0xe2,0x11,0x15,0x16,0xe2,0x11,0x15,0x16,0xe2,0x11,
  0x15,0x16,0xe2,0x11,0x15,0x16,0xe2,0x11,0x15,0x16,0xe2,0x11,0x15,0x16,0xe2,0x11,
  0x15,0x16,0xe2,0x11,0x15,0x16,0xe2,0x11,0x15,0x16,0xe2,0x11,0x15,0x16,0xe2,0x11,
  0x15,0x16,0xe2,0x11,0x15,0x16,0xe2,0x11,0x15,0x16,0xe2,0x11,0x15,0x16,0xe2,0x11,
  0x40,0x07,0x07,0x40,0x07,0x07,0x07,0x07,0x07,0x07,0x07,0x07,0x07,0x07,0x07,0x07,
  0x07,0x07,0x07,0x07,0x07,0x07,0x07,0x07,0x07,0x07,0x07,0x07,0x00,0x00,0x00,0x00,
  0x40,0x40,0x07,0x40,0x07,0x07,0x07,0x07,0x07,0x07,0x07,0x07,0x07,0x07,0x07,0x07,
  0x07,0x07,0x07,0x07,0x07,0x07,0x07,0x07,0x07,0x07,0x07,0x07,0x00,0x00,0x00,0x00,
  0x15,0x16,0xe2,0x11,0x15,0x16,0xe2,0x11,0x15,0x16,0xe2,0x11,0x15,0x16,0xe2,0x11,
  0x15,0x16,0xe2,0x11,0x15,0x16,0xe2,0x11,0x15,0x16,0xe2,0x11,0x15,0x16,0xe2,0x11,
  0x15,0x16,0xe2,0x11,0x15,0x16,0xe2,0x11,0x15,0x16,0xe2,0x11,0x15,0x16,0xe2,0x11,
  0x15,0x16,0xe2,0x11,0x15,0x16,0xe2,0x11,0x15,0x16,0xe2,0x11,0x15,0x16,0xe2,0x11,
  0x40,0x07,0x07,0x40,0x07,0x07,0x07,0x07,0x07,0x07,0x07,0x07,0x07,0x07,0x07,0x07,
  0x07,0x07,0x07,0x07,0x07,0x07,0x07,0x07,0x07,0x07,0x07,0x07,0x00,0x00,0x00,0x00,
  0x40,0x40,0x07,0x40,0x07,0x07,0x07,0x07,0x07,0x07,0x07,0x07,0x07,0x07,0x07,0x07,
  0x07,0x07,0x07,0x07,0x07,0x07,0x07,0x07,0x07,0x07,0x07,0x07,0x00,0x00,0x00,0x00,
  0x16,0x16,0x11,0x11,0x16,0x16,0x11,0x11,0x16,0x16,0x11,0x11,0x16,0x16,0x11,0x11,
  0x16,0x16,0x11,0x11,0x16,0x16,0x11,0x11,0x16,0x16,0x11,0x11,0x16,0x16,0x11,0x11,
  0x16,0x16,0x11,0x11,0x16,0x16,0x11,0x11,0x16,0x16,0x11,0x11,0x16,0x16,0x11,0x11,
  0x16,0x16,0x11,0x11,0x16,0x16,0x11,0x11,0x16,0x16,0x11,0x11,0x16,0x16,0x11,0x11,
  0x40,0x07,0x07,0x40,0x07,0x07,0x07,0x07,0x07,0x07,0x07,0x07,0x07,0x07,0x07,0x07,
  0x07,0x07,0x07,0x07,0x07,0x07,0x07,0x07,0x07,0x07,0x07,0x07,0x00,0x00,0x00,0x00,
  0x07,0x07,0x40,0x40,0x07,0x07,0x07,0x07,0x07,0x07,0x07,0x07,0x07,0x07,0x07,0x07,
  0x07,0x07,0x07,0x07,0x07,0x07,0x07,0x07,0x07,0x07,0x07,0x07,0x00,0x00,0x00,0x00,
  0x27,0x45,0x27,0x63,0x1a,0x1a,0xfa,0xfa,0x1a,0x1a,0xfa,0xfa,0x1a,0x1a,0xfa,0xfa,
  0x1a,0x1a,0xfa,0xfa,0x1a,0x1a,0xfa,0xfa,0x1a,0x1a,0xfa,0xfa,0x1a,0x1a,0xfa,0xfa,
  0x1a,0x1a,0xfa,0xfa,0x1a,0x1a,0xfa,0xfa,0x1a,0x1a,0xfa,0xfa,0x1a,0x1a,0xfa,0xfa,
  0x26,0xf5,0xdb,0x33,0x1a,0x27,0xfa,0x27,0x1a,0x1a,0xfa,0xfa,0xfd,0xd4,0xdb,0xaa,
  0x40,0x07,0x07,0x40,0x07,0x07,0x07,0x07,0x07,0x07,0x07,0x07,0x07,0x07,0x07,0x07,
  0x07,0x07,0x07,0x07,0x07,0x07,0x07,0x07,0x07,0x07,0x07,0x07,0x00,0x00,0x00,0x00,
  0x07,0x07,0x40,0x40,0x07,0x07,0x07,0x07,0x07,0x07,0x07,0x07,0x07,0x07,0x07,0x07,
  0x07,0x07,0x07,0x07,0x07,0x07,0x07,0x07,0x07,0x07,0x07,0x07,0x00,0x00,0x00,0x00,
  0xbe,0x1a,0xea,0xfa,0x45,0x45,0x63,0x63,0x45,0x45,0x63,0x63,0x45,0x45,0x63,0x63,
  0x45,0x45,0x63,0x63,0x45,0x45,0x63,0x63,0x45,0x45,0x63,0x63,0x45,0x45,0x63,0x63,
  0x45,0x45,0x63,0x63,0x45,0x45,0x63,0x63,0x45,0x45,0x63,0x63,0x45,0x45,0x63,0x63,
  0xc7,0x25,0xcd,0xe5,0x45,0xbe,0x63,0xea,0x45,0x45,0x63,0x63,0xee,0x19,0x3f,0xf4,
  0x40,0x07,0x07,0x40,0x07,0x07,0x07,0x07,0x07,0x07,0x07,0x07,0x07,0x07,0x07,0x07,
  0x07,0x07,0x07,0x07,0x07,0x07,0x07,0x07,0x07,0x07,0x07,0x07,0x00,0x00,0x00,0x00,
  0x07,0x07,0x40,0x40,0x07,0x07,0x07,0x07,0x07,0x07,0x07,0x07,0x07,0x07,0x07,0x07,
  0x07,0x07,0x07,0x07,0x07,0x07,0x07,0x07,0x07,0x07,0x07,0x07,0x00,0x00,0x00,0x00,
  0x45,0x45,0x63,0x63,0x45,0x45,0x63,0x63,0x45,0x45,0x63,0x63,0x45,0x45,0x63,0x63,
  0x45,0x45,0x63,0x63,0x45,0x45,0x63,0x63,0x45,0x45,0x63,0x63,0x45,0x45,0x63,0x63,
  0x45,0x45,0x63,0x63,0x45,0x45,0x63,0x63,0x45,0x45,0x63,0x63,0x45,0x45,0x63,0x63,
  0xc7,0xc7,0xcd,0xcd,0x45,0x45,0x63,0x63,0x45,0x45,0x63,0x63,0xee,0xee,0x3f,0x3f,
  0x40,0x07,0x07,0x40,0x07,0x07,0x07,0x07,0x07,0x07,0x07,0x07,0x07,0x07,0x07,0x07,
  0x07,0x07,0x07,0x07,0x07,0x07,0x07,0x07,0x07,0x07,0x07,0x07,0x00,0x00,0x00,0x00,
  0x07,0x07,0x40,0x40,0x07,0x07,0x07,0x07,0x07,0x07,0x07,0x07,0x07,0x07,0x07,0x07,
  0x07,0x07,0x07,0x07,0x07,0x07,0x07,0x07,0x07,0x07,0x07,0x07,0x00,0x00,0x00,0x00,
  0x1a,0x1a,0xfa,0xfa,0x1a,0x1a,0xfa,0xfa,0x1a,0x1a,0xfa,0xfa,0x1a,0x1a,0xfa,0xfa,
  0x1a,0x1a,0xfa,0xfa,0x1a,0x1a,0xfa,0xfa,0x1a,0x1a,0xfa,0xfa,0x1a,0x1a,0xfa,0xfa,
  0x1a,0x1a,0xfa,0xfa,0x1a,0x1a,0xfa,0xfa,0x1a,0x1a,0xfa,0xfa,0x1a,0x1a,0xfa,0xfa,
  0x26,0x26,0xdb,0xdb,0x1a,0x1a,0xfa,0xfa,0x1a,0x1a,0xfa,0xfa,0xfd,0xfd,0xdb,0xdb,
  0x40,0x07,0x07,0x40,0x07,0x07,0x07,0x07,0x07,0x07,0x07,0x07,0x07,0x07,0x07,0x07,
  0x07,0x07,0x07,0x07,0x07,0x07,0x07,0x07,0x07,0x07,0x07,0x07,0x00,0x00,0x00,0x00,
  0x07,0x07,0x40,0x40,0x07,0x07,0x07,0x07,0x07,0x07,0x07,0x07,0x07,0x07,0x07,0x07,
  0x07,0x07,0x07,0x07,0x07,0x07,0x07,0x07,0x07,0x07,0x07,0x07,0x00,0x00,0x00,0x00,
  0x0a,0x05,0x0a,0x05,0x0a,0x05,0x0a,0x05,0x0a,0x05,0x0a,0x05,0x0a,0x05,0x0a,0x05,
  0x0a,0x05,0x0a,0x05,0x0a,0x05,0x0a,0x05,0x0a,0x05,0x0a,0x05,0x0a,0x05,0x0a,0x05,
  0x0a,0x05,0x0a,0x05,0x0a,0x05,0x0a,0x05,0x0a,0x05,0x0a,0x05,0x0a,0x05,0x0a,0x05,
  0x0a,0x05,0x0a,0x05,0x0a,0x05,0x0a,0x05,0x0a,0x05,0x0a,0x05,0x0a,0x05,0x0a,0x05,
  0x40,0x07,0x07,0x40,0x07,0x07,0x07,0x07,0x07,0x07,0x07,0x07,0x07,0x07,0x07,0x07,
  0x07,0x07,0x07,0x07,0x07,0x07,0x07,0x07,0x07,0x07,0x07,0x07,0x00,0x00,0x00,0x00,
  0x07,0x07,0x40,0x40,0x07,0x07,0x07,0x07,0x07,0x07,0x07,0x07,0x07,0x07,0x07,0x07,
  0x07,0x07,0x07,0x07,0x07,0x07,0x07,0x07,0x07,0x07,0x07,0x07,0x00,0x00,0x00,0x00,
  0x05,0x05,0x05,0x05,0x05,0x05,0x05,0x05,0x05,0x05,0x05,0x05,0x05,0x05,0x05,0x05,
  0x05,0x05,0x05,0x05,0x05,0x05,0x05,0x05,0x05,0x05,0x05,0x05,0x05,0x05,0x05,0x05,
  0x05,0x05,0x05,0x05,0x05,0x05,0x05,0x05,0x05,0x05,0x05,0x05,0x05,0x05,0x05,0x05,
  0x05,0x05,0x05,0x05,0x05,0x05,0x05,0x05,0x05,0x05,0x05,0x05,0x05,0x05,0x05,0x05,
  0x40,0x07,0x07,0x40,0x07,0x07,0x07,0x07,0x07,0x07,0x07,0x07,0x07,0x07,0x07,0x07,
  0x07,0x07,0x07,0x07,0x07,0x07,0x07,0x07,0x07,0x07,0x07,0x07,0x00,0x00,0x00,0x00,
  0x07,0x07,0x40,0x40,0x07,0x07,0x07,0x07,0x07,0x07,0x07,0x07,0x07,0x07,0x07,0x07,
  0x07,0x07,0x07,0x07,0x07,0x07,0x07,0x07,0x07,0x07,0x07,0x07,0x00,0x00,0x00,0x00,
  0x0a,0x78,0x0a,0x78,0x0a,0x78,0x0a,0x78,0x0a,0x78,0x0a,0x78,0x0a,0x78,0x0a,0x78,
  0x0a,0x78,0x0a,0x78,0x0a,0x78,0x0a,0x78,0x0a,0x78,0x0a,0x78,0x0a,0x78,0x0a,0x78,
  0x0a,0x78,0x0a,0x78,0x0a,0x78,0x0a,0x78,0x0a,0x78,0x0a,0x78,0x0a,0x78,0x0a,0x78,
  0x0a,0x78,0x0a,0x78,0x0a,0x78,0x0a,0x78,0x0a,0x78,0x0a,0x78,0x0a,0x78,0x0a,0x78,
  0x40,0x07,0x07,0x40,0x07,0x07,0x07,0x07,0x07,0x07,0x07,0x07,0x07,0x07,0x07,0x07,
  0x07,0x07,0x07,0x07,0x07,0x07,0x07,0x07,0x07,0x07,0x07,0x07,0x00,0x00,0x00,0x00,
  0x07,0x07,0x40,0x40,0x07,0x07,0x07,0x07,0x07,0x07,0x07,0x07,0x07,0x07,0x07,0x07,
  0x07,0x07,0x07,0x07,0x07,0x07,0x07,0x07,0x07,0x07,0x07,0x07,0x00,0x00,0x00,0x00,
  0x78,0x78,0x78,0x78,0x78,0x78,0x78,0x78,0x78,0x78,0x78,0x78,0x78,0x78,0x78,0x78,
  0x78,0x78,0x78,0x78,0x78,0x78,0x78,0x78,0x78,0x78,0x78,0x78,0x78,0x78,0x78,0x78,
  0x78,0x78,0x78,0x78,0x78,0x78,0x78,0x78,0x78,0x78,0x78,0x78,0x78,0x78,0x78,0x78,
  0x78,0x78,0x78,0x78,0x78,0x78,0x78,0x78,0x78,0x78,0x78,0x78,0x78,0x78,0x78,0x78,
  0xe2,0x6a,0x6a,0x6a,0x03,0x03,0x03,0x03,0x03,0x03,0x03,0x03,0x03,0x03,0x03,0x03,
  0x03,0x03,0x03,0x03,0x03,0x03,0x03,0x03,0x03,0x03,0x03,0x03,0x00,0x00,0x00,0x00,
  0x6a,0x6a,0x6a,0x6a,0x03,0x03,0x03,0x03,0x03,0x03,0x03,0x03,0x03,0x03,0x03,0x03,
  0x03,0x03,0x03,0x03,0x03,0x03,0x03,0x03,0x03,0x03,0x03,0x03,0x00,0x00,0x00,0x00,
  0x27,0x45,0x27,0x63,0x1a,0x1a,0xfa,0xfa,0x1a,0x1a,0xfa,0xfa,0x1a,0x1a,0xfa,0xfa,
  0x1a,0x1a,0xfa,0xfa,0x1a,0x1a,0xfa,0xfa,0x1a,0x1a,0xfa,0xfa,0x1a,0x1a,0xfa,0xfa,
  0x1a,0x1a,0xfa,0xfa,0x1a,0x1a,0xfa,0xfa,0x1a,0x1a,0xfa,0xfa,0x1a,0x1a,0xfa,0xfa,
  0x19,0xaa,0x4f,0x19,0x1a,0x27,0xfa,0x27,0x1a,0x1a,0xfa,0xfa,0x19,0xaa,0x4f,0x19,
  0x6a,0x6a,0x6a,0xb7,0x03,0x03,0x03,0x03,0x03,0x03,0x03,0x03,0x03,0x03,0x03,0x03,
  0x03,0x03,0x03,0x03,0x03,0x03,0x03,0x03,0x03,0x03,0x03,0x03,0x00,0x00,0x00,0x00,
  0x6a,0x6a,0x6a,0xb7,0x03,0x03,0x03,0x03,0x03,0x03,0x03,0x03,0x03,0x03,0x03,0x03,
  0x03,0x03,0x03,0x03,0x03,0x03,0x03,0x03,0x03,0x03,0x03,0x03,0x00,0x00,0x00,0x00,
  0xbe,0x1a,0xea,0xfa,0x45,0x45,0x63,0x63,0x45,0x45,0x63,0x63,0x45,0x45,0x63,0x63,
  0x45,0x45,0x63,0x63,0x45,0x45,0x63,0x63,0x45,0x45,0x63,0x63,0x45,0x45,0x63,0x63,
  0x45,0x45,0x63,0x63,0x45,0x45,0x63,0x63,0x45,0x45,0x63,0x63,0x45,0x45,0x63,0x63,
  0xc7,0xff,0xc9,0xec,0x45,0xbe,0x63,0xea,0x45,0x45,0x63,0x63,0xc7,0xff,0xc9,0xec,
  0xa5,0x5c,0x5c,0x5c,0x03,0x03,0x03,0x03,0x03,0x03,0x03,0x03,0x03,0x03,0x03,0x03,
  0x03,0x03,0x03,0x03,0x03,0x03,0x03,0x03,0x03,0x03,0x03,0x03,0x00,0x00,0x00,0x00,
  0x5c,0x5c,0x5c,0x5c,0x03,0x03,0x03,0x03,0x03,0x03,0x03,0x03,0x03,0x03,0x03,0x03,
  0x03,0x03,0x03,0x03,0x03,0x03,0x03,0x03,0x03,0x03,0x03,0x03,0x00,0x00,0x00,0x00,
  0x45,0x45,0x63,0x63,0x45,0x45,0x63,0x63,0x45,0x45,0x63,0x63,0x45,0x45,0x63,0x63,
  0x45,0x45,0x63,0x63,0x45,0x45,0x63,0x63,0x45,0x45,0x63,0x63,0x45,0x45,0x63,0x63,
  0x45,0x45,0x63,0x63,0x45,0x45,0x63,0x63,0x45,0x45,0x63,0x63,0x45,0x45,0x63,0x63,
  0xc7,0xc7,0xc9,0xc9,0x45,0x45,0x63,0x63,0x45,0x45,0x63,0x63,0xc7,0xc7,0xc9,0xc9,
  0x5c,0x5c,0x5c,0xb7,0x03,0x03,0x03,0x03,0x03,0x03,0x03,0x03,0x03,0x03,0x03,0x03,
  0x03,0x03,0x03,0x03,0x03,0x03,0x03,0x03,0x03,0x03,0x03,0x03,0x00,0x00,0x00,0x00,
  0x5c,0x5c,0x5c,0xb7,0x03,0x03,0x03,0x03,0x03,0x03,0x03,0x03,0x03,0x03,0x03,0x03,
  0x03,0x03,0x03,0x03,0x03,0x03,0x03,0x03,0x03,0x03,0x03,0x03,0x00,0x00,0x00,0x00,
  0x1a,0x1a,0xfa,0xfa,0x1a,0x1a,0xfa,0xfa,0x1a,0x1a,0xfa,0xfa,0x1a,0x1a,0xfa,0xfa,
  0x1a,0x1a,0xfa,0xfa,0x1a,0x1a,0xfa,0xfa,0x1a,0x1a,0xfa,0xfa,0x1a,0x1a,0xfa,0xfa,
  0x1a,0x1a,0xfa,0xfa,0x1a,0x1a,0xfa,0xfa,0x1a,0x1a,0xfa,0xfa,0x1a,0x1a,0xfa,0xfa,
  0x19,0x19,0x4f,0x4f,0x1a,0x1a,0xfa,0xfa,0x1a,0x1a,0xfa,0xfa,0x19,0x19,0x4f,0x4f,
  0x41,0x04,0x24,0x04,0x66,0x87,0x79,0x0d,0x66,0x87,0x79,0x0d,0x66,0x87,0x79,0x0d,
  0x66,0x87,0x79,0x0d,0x66,0x87,0x79,0x0d,0x38,0xaf,0xed,0x47,0x06,0x06,0x82,0x82,
  0xed,0x80,0x65,0x65,0x7a,0x7a,0x29,0x29,0x7a,0x7a,0x29,0x29,0x7a,0x7a,0x29,0x29,
  0x7a,0x7a,0x29,0x29,0x7a,0x7a,0x29,0x29,0x38,0x38,0x29,0x29,0x82,0x82,0x82,0x82,
  0x78,0x78,0x0a,0x05,0x0a,0x05,0x0a,0x05,0x0a,0x05,0x0a,0x05,0x0a,0x05,0x0a,0x05,
  0x0a,0x05,0x0a,0x05,0x0a,0x05,0x0a,0x05,0x0a,0x05,0x0a,0x05,0x0a,0x05,0x0a,0x05,
  0x0a,0x05,0x0a,0x05,0x0a,0x05,0x0a,0x05,0x0a,0x05,0x0a,0x05,0x0a,0x05,0x0a,0x05,
  0x0a,0x05,0x0a,0x05,0x0a,0x05,0x0a,0x05,0x0a,0x05,0x0a,0x05,0x0a,0x05,0x0a,0x05,
  0x41,0x41,0x24,0x24,0x87,0x87,0x0d,0x0d,0x87,0x87,0x0d,0x0d,0x87,0x87,0x0d,0x0d,
  0x87,0x87,0x0d,0x0d,0x87,0x87,0x0d,0x0d,0xaf,0xaf,0x47,0x47,0x06,0x01,0x82,0x00,
  0xed,0x80,0x65,0x65,0xaf,0xaf,0x2f,0x2f,0xaf,0xaf,0x2f,0x2f,0xaf,0xaf,0x2f,0x2f,
  0xaf,0xaf,0x2f,0x2f,0xaf,0xaf,0x2f,0x2f,0xaf,0xaf,0x2f,0x2f,0x82,0x82,0x82,0x82,
  0x05,0x05,0x05,0x05,0x0a,0x05,0x05,0x05,0x0a,0x05,0x05,0x05,0x0a,0x05,0x05,0x05,
  0x0a,0x05,0x05,0x05,0x0a,0x05,0x05,0x05,0x0a,0x05,0x05,0x05,0x0a,0x05,0x05,0x05,
  0x0a,0x05,0x05,0x05,0x0a,0x05,0x05,0x05,0x0a,0x05,0x05,0x05,0x0a,0x05,0x05,0x05,
  0x0a,0x05,0x05,0x05,0x0a,0x05,0x05,0x05,0x0a,0x05,0x05,0x05,0x0a,0x05,0x05,0x05,
  0x41,0x04,0x24,0x04,0x66,0x87,0x79,0x0d,0x66,0x87,0x79,0x0d,0x66,0x87,0x79,0x0d,
  0x66,0x87,0x79,0x0d,0x66,0x87,0x79,0x0d,0x38,0xaf,0xed,0x47,0x06,0x06,0x82,0x82,
  0xed,0x80,0x65,0x65,0x7a,0xaf,0x29,0x2f,0x7a,0xaf,0x29,0x2f,0x7a,0xaf,0x29,0x2f,
  0x7a,0xaf,0x29,0x2f,0x7a,0xaf,0x29,0x2f,0x38,0xaf,0x29,0x2f,0x82,0x82,0x82,0x82,
  0xc3,0xc3,0x0a,0x7e,0x0a,0x7e,0x0a,0x7e,0x0a,0x7e,0x0a,0x7e,0x0a,0x7e,0x0a,0x7e,
  0x0a,0x7e,0x0a,0x7e,0x0a,0x7e,0x0a,0x7e,0x0a,0x7e,0x0a,0x7e,0x0a,0x7e,0x0a,0x7e,
  0x0a,0x7e,0x0a,0x7e,0x0a,0x7e,0x0a,0x7e,0x0a,0x7e,0x0a,0x7e,0x0a,0x7e,0x0a,0x7e,
  0x0a,0x7e,0x0a,0x7e,0x0a,0x7e,0x0a,0x7e,0x0a,0x7e,0x0a,0x7e,0x0a,0x7e,0x0a,0x7e,
  0x41,0x41,0x24,0x24,0x66,0x87,0x79,0x0d,0x66,0x87,0x79,0x0d,0x66,0x87,0x79,0x0d,
  0x66,0x87,0x79,0x0d,0x66,0x87,0x79,0x0d,0x38,0xaf,0xed,0x47,0x06,0x34,0x82,0xa9,
  0xed,0xed,0x65,0x65,0x7a,0xaf,0x29,0x2f,0x7a,0xaf,0x29,0x2f,0x7a,0xaf,0x29,0x2f,
  0x7a,0xaf,0x29,0x2f,0x7a,0xaf,0x29,0x2f,0x38,0xaf,0x29,0x2f,0x82,0xa9,0x82,0xa9,
  0x7e,0x7e,0x7e,0x7e,0x0a,0x7e,0x7e,0x7e,0x0a,0x7e,0x7e,0x7e,0x0a,0x7e,0x7e,0x7e,
  0x0a,0x7e,0x7e,0x7e,0x0a,0x7e,0x7e,0x7e,0x0a,0x7e,0x7e,0x7e,0x0a,0x7e,0x7e,0x7e,
  0x0a,0x7e,0x7e,0x7e,0x0a,0x7e,0x7e,0x7e,0x0a,0x7e,0x7e,0x7e,0x0a,0x7e,0x7e,0x7e,
  0x0a,0x7e,0x7e,0x7e,0x0a,0x7e,0x7e,0x7e,0x0a,0x7e,0x7e,0x7e,0x0a,0x7e,0x7e,0x7e,
  0x65,0x07,0x40,0x07,0x07,0x07,0x07,0x07,0x07,0x07,0x07,0x07,0x07,0x07,0x07,0x07,
  0x07,0x07,0x07,0x07,0x07,0x07,0x07,0x07,0x07,0x07,0x07,0x07,0x8d,0x8d,0x3e,0x3e,
  0x40,0x07,0x07,0x07,0x07,0x07,0x07,0x07,0x07,0x07,0x07,0x07,0x07,0x07,0x07,0x07,
  0x07,0x07,0x07,0x07,0x07,0x07,0x07,0x07,0x07,0x07,0x07,0x07,0xac,0xe2,0xe2,0xe2,
  0x43,0x43,0x08,0x08,0x43,0x43,0x08,0x08,0x43,0x43,0x08,0x08,0x43,0x43,0x08,0x08,
  0x43,0x43,0x08,0x08,0x43,0x43,0x08,0x08,0x43,0x43,0x08,0x08,0x43,0x43,0x08,0x08,
  0x43,0x43,0x08,0x08,0x43,0x43,0x08,0x08,0x43,0x43,0x08,0x08,0x43,0x43,0x08,0x08,
  0x65,0x65,0x65,0x65,0xfa,0xfa,0xfa,0xfa,0x43,0x43,0x08,0x08,0x65,0x65,0x65,0x65,
  0x65,0x07,0x40,0x07,0x07,0x07,0x07,0x07,0x07,0x07,0x07,0x07,0x07,0x07,0x07,0x07,
  0x07,0x07,0x07,0x07,0x07,0x07,0x07,0x07,0x07,0x07,0x07,0x07,0x8d,0x8d,0x3e,0x3e,
  0x40,0x07,0x07,0x07,0x07,0x07,0x07,0x07,0x07,0x07,0x07,0x07,0x07,0x07,0x07,0x07,
  0x07,0x07,0x07,0x07,0x07,0x07,0x07,0x07,0x07,0x07,0x07,0x07,0xac,0xe2,0xe2,0xe2,
  0x2e,0x2e,0x18,0x18,0x2e,0x2e,0x18,0x18,0x2e,0x2e,0x18,0x18,0x2e,0x2e,0x18,0x18,
  0x2e,0x2e,0x18,0x18,0x2e,0x2e,0x18,0x18,0x2e,0x2e,0x18,0x18,0x2e,0x2e,0x18,0x18,
  0x2e,0x2e,0x18,0x18,0x2e,0x2e,0x18,0x18,0x2e,0x2e,0x18,0x18,0x2e,0x2e,0x18,0x18,
  0x65,0x65,0x65,0x65,0xbe,0xbe,0x08,0x08,0x2e,0x2e,0x18,0x18,0x65,0x65,0x65,0x65,
  0x65,0x07,0x40,0x07,0x07,0x07,0x07,0x07,0x07,0x07,0x07,0x07,0x07,0x07,0x07,0x07,
  0x07,0x07,0x07,0x07,0x07,0x07,0x07,0x07,0x07,0x07,0x07,0x07,0x8d,0x8d,0x3e,0x3e,
  0x40,0x07,0x07,0x07,0x07,0x07,0x07,0x07,0x07,0x07,0x07,0x07,0x07,0x07,0x07,0x07,
  0x07,0x07,0x07,0x07,0x07,0x07,0x07,0x07,0x07,0x07,0x07,0x07,0x4a,0x81,0x81,0x81,
  0x2e,0x2e,0x18,0x18,0x2e,0x2e,0x18,0x18,0x2e,0x2e,0x18,0x18,0x2e,0x2e,0x18,0x18,
  0x2e,0x2e,0x18,0x18,0x2e,0x2e,0x18,0x18,0x2e,0x2e,0x18,0x18,0x2e,0x2e,0x18,0x18,
  0x2e,0x2e,0x18,0x18,0x2e,0x2e,0x18,0x18,0x2e,0x2e,0x18,0x18,0x2e,0x2e,0x18,0x18,
  0x65,0x65,0x65,0x65,0x2e,0x2e,0x18,0x18,0x2e,0x2e,0x18,0x18,0x65,0x65,0x65,0x65,
  0x65,0x07,0x40,0x07,0x07,0x07,0x07,0x07,0x07,0x07,0x07,0x07,0x07,0x07,0x07,0x07,
  0x07,0x07,0x07,0x07,0x07,0x07,0x07,0x07,0x07,0x07,0x07,0x07,0x8d,0x8d,0x3e,0x3e,
  0x40,0x07,0x07,0x07,0x07,0x07,0x07,0x07,0x07,0x07,0x07,0x07,0x07,0x07,0x07,0x07,
  0x07,0x07,0x07,0x07,0x07,0x07,0x07,0x07,0x07,0x07,0x07,0x07,0x4a,0x81,0x81,0x81,
  0x43,0x43,0x08,0x08,0x43,0x43,0x08,0x08,0x43,0x43,0x08,0x08,0x43,0x43,0x08,0x08,
  0x43,0x43,0x08,0x08,0x43,0x43,0x08,0x08,0x43,0x43,0x08,0x08,0x43,0x43,0x08,0x08,
  0x43,0x43,0x08,0x08,0x43,0x43,0x08,0x08,0x43,0x43,0x08,0x08,0x43,0x43,0x08,0x08,
  0x65,0x65,0x65,0x65,0x43,0x43,0x08,0x08,0x43,0x43,0x08,0x08,0x65,0x65,0x65,0x65,
  0x65,0x07,0x40,0x07,0x07,0x07,0x07,0x07,0x07,0x07,0x07,0x07,0x07,0x07,0x07,0x07,
  0x07,0x07,0x07,0x07,0x07,0x07,0x07,0x07,0x07,0x07,0x07,0x07,0x8d,0x8d,0x8d,0x8d,
  0x40,0x07,0x07,0x07,0x07,0x07,0x07,0x07,0x07,0x07,0x07,0x07,0x07,0x07,0x07,0x07,
  0x07,0x07,0x07,0x07,0x07,0x07,0x07,0x07,0x07,0x07,0x07,0x07,0xac,0xe2,0xe2,0xe2,
  0x34,0x34,0x34,0x34,0x06,0x06,0x06,0x06,0x06,0x06,0x06,0x06,0x06,0x06,0x06,0x06,
  0x06,0x06,0x06,0x06,0x06,0x06,0x06,0x06,0x06,0x06,0x06,0x06,0x06,0x06,0x06,0x06,
  0x06,0x06,0x06,0x06,0x06,0x06,0x06,0x06,0x06,0x06,0x06,0x06,0x06,0x06,0x06,0x06,
  0x06,0x06,0x06,0x06,0x06,0x06,0x06,0x06,0x06,0x06,0x06,0x06,0x06,0x06,0x06,0x06,
  0x65,0x07,0x40,0x07,0x07,0x07,0x07,0x07,0x07,0x07,0x07,0x07,0x07,0x07,0x07,0x07,
  0x07,0x07,0x07,0x07,0x07,0x07,0x07,0x07,0x07,0x07,0x07,0x07,0x8d,0x8d,0x8d,0x8d,
  0x40,0x07,0x07,0x07,0x07,0x07,0x07,0x07,0x07,0x07,0x07,0x07,0x07,0x07,0x07,0x07,
  0x07,0x07,0x07,0x07,0x07,0x07,0x07,0x07,0x07,0x07,0x07,0x07,0xac,0xe2,0xe2,0xe2,
  0x06,0x06,0x06,0x06,0x06,0x06,0x06,0x06,0x06,0x06,0x06,0x06,0x06,0x06,0x06,0x06,
  0x06,0x06,0x06,0x06,0x06,0x06,0x06,0x06,0x06,0x06,0x06,0x06,0x06,0x06,0x06,0x06,
  0x06,0x06,0x06,0x06,0x06,0x06,0x06,0x06,0x06,0x06,0x06,0x06,0x06,0x06,0x06,0x06,
  0x06,0x06,0x06,0x06,0x06,0x06,0x06,0x06,0x06,0x06,0x06,0x06,0x06,0x06,0x06,0x06,
  0x65,0x07,0x40,0x07,0x07,0x07,0x07,0x07,0x07,0x07,0x07,0x07,0x07,0x07,0x07,0x07,
  0x07,0x07,0x07,0x07,0x07,0x07,0x07,0x07,0x07,0x07,0x07,0x07,0xd5,0xd5,0xd5,0xd5,
  0x40,0x07,0x07,0x07,0x07,0x07,0x07,0x07,0x07,0x07,0x07,0x07,0x07,0x07,0x07,0x07,
  0x07,0x07,0x07,0x07,0x07,0x07,0x07,0x07,0x07,0x07,0x07,0x07,0x4a,0x81,0x81,0x81,
  0x06,0x06,0x06,0x06,0x06,0x06,0x06,0x06,0x06,0x06,0x06,0x06,0x06,0x06,0x06,0x06,
  0x06,0x06,0x06,0x06,0x06,0x06,0x06,0x06,0x06,0x06,0x06,0x06,0x06,0x06,0x06,0x06,
  0x06,0x06,0x06,0x06,0x06,0x06,0x06,0x06,0x06,0x06,0x06,0x06,0x06,0x06,0x06,0x06,
  0x06,0x06,0x06,0x06,0x06,0x06,0x06,0x06,0x06,0x06,0x06,0x06,0x06,0x06,0x06,0x06,
  0x65,0x07,0x40,0x07,0x07,0x07,0x07,0x07,0x07,0x07,0x07,0x07,0x07,0x07,0x07,0x07,
  0x07,0x07,0x07,0x07,0x07,0x07,0x07,0x07,0x07,0x07,0x07,0x07,0xd5,0xd5,0xd5,0xd5,
  0x40,0x07,0x07,0x07,0x07,0x07,0x07,0x07,0x07,0x07,0x07,0x07,0x07,0x07,0x07,0x07,
  0x07,0x07,0x07,0x07,0x07,0x07,0x07,0x07,0x07,0x07,0x07,0x07,0x4a,0x81,0x81,0x81,
  0x06,0x06,0x06,0x06,0x06,0x06,0x06,0x06,0x06,0x06,0x06,0x06,0x06,0x06,0x06,0x06,
  0x06,0x06,0x06,0x06,0x06,0x06,0x06,0x06,0x06,0x06,0x06,0x06,0x06,0x06,0x06,0x06,
  0x06,0x06,0x06,0x06,0x06,0x06,0x06,0x06,0x06,0x06,0x06,0x06,0x06,0x06,0x06,0x06,
  0x06,0x06,0x06,0x06,0x06,0x06,0x06,0x06,0x06,0x06,0x06,0x06,0x06,0x06,0x06,0x06,
  0x65,0x07,0x40,0x07,0x07,0x07,0x07,0x07,0x07,0x07,0x07,0x07,0x07,0x07,0x07,0x07,
  0x07,0x07,0x07,0x07,0x07,0x07,0x07,0x07,0x07,0x07,0x07,0x07,0x8d,0x8d,0xc8,0xc8,
  0x40,0x07,0x07,0x07,0x07,0x07,0x07,0x07,0x07,0x07,0x07,0x07,0x07,0x07,0x07,0x07,
  0x07,0x07,0x07,0x07,0x07,0x07,0x07,0x07,0x07,0x07,0x07,0x07,0xac,0xe2,0xe2,0xe2,
  0x43,0x43,0x08,0x08,0x43,0x43,0x08,0x08,0x43,0x43,0x08,0x08,0x43,0x43,0x08,0x08,
  0x43,0x43,0x08,0x08,0x43,0x43,0x08,0x08,0x43,0x43,0x08,0x08,0x43,0x43,0x08,0x08,
  0x43,0x43,0x08,0x08,0x43,0x43,0x08,0x08,0x43,0x43,0x08,0x08,0x43,0x43,0x08,0x08,
  0x65,0x65,0x65,0x65,0xfa,0xfa,0xfa,0xfa,0x43,0x43,0x08,0x08,0x65,0x65,0x65,0x65,
  0x65,0x07,0x40,0x07,0x07,0x07,0x07,0x07,0x07,0x07,0x07,0x07,0x07,0x07,0x07,0x07,
  0x07,0x07,0x07,0x07,0x07,0x07,0x07,0x07,0x07,0x07,0x07,0x07,0x8d,0x8d,0xc8,0xc8,
  0x40,0x07,0x07,0x07,0x07,0x07,0x07,0x07,0x07,0x07,0x07,0x07,0x07,0x07,0x07,0x07,
  0x07,0x07,0x07,0x07,0x07,0x07,0x07,0x07,0x07,0x07,0x07,0x07,0xac,0xe2,0xe2,0xe2,
  0x2e,0x2e,0x18,0x18,0x2e,0x2e,0x18,0x18,0x2e,0x2e,0x18,0x18,0x2e,0x2e,0x18,0x18,
  0x2e,0x2e,0x18,0x18,0x2e,0x2e,0x18,0x18,0x2e,0x2e,0x18,0x18,0x2e,0x2e,0x18,0x18,
  0x2e,0x2e,0x18,0x18,0x2e,0x2e,0x18,0x18,0x2e,0x2e,0x18,0x18,0x2e,0x2e,0x18,0x18,
  0x65,0x65,0x65,0x65,0xbe,0xbe,0x08,0x08,0x2e,0x2e,0x18,0x18,0x65,0x65,0x65,0x65,
  0x65,0x07,0x40,0x07,0x07,0x07,0x07,0x07,0x07,0x07,0x07,0x07,0x07,0x07,0x07,0x07,
  0x07,0x07,0x07,0x07,0x07,0x07,0x07,0x07,0x07,0x07,0x07,0x07,0x8d,0x8d,0xc8,0xc8,
  0x40,0x07,0x07,0x07,0x07,0x07,0x07,0x07,0x07,0x07,0x07,0x07,0x07,0x07,0x07,0x07,
  0x07,0x07,0x07,0x07,0x07,0x07,0x07,0x07,0x07,0x07,0x07,0x07,0x4a,0x81,0x81,0x81,
  0x2e,0x2e,0x18,0x18,0x2e,0x2e,0x18,0x18,0x2e,0x2e,0x18,0x18,0x2e,0x2e,0x18,0x18,
  0x2e,0x2e,0x18,0x18,0x2e,0x2e,0x18,0x18,0x2e,0x2e,0x18,0x18,0x2e,0x2e,0x18,0x18,
  0x2e,0x2e,0x18,0x18,0x2e,0x2e,0x18,0x18,0x2e,0x2e,0x18,0x18,0x2e,0x2e,0x18,0x18,
  0x65,0x65,0x65,0x65,0x2e,0x2e,0x18,0x18,0x2e,0x2e,0x18,0x18,0x65,0x65,0x65,0x65,
  0x65,0x07,0x40,0x07,0x07,0x07,0x07,0x07,0x07,0x07,0x07,0x07,0x07,0x07,0x07,0x07,
  0x07,0x07,0x07,0x07,0x07,0x07,0x07,0x07,0x07,0x07,0x07,0x07,0x8d,0x8d,0xc8,0xc8,
  0x40,0x07,0x07,0x07,0x07,0x07,0x07,0x07,0x07,0x07,0x07,0x07,0x07,0x07,0x07,0x07,
  0x07,0x07,0x07,0x07,0x07,0x07,0x07,0x07,0x07,0x07,0x07,0x07,0x4a,0x81,0x81,0x81,
  0x43,0x43,0x08,0x08,0x43,0x43,0x08,0x08,0x43,0x43,0x08,0x08,0x43,0x43,0x08,0x08,
  0x43,0x43,0x08,0x08,0x43,0x43,0x08,0x08,0x43,0x43,0x08,0x08,0x43,0x43,0x08,0x08,
  0x43,0x43,0x08,0x08,0x43,0x43,0x08,0x08,0x43,0x43,0x08,0x08,0x43,0x43,0x08,0x08,
  0x65,0x65,0x65,0x65,0x43,0x43,0x08,0x08,0x43,0x43,0x08,0x08,0x65,0x65,0x65,0x65,
  0x65,0x07,0x40,0x07,0x07,0x07,0x07,0x07,0x07,0x07,0x07,0x07,0x07,0x07,0x07,0x07,
  0x07,0x07,0x07,0x07,0x07,0x07,0x07,0x07,0x07,0x07,0x07,0x07,0x8d,0x8d,0xc8,0xc8,
  0x40,0x07,0x07,0x07,0x07,0x07,0x07,0x07,0x07,0x07,0x07,0x07,0x07,0x07,0x07,0x07,
  0x07,0x07,0x07,0x07,0x07,0x07,0x07,0x07,0x07,0x07,0x07,0x07,0xac,0xe2,0xe2,0xe2,
  0x34,0x34,0x34,0x34,0x06,0x06,0x06,0x06,0x06,0x06,0x06,0x06,0x06,0x06,0x06,0x06,
  0x06,0x06,0x06,0x06,0x06,0x06,0x06,0x06,0x06,0x06,0x06,0x06,0x06,0x06,0x06,0x06,
  0x06,0x06,0x06,0x06,0x06,0x06,0x06,0x06,0x06,0x06,0x06,0x06,0x06,0x06,0x06,0x06,
  0x06,0x06,0x06,0x06,0x06,0x06,0x06,0x06,0x06,0x06,0x06,0x06,0x06,0x06,0x06,0x06,
  0x65,0x07,0x40,0x07,0x07,0x07,0x07,0x07,0x07,0x07,0x07,0x07,0x07,0x07,0x07,0x07,
  0x07,0x07,0x07,0x07,0x07,0x07,0x07,0x07,0x07,0x07,0x07,0x07,0x8d,0x8d,0xc8,0xc8,
  0x40,0x07,0x07,0x07,0x07,0x07,0x07,0x07,0x07,0x07,0x07,0x07,0x07,0x07,0x07,0x07,
  0x07,0x07,0x07,0x07,0x07,0x07,0x07,0x07,0x07,0x07,0x07,0x07,0xac,0xe2,0xe2,0xe2,
  0x06,0x06,0x06,0x06,0x06,0x06,0x06,0x06,0x06,0x06,0x06,0x06,0x06,0x06,0x06,0x06,
  0x06,0x06,0x06,0x06,0x06,0x06,0x06,0x06,0x06,0x06,0x06,0x06,0x06,0x06,0x06,0x06,
  0x06,0x06,0x06,0x06,0x06,0x06,0x06,0x06,0x06,0x06,0x06,0x06,0x06,0x06,0x06,0x06,
  0x06,0x06,0x06,0x06,0x06,0x06,0x06,0x06,0x06,0x06,0x06,0x06,0x06,0x06,0x06,0x06,
  0x65,0x07,0x40,0x07,0x07,0x07,0x07,0x07,0x07,0x07,0x07,0x07,0x07,0x07,0x07,0x07,
  0x07,0x07,0x07,0x07,0x07,0x07,0x07,0x07,0x07,0x07,0x07,0x07,0x8d,0x8d,0xc8,0xc8,
  0x40,0x07,0x07,0x07,0x07,0x07,0x07,0x07,0x07,0x07,0x07,0x07,0x07,0x07,0x07,0x07,
  0x07,0x07,0x07,0x07,0x07,0x07,0x07,0x07,0x07,0x07,0x07,0x07,0x4a,0x81,0x81,0x81,
  0x06,0x06,0x06,0x06,0x06,0x06,0x06,0x06,0x06,0x06,0x06,0x06,0x06,0x06,0x06,0x06,
  0x06,0x06,0x06,0x06,0x06,0x06,0x06,0x06,0x06,0x06,0x06,0x06,0x06,0x06,0x06,0x06,
  0x06,0x06,0x06,0x06,0x06,0x06,0x06,0x06,0x06,0x06,0x06,0x06,0x06,0x06,0x06,0x06,
  0x06,0x06,0x06,0x06,0x06,0x06,0x06,0x06,0x06,0x06,0x06,0x06,0x06,0x06,0x06,0x06,
  0x65,0x07,0x40,0x07,0x07,0x07,0x07,0x07,0x07,0x07,0x07,0x07,0x07,0x07,0x07,0x07,
  0x07,0x07,0x07,0x07,0x07,0x07,0x07,0x07,0x07,0x07,0x07,0x07,0x8d,0x8d,0xc8,0xc8,
  0x40,0x07,0x07,0x07,0x07,0x07,0x07,0x07,0x07,0x07,0x07,0x07,0x07,0x07,0x07,0x07,
  0x07,0x07,0x07,0x07,0x07,0x07,0x07,0x07,0x07,0x07,0x07,0x07,0x4a,0x81,0x81,0x81,
  0x06,0x06,0x06,0x06,0x06,0x06,0x06,0x06,0x06,0x06,0x06,0x06,0x06,0x06,0x06,0x06,
  0x06,0x06,0x06,0x06,0x06,0x06,0x06,0x06,0x06,0x06,0x06,0x06,0x06,0x06,0x06,0x06,
  0x06,0x06,0x06,0x06,0x06,0x06,0x06,0x06,0x06,0x06,0x06,0x06,0x06,0x06,0x06,0x06,
  0x06,0x06,0x06,0x06,0x06,0x06,0x06,0x06,0x06,0x06,0x06,0x06,0x06,0x06,0x06,0x06,
  0x65,0x07,0x40,0x07,0x07,0x07,0x07,0x07,0x07,0x07,0x07,0x07,0x07,0x07,0x07,0x07,
  0x07,0x07,0x07,0x07,0x07,0x07,0x07,0x07,0x07,0x07,0x07,0x07,0x8d,0x8d,0xc8,0xc8,
  0x40,0x07,0x07,0x07,0x07,0x07,0x07,0x07,0x07,0x07,0x07,0x07,0x07,0x07,0x07,0x07,
  0x07,0x07,0x07,0x07,0x07,0x07,0x07,0x07,0x07,0x07,0x07,0x07,0xac,0xac,0xac,0xac,
  0x43,0x43,0x08,0x08,0x43,0x43,0x08,0x08,0x43,0x43,0x08,0x08,0x43,0x43,0x08,0x08,
  0x43,0x43,0x08,0x08,0x43,0x43,0x08,0x08,0x43,0x43,0x08,0x08,0x43,0x43,0x08,0x08,
  0x43,0x43,0x08,0x08,0x43,0x43,0x08,0x08,0x43,0x43,0x08,0x08,0x43,0x43,0x08,0x08,
  0x65,0x65,0x65,0x65,0xfa,0xfa,0xfa,0xfa,0x43,0x43,0x08,0x08,0x65,0x65,0x65,0x65,
  0x65,0x07,0x40,0x07,0x07,0x07,0x07,0x07,0x07,0x07,0x07,0x07,0x07,0x07,0x07,0x07,
  0x07,0x07,0x07,0x07,0x07,0x07,0x07,0x07,0x07,0x07,0x07,0x07,0x8d,0x8d,0xc8,0xc8,
  0x40,0x07,0x07,0x07,0x07,0x07,0x07,0x07,0x07,0x07,0x07,0x07,0x07,0x07,0x07,0x07,
  0x07,0x07,0x07,0x07,0x07,0x07,0x07,0x07,0x07,0x07,0x07,0x07,0xe2,0xe2,0x92,0x92,
  0x2e,0x2e,0x18,0x18,0x2e,0x2e,0x18,0x18,0x2e,0x2e,0x18,0x18,0x2e,0x2e,0x18,0x18,
  0x2e,0x2e,0x18,0x18,0x2e,0x2e,0x18,0x18,0x2e,0x2e,0x18,0x18,0x2e,0x2e,0x18,0x18,
  0x2e,0x2e,0x18,0x18,0x2e,0x2e,0x18,0x18,0x2e,0x2e,0x18,0x18,0x2e,0x2e,0x18,0x18,
  0x65,0x65,0x65,0x65,0xbe,0xbe,0x08,0x08,0x2e,0x2e,0x18,0x18,0x65,0x65,0x65,0x65,
  0x65,0x07,0x40,0x07,0x07,0x07,0x07,0x07,0x07,0x07,0x07,0x07,0x07,0x07,0x07,0x07,
  0x07,0x07,0x07,0x07,0x07,0x07,0x07,0x07,0x07,0x07,0x07,0x07,0x8d,0x8d,0xc8,0xc8,
  0x40,0x07,0x07,0x07,0x07,0x07,0x07,0x07,0x07,0x07,0x07,0x07,0x07,0x07,0x07,0x07,
  0x07,0x07,0x07,0x07,0x07,0x07,0x07,0x07,0x07,0x07,0x07,0x07,0xe2,0xe2,0x92,0x92,
  0x2e,0x2e,0x18,0x18,0x2e,0x2e,0x18,0x18,0x2e,0x2e,0x18,0x18,0x2e,0x2e,0x18,0x18,
  0x2e,0x2e,0x18,0x18,0x2e,0x2e,0x18,0x18,0x2e,0x2e,0x18,0x18,0x2e,0x2e,0x18,0x18,
  0x2e,0x2e,0x18,0x18,0x2e,0x2e,0x18,0x18,0x2e,0x2e,0x18,0x18,0x2e,0x2e,0x18,0x18,
  0x65,0x65,0x65,0x65,0x2e,0x2e,0x18,0x18,0x2e,0x2e,0x18,0x18,0x65,0x65,0x65,0x65,
  0x65,0x07,0x40,0x07,0x07,0x07,0x07,0x07,0x07,0x07,0x07,0x07,0x07,0x07,0x07,0x07,
  0x07,0x07,0x07,0x07,0x07,0x07,0x07,0x07,0x07,0x07,0x07,0x07,0x8d,0x8d,0xc8,0xc8,
  0x40,0x07,0x07,0x07,0x07,0x07,0x07,0x07,0x07,0x07,0x07,0x07,0x07,0x07,0x07,0x07,
  0x07,0x07,0x07,0x07,0x07,0x07,0x07,0x07,0x07,0x07,0x07,0x07,0xe2,0xe2,0x92,0x92,
  0x43,0x43,0x08,0x08,0x43,0x43,0x08,0x08,0x43,0x43,0x08,0x08,0x43,0x43,0x08,0x08,
  0x43,0x43,0x08,0x08,0x43,0x43,0x08,0x08,0x43,0x43,0x08,0x08,0x43,0x43,0x08,0x08,
  0x43,0x43,0x08,0x08,0x43,0x43,0x08,0x08,0x43,0x43,0x08,0x08,0x43,0x43,0x08,0x08,
  0x65,0x65,0x65,0x65,0x43,0x43,0x08,0x08,0x43,0x43,0x08,0x08,0x65,0x65,0x65,0x65,
  0x65,0x07,0x40,0x07,0x07,0x07,0x07,0x07,0x07,0x07,0x07,0x07,0x07,0x07,0x07,0x07,
  0x07,0x07,0x07,0x07,0x07,0x07,0x07,0x07,0x07,0x07,0x07,0x07,0x8d,0x8d,0x67,0x67,
  0x40,0x07,0x07,0x07,0x07,0x07,0x07,0x07,0x07,0x07,0x07,0x07,0x07,0x07,0x07,0x07,
  0x07,0x07,0x07,0x07,0x07,0x07,0x07,0x07,0x07,0x07,0x07,0x07,0xac,0xac,0x4a,0x4a,
  0x34,0x34,0x34,0x34,0x06,0x06,0x06,0x06,0x06,0x06,0x06,0x06,0x06,0x06,0x06,0x06,
  0x06,0x06,0x06,0x06,0x06,0x06,0x06,0x06,0x06,0x06,0x06,0x06,0x06,0x06,0x06,0x06,
  0x06,0x06,0x06,0x06,0x06,0x06,0x06,0x06,0x06,0x06,0x06,0x06,0x06,0x06,0x06,0x06,
  0x06,0x06,0x06,0x06,0x06,0x06,0x06,0x06,0x06,0x06,0x06,0x06,0x06,0x06,0x06,0x06,
  0x65,0x07,0x40,0x07,0x07,0x07,0x07,0x07,0x07,0x07,0x07,0x07,0x07,0x07,0x07,0x07,
  0x07,0x07,0x07,0x07,0x07,0x07,0x07,0x07,0x07,0x07,0x07,0x07,0x8d,0x8d,0x67,0x67,
  0x40,0x07,0x07,0x07,0x07,0x07,0x07,0x07,0x07,0x07,0x07,0x07,0x07,0x07,0x07,0x07,
  0x07,0x07,0x07,0x07,0x07,0x07,0x07,0x07,0x07,0x07,0x07,0x07,0xe2,0xe2,0x81,0x81,
  0x06,0x06,0x06,0x06,0x06,0x06,0x06,0x06,0x06,0x06,0x06,0x06,0x06,0x06,0x06,0x06,
  0x06,0x06,0x06,0x06,0x06,0x06,0x06,0x06,0x06,0x06,0x06,0x06,0x06,0x06,0x06,0x06,
  0x06,0x06,0x06,0x06,0x06,0x06,0x06,0x06,0x06,0x06,0x06,0x06,0x06,0x06,0x06,0x06,
  0x06,0x06,0x06,0x06,0x06,0x06,0x06,0x06,0x06,0x06,0x06,0x06,0x06,0x06,0x06,0x06,
  0x65,0x07,0x40,0x07,0x07,0x07,0x07,0x07,0x07,0x07,0x07,0x07,0x07,0x07,0x07,0x07,
  0x07,0x07,0x07,0x07,0x07,0x07,0x07,0x07,0x07,0x07,0x07,0x07,0x8d,0x8d,0x67,0x67,
  0x40,0x07,0x07,0x07,0x07,0x07,0x07,0x07,0x07,0x07,0x07,0x07,0x07,0x07,0x07,0x07,
  0x07,0x07,0x07,0x07,0x07,0x07,0x07,0x07,0x07,0x07,0x07,0x07,0xe2,0xe2,0x81,0x81,
  0x06,0x06,0x06,0x06,0x06,0x06,0x06,0x06,0x06,0x06,0x06,0x06,0x06,0x06,0x06,0x06,
  0x06,0x06,0x06,0x06,0x06,0x06,0x06,0x06,0x06,0x06,0x06,0x06,0x06,0x06,0x06,0x06,
  0x06,0x06,0x06,0x06,0x06,0x06,0x06,0x06,0x06,0x06,0x06,0x06,0x06,0x06,0x06,0x06,
  0x06,0x06,0x06,0x06,0x06,0x06,0x06,0x06,0x06,0x06,0x06,0x06,0x06,0x06,0x06,0x06,
  0x65,0x07,0x40,0x07,0x07,0x07,0x07,0x07,0x07,0x07,0x07,0x07,0x07,0x07,0x07,0x07,
  0x07,0x07,0x07,0x07,0x07,0x07,0x07,0x07,0x07,0x07,0x07,0x07,0x8d,0x8d,0x67,0x67,
  0x40,0x07,0x07,0x07,0x07,0x07,0x07,0x07,0x07,0x07,0x07,0x07,0x07,0x07,0x07,0x07,
  0x07,0x07,0x07,0x07,0x07,0x07,0x07,0x07,0x07,0x07,0x07,0x07,0xe2,0xe2,0x81,0x81,
  0x06,0x06,0x06,0x06,0x06,0x06,0x06,0x06,0x06,0x06,0x06,0x06,0x06,0x06,0x06,0x06,
  0x06,0x06,0x06,0x06,0x06,0x06,0x06,0x06,0x06,0x06,0x06,0x06,0x06,0x06,0x06,0x06,
  0x06,0x06,0x06,0x06,0x06,0x06,0x06,0x06,0x06,0x06,0x06,0x06,0x06,0x06,0x06,0x06,
  0x06,0x06,0x06,0x06,0x06,0x06,0x06,0x06,0x06,0x06,0x06,0x06,0x06,0x06,0x06,0x06,
  0xda,0x03,0x6e,0x03,0x03,0x03,0x03,0x03,0x03,0x03,0x03,0x03,0x03,0x03,0x03,0x03,
  0x03,0x03,0x03,0x03,0x03,0x03,0x03,0x03,0xe2,0xe2,0xe2,0xe2,0x00,0x00,0x00,0x00,
  0x5c,0xa5,0xa5,0xa5,0xa5,0xa5,0xa5,0xa5,0xa5,0xa5,0xa5,0xa5,0xa5,0xa5,0xa5,0xa5,
  0xa5,0xa5,0xa5,0xa5,0xa5,0xa5,0xa5,0xa5,0xe2,0xe2,0xe2,0xe2,0xa9,0x00,0xa9,0x00,
  0x43,0xfa,0x08,0xfa,0x43,0x43,0x08,0x08,0x43,0x43,0x08,0x08,0x43,0x43,0x08,0x08,
  0x43,0x43,0x08,0x08,0x43,0x43,0x08,0x08,0x43,0x43,0x08,0x08,0x43,0x43,0x08,0x08,
  0x43,0x43,0x08,0x08,0x43,0x43,0x08,0x08,0x43,0x43,0x08,0x08,0x43,0x43,0x08,0x08,
  0x65,0x65,0x65,0x65,0xfa,0xfa,0xfa,0xfa,0x43,0x43,0x08,0x08,0x65,0x65,0x65,0x65,
  0xe8,0x6e,0x03,0x6e,0x03,0x03,0x03,0x03,0x03,0x03,0x03,0x03,0x03,0x03,0x03,0x03,
  0x03,0x03,0x03,0x03,0x03,0x03,0x03,0x03,0xe2,0xe2,0xe2,0xe2,0x00,0x00,0x00,0x00,
  0x5c,0xa5,0xa5,0x5c,0xa5,0xa5,0xa5,0xa5,0xa5,0xa5,0xa5,0xa5,0xa5,0xa5,0xa5,0xa5,
  0xa5,0xa5,0xa5,0xa5,0xa5,0xa5,0xa5,0xa5,0xe2,0xe2,0xe2,0xe2,0x00,0x00,0x00,0x00,
  0x2e,0xbe,0x18,0x08,0x2e,0x2e,0x18,0x18,0x2e,0x2e,0x18,0x18,0x2e,0x2e,0x18,0x18,
  0x2e,0x2e,0x18,0x18,0x2e,0x2e,0x18,0x18,0x2e,0x2e,0x18,0x18,0x2e,0x2e,0x18,0x18,
  0x2e,0x2e,0x18,0x18,0x2e,0x2e,0x18,0x18,0x2e,0x2e,0x18,0x18,0x2e,0x2e,0x18,0x18,
  0x65,0x65,0x65,0x65,0xbe,0xbe,0x08,0x08,0x2e,0x2e,0x18,0x18,0x65,0x65,0x65,0x65,
  0xda,0x03,0x6e,0x03,0x03,0x03,0x03,0x03,0x03,0x03,0x03,0x03,0x03,0x03,0x03,0x03,
  0x03,0x03,0x03,0x03,0x03,0x03,0x03,0x03,0xa4,0xa4,0xa4,0xa4,0x00,0x00,0x00,0x00,
  0x6e,0x03,0x03,0x03,0x03,0x03,0x03,0x03,0x03,0x03,0x03,0x03,0x03,0x03,0x03,0x03,
  0x03,0x03,0x03,0x03,0x03,0x03,0x03,0x03,0xa5,0xa5,0xa5,0xa5,0x00,0x00,0x00,0x00,
  0x2e,0x2e,0x18,0x18,0x2e,0x2e,0x18,0x18,0x2e,0x2e,0x18,0x18,0x2e,0x2e,0x18,0x18,
  0x2e,0x2e,0x18,0x18,0x2e,0x2e,0x18,0x18,0x2e,0x2e,0x18,0x18,0x2e,0x2e,0x18,0x18,
  0x2e,0x2e,0x18,0x18,0x2e,0x2e,0x18,0x18,0x2e,0x2e,0x18,0x18,0x2e,0x2e,0x18,0x18,
  0x65,0x65,0x65,0x65,0x2e,0x2e,0x18,0x18,0x2e,0x2e,0x18,0x18,0x65,0x65,0x65,0x65,
  0xe8,0x6e,0x03,0x6e,0x03,0x03,0x03,0x03,0x03,0x03,0x03,0x03,0x03,0x03,0x03,0x03,
  0x03,0x03,0x03,0x03,0x03,0x03,0x03,0x03,0xa4,0xa4,0xa4,0xa4,0x00,0xa9,0x00,0xa9,
  0x6e,0x03,0x03,0x6e,0x03,0x03,0x03,0x03,0x03,0x03,0x03,0x03,0x03,0x03,0x03,0x03,
  0x03,0x03,0x03,0x03,0x03,0x03,0x03,0x03,0xa5,0xa5,0xa5,0xa5,0x00,0xa9,0x00,0xa9,
  0x43,0x43,0x08,0x08,0x43,0x43,0x08,0x08,0x43,0x43,0x08,0x08,0x43,0x43,0x08,0x08,
  0x43,0x43,0x08,0x08,0x43,0x43,0x08,0x08,0x43,0x43,0x08,0x08,0x43,0x43,0x08,0x08,
  0x43,0x43,0x08,0x08,0x43,0x43,0x08,0x08,0x43,0x43,0x08,0x08,0x43,0x43,0x08,0x08,
  0x65,0x65,0x65,0x65,0x43,0x43,0x08,0x08,0x43,0x43,0x08,0x08,0x65,0x65,0x65,0x65,
  0x82,0x82,0x82,0x82,0x82,0x82,0x82,0x82,0x82,0x82,0x82,0x82,0x82,0x82,0x82,0x82,
  0x82,0x82,0x82,0x82,0x82,0x82,0x82,0x82,0x82,0x82,0x82,0x82,0x82,0x82,0x82,0x82,
  0x20,0x20,0x1d,0x1d,0x1d,0x20,0x1d,0x20,0x20,0x20,0x1d,0x20,0x20,0x20,0x1d,0x20,
  0x20,0x20,0x1d,0x20,0x20,0x20,0x1d,0x20,0x20,0x20,0x1d,0x20,0x82,0x82,0x82,0x82,
  0x06,0x06,0x06,0x06,0x06,0x06,0x06,0x06,0x06,0x06,0x06,0x06,0x06,0x06,0x06,0x06,
  0x06,0x06,0x06,0x06,0x06,0x06,0x06,0x06,0x06,0x06,0x06,0x06,0x06,0x06,0x06,0x06,
  0x06,0x06,0x06,0x06,0x06,0x06,0x06,0x06,0x06,0x06,0x06,0x06,0x06,0x06,0x06,0x06,
  0x06,0x06,0x06,0x06,0x06,0x06,0x06,0x06,0x06,0x06,0x06,0x06,0x06,0x06,0x06,0x06,
  0x82,0x82,0x82,0x82,0x82,0x82,0x82,0x82,0x82,0x82,0x82,0x82,0x82,0x82,0x82,0x82,
  0x82,0x82,0x82,0x82,0x82,0x82,0x82,0x82,0x82,0x82,0x82,0x82,0x82,0x82,0x82,0x82,
  0x20,0x20,0x1d,0x1d,0x20,0x20,0x1d,0x1d,0x20,0x20,0x1d,0x1d,0x20,0x20,0x1d,0x1d,
  0x20,0x20,0x1d,0x1d,0x20,0x20,0x1d,0x1d,0x20,0x20,0x1d,0x1d,0x82,0x82,0x82,0x82,
  0x06,0x06,0x06,0x06,0x06,0x06,0x06,0x06,0x06,0x06,0x06,0x06,0x06,0x06,0x06,0x06,
  0x06,0x06,0x06,0x06,0x06,0x06,0x06,0x06,0x06,0x06,0x06,0x06,0x06,0x06,0x06,0x06,
  0x06,0x06,0x06,0x06,0x06,0x06,0x06,0x06,0x06,0x06,0x06,0x06,0x06,0x06,0x06,0x06,
  0x06,0x06,0x06,0x06,0x06,0x06,0x06,0x06,0x06,0x06,0x06,0x06,0x06,0x06,0x06,0x06,
  0x82,0x82,0x82,0x82,0x82,0x82,0x82,0x82,0x82,0x82,0x82,0x82,0x82,0x82,0x82,0x82,
  0x82,0x82,0x82,0x82,0x82,0x82,0x82,0x82,0x82,0x82,0x82,0x82,0x82,0x82,0x82,0x82,
  0x20,0x20,0x1d,0x1d,0x20,0x20,0x1d,0x1d,0x20,0x20,0x1d,0x1d,0x20,0x20,0x1d,0x1d,
  0x20,0x20,0x1d,0x1d,0x20,0x20,0x1d,0x1d,0x20,0x20,0x1d,0x1d,0x82,0x82,0x82,0x82,
  0x06,0x06,0x06,0x06,0x06,0x06,0x06,0x06,0x06,0x06,0x06,0x06,0x06,0x06,0x06,0x06,
  0x06,0x06,0x06,0x06,0x06,0x06,0x06,0x06,0x06,0x06,0x06,0x06,0x06,0x06,0x06,0x06,
  0x06,0x06,0x06,0x06,0x06,0x06,0x06,0x06,0x06,0x06,0x06,0x06,0x06,0x06,0x06,0x06,
  0x06,0x06,0x06,0x06,0x06,0x06,0x06,0x06,0x06,0x06,0x06,0x06,0x06,0x06,0x06,0x06,
  0x82,0x82,0x82,0x82,0x82,0x82,0x82,0x82,0x82,0x82,0x82,0x82,0x82,0x82,0x82,0x82,
  0x82,0x82,0x82,0x82,0x82,0x82,0x82,0x82,0x82,0x82,0x82,0x82,0x82,0x82,0x82,0x82,
  0x20,0x20,0x1d,0x1d,0x20,0x20,0x1d,0x1d,0x20,0x20,0x1d,0x1d,0x20,0x20,0x1d,0x1d,
  0x20,0x20,0x1d,0x1d,0x20,0x20,0x1d,0x1d,0x20,0x20,0x1d,0x1d,0x82,0x82,0x82,0x82,
  0x06,0x06,0x06,0x06,0x06,0x06,0x06,0x06,0x06,0x06,0x06,0x06,0x06,0x06,0x06,0x06,
  0x06,0x06,0x06,0x06,0x06,0x06,0x06,0x06,0x06,0x06,0x06,0x06,0x06,0x06,0x06,0x06,
  0x06,0x06,0x06,0x06,0x06,0x06,0x06,0x06,0x06,0x06,0x06,0x06,0x06,0x06,0x06,0x06,
  0x06,0x06,0x06,0x06,0x06,0x06,0x06,0x06,0x06,0x06,0x06,0x06,0x06,0x06,0x06,0x06,
  0x82,0x82,0x82,0x82,0x82,0x82,0x82,0x82,0x82,0x82,0x82,0x82,0x82,0x82,0x82,0x82,
  0x82,0x82,0x82,0x82,0x82,0x82,0x82,0x82,0x82,0x82,0x82,0x82,0x82,0x82,0x82,0x82,
  0x82,0x82,0x82,0x82,0x82,0x82,0x82,0x82,0x82,0x82,0x82,0x82,0x82,0x82,0x82,0x82,
  0x82,0x82,0x82,0x82,0x82,0x82,0x82,0x82,0x82,0x82,0x82,0x82,0x82,0x82,0x82,0x82,
  0xfa,0xfa,0xfa,0xfa,0x43,0x43,0x08,0x08,0x43,0x43,0x08,0x08,0x43,0x43,0x08,0x08,
  0x43,0x43,0x08,0x08,0x43,0x43,0x08,0x08,0x43,0x43,0x08,0x08,0x43,0x43,0x08,0x08,
  0x43,0x43,0x08,0x08,0x43,0x43,0x08,0x08,0x43,0x43,0x08,0x08,0x43,0x43,0x08,0x08,
  0x65,0x65,0x65,0x65,0xfa,0xfa,0xfa,0xfa,0x43,0x43,0x08,0x08,0x65,0x65,0x65,0x65,
  0x82,0x82,0x82,0x82,0x82,0x82,0x82,0x82,0x82,0x82,0x82,0x82,0x82,0x82,0x82,0x82,
  0x82,0x82,0x82,0x82,0x82,0x82,0x82,0x82,0x82,0x82,0x82,0x82,0x82,0x82,0x82,0x82,
  0x82,0x82,0x82,0x82,0x82,0x82,0x82,0x82,0x82,0x82,0x82,0x82,0x82,0x82,0x82,0x82,
  0x82,0x82,0x82,0x82,0x82,0x82,0x82,0x82,0x82,0x82,0x82,0x82,0x82,0x82,0x82,0x82,
  0xbe,0xbe,0x08,0x08,0x2e,0x2e,0x18,0x18,0x2e,0x2e,0x18,0x18,0x2e,0x2e,0x18,0x18,
  0x2e,0x2e,0x18,0x18,0x2e,0x2e,0x18,0x18,0x2e,0x2e,0x18,0x18,0x2e,0x2e,0x18,0x18,
  0x2e,0x2e,0x18,0x18,0x2e,0x2e,0x18,0x18,0x2e,0x2e,0x18,0x18,0x2e,0x2e,0x18,0x18,
  0x65,0x65,0x65,0x65,0xbe,0xbe,0x08,0x08,0x2e,0x2e,0x18,0x18,0x65,0x65,0x65,0x65,
  0x82,0x82,0x82,0x82,0x82,0x82,0x82,0x82,0x82,0x82,0x82,0x82,0x82,0x82,0x82,0x82,
  0x82,0x82,0x82,0x82,0x82,0x82,0x82,0x82,0x82,0x82,0x82,0x82,0x82,0x82,0x82,0x82,
  0x82,0x82,0x82,0x82,0x82,0x82,0x82,0x82,0x82,0x82,0x82,0x82,0x82,0x82,0x82,0x82,
  0x82,0x82,0x82,0x82,0x82,0x82,0x82,0x82,0x82,0x82,0x82,0x82,0x82,0x82,0x82,0x82,
  0x2e,0x2e,0x18,0x18,0x2e,0x2e,0x18,0x18,0x2e,0x2e,0x18,0x18,0x2e,0x2e,0x18,0x18,
  0x2e,0x2e,0x18,0x18,0x2e,0x2e,0x18,0x18,0x2e,0x2e,0x18,0x18,0x2e,0x2e,0x18,0x18,
  0x2e,0x2e,0x18,0x18,0x2e,0x2e,0x18,0x18,0x2e,0x2e,0x18,0x18,0x2e,0x2e,0x18,0x18,
  0x65,0x65,0x65,0x65,0x2e,0x2e,0x18,0x18,0x2e,0x2e,0x18,0x18,0x65,0x65,0x65,0x65,
  0x82,0x82,0x82,0x82,0x82,0x82,0x82,0x82,0x82,0x82,0x82,0x82,0x82,0x82,0x82,0x82,
  0x82,0x82,0x82,0x82,0x82,0x82,0x82,0x82,0x82,0x82,0x82,0x82,0x82,0x82,0x82,0x82,
  0x82,0x82,0x82,0x82,0x82,0x82,0x82,0x82,0x82,0x82,0x82,0x82,0x82,0x82,0x82,0x82,
  0x82,0x82,0x82,0x82,0x82,0x82,0x82,0x82,0x82,0x82,0x82,0x82,0x82,0x82,0x82,0x82,
  0x43,0x43,0x08,0x08,0x43,0x43,0x08,0x08,0x43,0x43,0x08,0x08,0x43,0x43,0x08,0x08,
  0x43,0x43,0x08,0x08,0x43,0x43,0x08,0x08,0x43,0x43,0x08,0x08,0x43,0x43,0x08,0x08,
  0x43,0x43,0x08,0x08,0x43,0x43,0x08,0x08,0x43,0x43,0x08,0x08,0x43,0x43,0x08,0x08,
  0x65,0x65,0x65,0x65,0x43,0x43,0x08,0x08,0x43,0x43,0x08,0x08,0x65,0x65,0x65,0x65,
  0x82,0x82,0x82,0x82,0x82,0x82,0x82,0x82,0x82,0x82,0x82,0x82,0x82,0x82,0x82,0x82,
  0x82,0x82,0x82,0x82,0x82,0x82,0x82,0x82,0x82,0x82,0x82,0x82,0x82,0x82,0x82,0x82,
  0x82,0x82,0x82,0x82,0x82,0x82,0x82,0x82,0x82,0x82,0x82,0x82,0x82,0x82,0x82,0x82,
  0x82,0x82,0x82,0x82,0x82,0x82,0x82,0x82,0x82,0x82,0x82,0x82,0x82,0x82,0x82,0x82,
  0x24,0x24,0x24,0x24,0x24,0x24,0x24,0x24,0x24,0x24,0x24,0x24,0x24,0x24,0x24,0x24,
  0x24,0x24,0x24,0x24,0x24,0x24,0x24,0x24,0x24,0x24,0x24,0x24,0x24,0x24,0x24,0x24,
  0x24,0x24,0x24,0x24,0x24,0x24,0x24,0x24,0x24,0x24,0x24,0x24,0x24,0x24,0x24,0x24,
  0x24,0x24,0x24,0x24,0x24,0x24,0x24,0x24,0x24,0x24,0x24,0x24,0x24,0x24,0x24,0x24,
  0x82,0x82,0x82,0x82,0x82,0x82,0x82,0x82,0x82,0x82,0x82,0x82,0x82,0x82,0x82,0x82,
  0x82,0x82,0x82,0x82,0x82,0x82,0x82,0x82,0x82,0x82,0x82,0x82,0x82,0x82,0x82,0x82,
  0x82,0x82,0x82,0x82,0x82,0x82,0x82,0x82,0x82,0x82,0x82,0x82,0x82,0x82,0x82,0x82,
  0x82,0x82,0x82,0x82,0x82,0x82,0x82,0x82,0x82,0x82,0x82,0x82,0x82,0x82,0x82,0x82,
  0x24,0x24,0x24,0x24,0x24,0x24,0x24,0x24,0x24,0x24,0x24,0x24,0x24,0x24,0x24,0x24,
  0x24,0x24,0x24,0x24,0x24,0x24,0x24,0x24,0x24,0x24,0x24,0x24,0x24,0x24,0x24,0x24,
  0x24,0x24,0x24,0x24,0x24,0x24,0x24,0x24,0x24,0x24,0x24,0x24,0x24,0x24,0x24,0x24,
  0x24,0x24,0x24,0x24,0x24,0x24,0x24,0x24,0x24,0x24,0x24,0x24,0x24,0x24,0x24,0x24,
  0x82,0x82,0x82,0x82,0x82,0x82,0x82,0x82,0x82,0x82,0x82,0x82,0x82,0x82,0x82,0x82,
  0x82,0x82,0x82,0x82,0x82,0x82,0x82,0x82,0x82,0x82,0x82,0x82,0x82,0x82,0x82,0x82,
  0x82,0x82,0x82,0x82,0x82,0x82,0x82,0x82,0x82,0x82,0x82,0x82,0x82,0x82,0x82,0x82,
  0x82,0x82,0x82,0x82,0x82,0x82,0x82,0x82,0x82,0x82,0x82,0x82,0x82,0x82,0x82,0x82,
  0x24,0x24,0x24,0x24,0x24,0x24,0x24,0x24,0x24,0x24,0x24,0x24,0x24,0x24,0x24,0x24,
  0x24,0x24,0x24,0x24,0x24,0x24,0x24,0x24,0x24,0x24,0x24,0x24,0x24,0x24,0x24,0x24,
  0x24,0x24,0x24,0x24,0x24,0x24,0x24,0x24,0x24,0x24,0x24,0x24,0x24,0x24,0x24,0x24,
  0x24,0x24,0x24,0x24,0x24,0x24,0x24,0x24,0x24,0x24,0x24,0x24,0x24,0x24,0x24,0x24,
  0x82,0x82,0x82,0x82,0x82,0x82,0x82,0x82,0x82,0x82,0x82,0x82,0x82,0x82,0x82,0x82,
  0x82,0x82,0x82,0x82,0x82,0x82,0x82,0x82,0x82,0x82,0x82,0x82,0x82,0x82,0x82,0x82,
  0x82,0x82,0x82,0x82,0x82,0x82,0x82,0x82,0x82,0x82,0x82,0x82,0x82,0x82,0x82,0x82,
  0x82,0x82,0x82,0x82,0x82,0x82,0x82,0x82,0x82,0x82,0x82,0x82,0x82,0x82,0x82,0x82,
  0x24,0x24,0x24,0x24,0x24,0x24,0x24,0x24,0x24,0x24,0x24,0x24,0x24,0x24,0x24,0x24,
  0x24,0x24,0x24,0x24,0x24,0x24,0x24,0x24,0x24,0x24,0x24,0x24,0x24,0x24,0x24,0x24,
  0x24,0x24,0x24,0x24,0x24,0x24,0x24,0x24,0x24,0x24,0x24,0x24,0x24,0x24,0x24,0x24,
  0x24,0x24,0x24,0x24,0x24,0x24,0x24,0x24,0x24,0x24,0x24,0x24,0x24,0x24,0x24,0x24,
  0x82,0x82,0x82,0x82,0x82,0x82,0x82,0x82,0x82,0x82,0x82,0x82,0x82,0x82,0x82,0x82,
  0x82,0x82,0x82,0x82,0x82,0x82,0x82,0x82,0x82,0x82,0x82,0x82,0x82,0x82,0x82,0x82,
  0x82,0x82,0x82,0x82,0x82,0x82,0x82,0x82,0x82,0x82,0x82,0x82,0x82,0x82,0x82,0x82,
  0x82,0x82,0x82,0x82,0x82,0x82,0x82,0x82,0x82,0x82,0x82,0x82,0x82,0x82,0x82,0x82,
  0x27,0x27,0x27,0x27,0x1a,0x1a,0xfa,0xfa,0x1a,0x1a,0xfa,0xfa,0x1a,0x1a,0xfa,0xfa,
  0x1a,0x1a,0xfa,0xfa,0x1a,0x1a,0xfa,0xfa,0x1a,0x1a,0xfa,0xfa,0x1a,0x1a,0xfa,0xfa,
  0x1a,0x1a,0xfa,0xfa,0x1a,0x1a,0xfa,0xfa,0x1a,0x1a,0xfa,0xfa,0x1a,0x1a,0xfa,0xfa,
  0x65,0x65,0x65,0x65,0x27,0x27,0x27,0x27,0x1a,0x1a,0xfa,0xfa,0x65,0x65,0x65,0x65,
  0x82,0x82,0x82,0x82,0x82,0x82,0x82,0x82,0x82,0x82,0x82,0x82,0x82,0x82,0x82,0x82,
  0x82,0x82,0x82,0x82,0x82,0x82,0x82,0x82,0x82,0x82,0x82,0x82,0x82,0x82,0x82,0x82,
  0x82,0x82,0x82,0x82,0x82,0x82,0x82,0x82,0x82,0x82,0x82,0x82,0x82,0x82,0x82,0x82,
  0x82,0x82,0x82,0x82,0x82,0x82,0x82,0x82,0x82,0x82,0x82,0x82,0x82,0x82,0x82,0x82,
  0xbe,0xbe,0xea,0xea,0x45,0x45,0x63,0x63,0x45,0x45,0x63,0x63,0x45,0x45,0x63,0x63,
  0x45,0x45,0x63,0x63,0x45,0x45,0x63,0x63,0x45,0x45,0x63,0x63,0x45,0x45,0x63,0x63,
  0x45,0x45,0x63,0x63,0x45,0x45,0x63,0x63,0x45,0x45,0x63,0x63,0x45,0x45,0x63,0x63,
  0x65,0x65,0x65,0x65,0xbe,0xbe,0xea,0xea,0x45,0x45,0x63,0x63,0x65,0x65,0x65,0x65,
  0x82,0x82,0x82,0x82,0x82,0x82,0x82,0x82,0x82,0x82,0x82,0x82,0x82,0x82,0x82,0x82,
  0x82,0x82,0x82,0x82,0x82,0x82,0x82,0x82,0x82,0x82,0x82,0x82,0x82,0x82,0x82,0x82,
  0x82,0x82,0x82,0x82,0x82,0x82,0x82,0x82,0x82,0x82,0x82,0x82,0x82,0x82,0x82,0x82,
  0x82,0x82,0x82,0x82,0x82,0x82,0x82,0x82,0x82,0x82,0x82,0x82,0x82,0x82,0x82,0x82,
  0x45,0x45,0x63,0x63,0x45,0x45,0x63,0x63,0x45,0x45,0x63,0x63,0x45,0x45,0x63,0x63,
  0x45,0x45,0x63,0x63,0x45,0x45,0x63,0x63,0x45,0x45,0x63,0x63,0x45,0x45,0x63,0x63,
  0x45,0x45,0x63,0x63,0x45,0x45,0x63,0x63,0x45,0x45,0x63,0x63,0x45,0x45,0x63,0x63,
  0x65,0x65,0x65,0x65,0x45,0x45,0x63,0x63,0x45,0x45,0x63,0x63,0x65,0x65,0x65,0x65,
  0x82,0x82,0x82,0x82,0x82,0x82,0x82,0x82,0x82,0x82,0x82,0x82,0x82,0x82,0x82,0x82,
  0x82,0x82,0x82,0x82,0x82,0x82,0x82,0x82,0x82,0x82,0x82,0x82,0x82,0x82,0x82,0x82,
  0x82,0x82,0x82,0x82,0x82,0x82,0x82,0x82,0x82,0x82,0x82,0x82,0x82,0x82,0x82,0x82,
  0x82,0x82,0x82,0x82,0x82,0x82,0x82,0x82,0x82,0x82,0x82,0x82,0x82,0x82,0x82,0x82,
  0x1a,0x1a,0xfa,0xfa,0x1a,0x1a,0xfa,0xfa,0x1a,0x1a,0xfa,0xfa,0x1a,0x1a,0xfa,0xfa,
  0x1a,0x1a,0xfa,0xfa,0x1a,0x1a,0xfa,0xfa,0x1a,0x1a,0xfa,0xfa,0x1a,0x1a,0xfa,0xfa,
  0x1a,0x1a,0xfa,0xfa,0x1a,0x1a,0xfa,0xfa,0x1a,0x1a,0xfa,0xfa,0x1a,0x1a,0xfa,0xfa,
  0x65,0x65,0x65,0x65,0x1a,0x1a,0xfa,0xfa,0x1a,0x1a,0xfa,0xfa,0x65,0x65,0x65,0x65,
  0x82,0x82,0x82,0x82,0x82,0x82,0x82,0x82,0x82,0x82,0x82,0x82,0x82,0x82,0x82,0x82,
  0x82,0x82,0x82,0x82,0x82,0x82,0x82,0x82,0x82,0x82,0x82,0x82,0x82,0x82,0x82,0x82,
  0x82,0x82,0x82,0x82,0x82,0x82,0x82,0x82,0x82,0x82,0x82,0x82,0x82,0x82,0x82,0x82,
  0x82,0x82,0x82,0x82,0x82,0x82,0x82,0x82,0x82,0x82,0x82,0x82,0x82,0x82,0x82,0x82,
  0x01,0x06,0x06,0x06,0x01,0x06,0x06,0x06,0x01,0x06,0x06,0x06,0x01,0x06,0x06,0x06,
  0x01,0x06,0x06,0x06,0x01,0x06,0x06,0x06,0x01,0x06,0x06,0x06,0x01,0x06,0x06,0x06,
  0x01,0x06,0x06,0x06,0x01,0x06,0x06,0x06,0x01,0x06,0x06,0x06,0x01,0x06,0x06,0x06,
  0x01,0x06,0x06,0x06,0x01,0x06,0x06,0x06,0x01,0x06,0x06,0x06,0x01,0x06,0x06,0x06,
  0x82,0x82,0x82,0x82,0x82,0x82,0x82,0x82,0x82,0x82,0x82,0x82,0x82,0x82,0x82,0x82,
  0x82,0x82,0x82,0x82,0x82,0x82,0x82,0x82,0x82,0x82,0x82,0x82,0x82,0x82,0x82,0x82,
  0x82,0x82,0x82,0x82,0x82,0x82,0x82,0x82,0x82,0x82,0x82,0x82,0x82,0x82,0x82,0x82,
  0x82,0x82,0x82,0x82,0x82,0x82,0x82,0x82,0x82,0x82,0x82,0x82,0x82,0x82,0x82,0x82,
  0x06,0x06,0x06,0x06,0x06,0x06,0x06,0x06,0x06,0x06,0x06,0x06,0x06,0x06,0x06,0x06,
  0x06,0x06,0x06,0x06,0x06,0x06,0x06,0x06,0x06,0x06,0x06,0x06,0x06,0x06,0x06,0x06,
  0x06,0x06,0x06,0x06,0x06,0x06,0x06,0x06,0x06,0x06,0x06,0x06,0x06,0x06,0x06,0x06,
  0x06,0x06,0x06,0x06,0x06,0x06,0x06,0x06,0x06,0x06,0x06,0x06,0x06,0x06,0x06,0x06,
  0x82,0x82,0x82,0x82,0x82,0x82,0x82,0x82,0x82,0x82,0x82,0x82,0x82,0x82,0x82,0x82,
  0x82,0x82,0x82,0x82,0x82,0x82,0x82,0x82,0x82,0x82,0x82,0x82,0x82,0x82,0x82,0x82,
  0x82,0x82,0x82,0x82,0x82,0x82,0x82,0x82,0x82,0x82,0x82,0x82,0x82,0x82,0x82,0x82,
  0x82,0x82,0x82,0x82,0x82,0x82,0x82,0x82,0x82,0x82,0x82,0x82,0x82,0x82,0x82,0x82,
  0x01,0x06,0x06,0x06,0x01,0x06,0x06,0x06,0x01,0x06,0x06,0x06,0x01,0x06,0x06,0x06,
  0x01,0x06,0x06,0x06,0x01,0x06,0x06,0x06,0x01,0x06,0x06,0x06,0x01,0x06,0x06,0x06,
  0x01,0x06,0x06,0x06,0x01,0x06,0x06,0x06,0x01,0x06,0x06,0x06,0x01,0x06,0x06,0x06,
  0x01,0x06,0x06,0x06,0x01,0x06,0x06,0x06,0x01,0x06,0x06,0x06,0x01,0x06,0x06,0x06,
  0x82,0x82,0x82,0x82,0x82,0x82,0x82,0x82,0x82,0x82,0x82,0x82,0x82,0x82,0x82,0x82,
  0x82,0x82,0x82,0x82,0x82,0x82,0x82,0x82,0x82,0x82,0x82,0x82,0x82,0x82,0x82,0x82,
  0x82,0x82,0x82,0x82,0x82,0x82,0x82,0x82,0x82,0x82,0x82,0x82,0x82,0x82,0x82,0x82,
  0x82,0x82,0x82,0x82,0x82,0x82,0x82,0x82,0x82,0x82,0x82,0x82,0x82,0x82,0x82,0x82,
  0x06,0x06,0x06,0x06,0x06,0x06,0x06,0x06,0x06,0x06,0x06,0x06,0x06,0x06,0x06,0x06,
  0x06,0x06,0x06,0x06,0x06,0x06,0x06,0x06,0x06,0x06,0x06,0x06,0x06,0x06,0x06,0x06,
  0x06,0x06,0x06,0x06,0x06,0x06,0x06,0x06,0x06,0x06,0x06,0x06,0x06,0x06,0x06,0x06,
  0x06,0x06,0x06,0x06,0x06,0x06,0x06,0x06,0x06,0x06,0x06,0x06,0x06,0x06,0x06,0x06,
  0x82,0x82,0x82,0x82,0x82,0x82,0x82,0x82,0x82,0x82,0x82,0x82,0x82,0x82,0x82,0x82,
  0x82,0x82,0x82,0x82,0x82,0x82,0x82,0x82,0x82,0x82,0x82,0x82,0x82,0x82,0x82,0x82,
  0x82,0x82,0x82,0x82,0x82,0x82,0x82,0x82,0x82,0x82,0x82,0x82,0x82,0x82,0x82,0x82,
  0x82,0x82,0x82,0x82,0x82,0x82,0x82,0x82,0x82,0x82,0x82,0x82,0x82,0x82,0x82,0x82,
  0xfa,0xfa,0xfa,0xfa,0x43,0x43,0x08,0x08,0x43,0x43,0x08,0x08,0x43,0x43,0x08,0x08,
  0x43,0x43,0x08,0x08,0x43,0x43,0x08,0x08,0x43,0x43,0x08,0x08,0x43,0x43,0x08,0x08,
  0x43,0x43,0x08,0x08,0x43,0x43,0x08,0x08,0x43,0x43,0x08,0x08,0x43,0x43,0x08,0x08,
  0x65,0x65,0x65,0x65,0xfa,0xfa,0xfa,0xfa,0x43,0x43,0x08,0x08,0x65,0x65,0x65,0x65,
  0x82,0x82,0x82,0x82,0x82,0x82,0x82,0x82,0x82,0x82,0x82,0x82,0x82,0x82,0x82,0x82,
  0x82,0x82,0x82,0x82,0x82,0x82,0x82,0x82,0x82,0x82,0x82,0x82,0x82,0x82,0x82,0x82,
  0x82,0x82,0x82,0x82,0x82,0x82,0x82,0x82,0x82,0x82,0x82,0x82,0x82,0x82,0x82,0x82,
  0x82,0x82,0x82,0x82,0x82,0x82,0x82,0x82,0x82,0x82,0x82,0x82,0x82,0x82,0x82,0x82,
  0xbe,0xbe,0x08,0x08,0x2e,0x2e,0x18,0x18,0x2e,0x2e,0x18,0x18,0x2e,0x2e,0x18,0x18,
  0x2e,0x2e,0x18,0x18,0x2e,0x2e,0x18,0x18,0x2e,0x2e,0x18,0x18,0x2e,0x2e,0x18,0x18,
  0x2e,0x2e,0x18,0x18,0x2e,0x2e,0x18,0x18,0x2e,0x2e,0x18,0x18,0x2e,0x2e,0x18,0x18,
  0x65,0x65,0x65,0x65,0xbe,0xbe,0x08,0x08,0x2e,0x2e,0x18,0x18,0x65,0x65,0x65,0x65,
  0x82,0x82,0x82,0x82,0x82,0x82,0x82,0x82,0x82,0x82,0x82,0x82,0x82,0x82,0x82,0x82,
  0x82,0x82,0x82,0x82,0x82,0x82,0x82,0x82,0x82,0x82,0x82,0x82,0x82,0x82,0x82,0x82,
  0x82,0x82,0x82,0x82,0x82,0x82,0x82,0x82,0x82,0x82,0x82,0x82,0x82,0x82,0x82,0x82,
  0x82,0x82,0x82,0x82,0x82,0x82,0x82,0x82,0x82,0x82,0x82,0x82,0x82,0x82,0x82,0x82,
  0x2e,0x2e,0x18,0x18,0x2e,0x2e,0x18,0x18,0x2e,0x2e,0x18,0x18,0x2e,0x2e,0x18,0x18,
  0x2e,0x2e,0x18,0x18,0x2e,0x2e,0x18,0x18,0x2e,0x2e,0x18,0x18,0x2e,0x2e,0x18,0x18,
  0x2e,0x2e,0x18,0x18,0x2e,0x2e,0x18,0x18,0x2e,0x2e,0x18,0x18,0x2e,0x2e,0x18,0x18,
  0x65,0x65,0x65,0x65,0x2e,0x2e,0x18,0x18,0x2e,0x2e,0x18,0x18,0x65,0x65,0x65,0x65,
  0x82,0x82,0x82,0x82,0x82,0x82,0x82,0x82,0x82,0x82,0x82,0x82,0x82,0x82,0x82,0x82,
  0x82,0x82,0x82,0x82,0x82,0x82,0x82,0x82,0x82,0x82,0x82,0x82,0x82,0x82,0x82,0x82,
  0x82,0x82,0x82,0x82,0x82,0x82,0x82,0x82,0x82,0x82,0x82,0x82,0x82,0x82,0x82,0x82,
  0x82,0x82,0x82,0x82,0x82,0x82,0x82,0x82,0x82,0x82,0x82,0x82,0x82,0x82,0x82,0x82,
  0x43,0x43,0x08,0x08,0x43,0x43,0x08,0x08,0x43,0x43,0x08,0x08,0x43,0x43,0x08,0x08,
  0x43,0x43,0x08,0x08,0x43,0x43,0x08,0x08,0x43,0x43,0x08,0x08,0x43,0x43,0x08,0x08,
  0x43,0x43,0x08,0x08,0x43,0x43,0x08,0x08,0x43,0x43,0x08,0x08,0x43,0x43,0x08,0x08,
  0x65,0x65,0x65,0x65,0x43,0x43,0x08,0x08,0x43,0x43,0x08,0x08,0x65,0x65,0x65,0x65,
  0x82,0x82,0x82,0x82,0x82,0x82,0x82,0x82,0x82,0x82,0x82,0x82,0x82,0x82,0x82,0x82,
  0x82,0x82,0x82,0x82,0x82,0x82,0x82,0x82,0x82,0x82,0x82,0x82,0x82,0x82,0x82,0x82,
  0x82,0x82,0x82,0x82,0x82,0x82,0x82,0x82,0x82,0x82,0x82,0x82,0x82,0x82,0x82,0x82,
  0x82,0x82,0x82,0x82,0x82,0x82,0x82,0x82,0x82,0x82,0x82,0x82,0x82,0x82,0x82,0x82,
  0x06,0x06,0x06,0x06,0x06,0x06,0x06,0x06,0x06,0x06,0x06,0x06,0x06,0x06,0x06,0x06,
  0x06,0x06,0x06,0x06,0x06,0x06,0x06,0x06,0x06,0x06,0x06,0x06,0x06,0x06,0x06,0x06,
  0x06,0x06,0x06,0x06,0x06,0x06,0x06,0x06,0x06,0x06,0x06,0x06,0x06,0x06,0x06,0x06,
  0x06,0x06,0x06,0x06,0x06,0x06,0x06,0x06,0x06,0x06,0x06,0x06,0x06,0x06,0x06,0x06,
  0x82,0x82,0x82,0x82,0x82,0x82,0x82,0x82,0x82,0x82,0x82,0x82,0x82,0x82,0x82,0x82,
  0x82,0x82,0x82,0x82,0x82,0x82,0x82,0x82,0x82,0x82,0x82,0x82,0x82,0x82,0x82,0x82,
  0x82,0x82,0x82,0x82,0x82,0x82,0x82,0x82,0x82,0x82,0x82,0x82,0x82,0x82,0x82,0x82,
  0x82,0x82,0x82,0x82,0x82,0x82,0x82,0x82,0x82,0x82,0x82,0x82,0x82,0x82,0x82,0x82,
  0x06,0x06,0x06,0x06,0x06,0x06,0x06,0x06,0x06,0x06,0x06,0x06,0x06,0x06,0x06,0x06,
  0x06,0x06,0x06,0x06,0x06,0x06,0x06,0x06,0x06,0x06,0x06,0x06,0x06,0x06,0x06,0x06,
  0x06,0x06,0x06,0x06,0x06,0x06,0x06,0x06,0x06,0x06,0x06,0x06,0x06,0x06,0x06,0x06,
  0x06,0x06,0x06,0x06,0x06,0x06,0x06,0x06,0x06,0x06,0x06,0x06,0x06,0x06,0x06,0x06,
  0x82,0x82,0x82,0x82,0x82,0x82,0x82,0x82,0x82,0x82,0x82,0x82,0x82,0x82,0x82,0x82,
  0x82,0x82,0x82,0x82,0x82,0x82,0x82,0x82,0x82,0x82,0x82,0x82,0x82,0x82,0x82,0x82,
  0x82,0x82,0x82,0x82,0x82,0x82,0x82,0x82,0x82,0x82,0x82,0x82,0x82,0x82,0x82,0x82,
  0x82,0x82,0x82,0x82,0x82,0x82,0x82,0x82,0x82,0x82,0x82,0x82,0x82,0x82,0x82,0x82,
  0x06,0x06,0x06,0x06,0x06,0x06,0x06,0x06,0x06,0x06,0x06,0x06,0x06,0x06,0x06,0x06,
  0x06,0x06,0x06,0x06,0x06,0x06,0x06,0x06,0x06,0x06,0x06,0x06,0x06,0x06,0x06,0x06,
  0x06,0x06,0x06,0x06,0x06,0x06,0x06,0x06,0x06,0x06,0x06,0x06,0x06,0x06,0x06,0x06,
  0x06,0x06,0x06,0x06,0x06,0x06,0x06,0x06,0x06,0x06,0x06,0x06,0x06,0x06,0x06,0x06,
  0x82,0x82,0x82,0x82,0x82,0x82,0x82,0x82,0x82,0x82,0x82,0x82,0x82,0x82,0x82,0x82,
  0x82,0x82,0x82,0x82,0x82,0x82,0x82,0x82,0x82,0x82,0x82,0x82,0x82,0x82,0x82,0x82,
  0x82,0x82,0x82,0x82,0x82,0x82,0x82,0x82,0x82,0x82,0x82,0x82,0x82,0x82,0x82,0x82,
  0x82,0x82,0x82,0x82,0x82,0x82,0x82,0x82,0x82,0x82,0x82,0x82,0x82,0x82,0x82,0x82,
  0x06,0x06,0x06,0x06,0x06,0x06,0x06,0x06,0x06,0x06,0x06,0x06,0x06,0x06,0x06,0x06,
  0x06,0x06,0x06,0x06,0x06,0x06,0x06,0x06,0x06,0x06,0x06,0x06,0x06,0x06,0x06,0x06,
  0x06,0x06,0x06,0x06,0x06,0x06,0x06,0x06,0x06,0x06,0x06,0x06,0x06,0x06,0x06,0x06,
  0x06,0x06,0x06,0x06,0x06,0x06,0x06,0x06,0x06,0x06,0x06,0x06,0x06,0x06,0x06,0x06,
  0x82,0x82,0x82,0x82,0x82,0x82,0x82,0x82,0x82,0x82,0x82,0x82,0x82,0x82,0x82,0x82,
  0x82,0x82,0x82,0x82,0x82,0x82,0x82,0x82,0x82,0x82,0x82,0x82,0x82,0x82,0x82,0x82,
  0x82,0x82,0x82,0x82,0x82,0x82,0x82,0x82,0x82,0x82,0x82,0x82,0x82,0x82,0x82,0x82,
  0x82,0x82,0x82,0x82,0x82,0x82,0x82,0x82,0x82,0x82,0x82,0x82,0x82,0x82,0x82,0x82,
  0xb8,0xb8,0xb9,0xb9,0xc5,0xc5,0x5b,0x5b,0xc5,0xc5,0x5b,0x5b,0xc5,0xc5,0x5b,0x5b,
  0xc5,0xc5,0x5b,0x5b,0xc5,0xc5,0x5b,0x5b,0xc5,0xc5,0x5b,0x5b,0xc5,0xc5,0x5b,0x5b,
  0xc5,0xc5,0x5b,0x5b,0xc5,0xc5,0x5b,0x5b,0xc5,0xc5,0x5b,0x5b,0x17,0x17,0x17,0x17,
  0x65,0x65,0x65,0x65,0xc6,0xb5,0xea,0x3e,0xd0,0x4b,0xb8,0x54,0x65,0x65,0x65,0x65,
  0x82,0x82,0x82,0x82,0x82,0x82,0x82,0x82,0x82,0x82,0x82,0x82,0x82,0x82,0x82,0x82,
  0x82,0x82,0x82,0x82,0x82,0x82,0x82,0x82,0x82,0x82,0x82,0x82,0x82,0x82,0x82,0x82,
  0x82,0x82,0x82,0x82,0x82,0x82,0x82,0x82,0x82,0x82,0x82,0x82,0x82,0x82,0x82,0x82,
  0x82,0x82,0x82,0x82,0x82,0x82,0x82,0x82,0x82,0x82,0x82,0x82,0x82,0x82,0x82,0x82,
  0xc6,0xc6,0xfe,0xfe,0x4d,0x4d,0x17,0x17,0x4d,0x4d,0x17,0x17,0x4d,0x4d,0x17,0x17,
  0x4d,0x4d,0x17,0x17,0x4d,0x4d,0x17,0x17,0x4d,0x4d,0x17,0x17,0x4d,0x4d,0x17,0x17,
  0x4d,0x4d,0x17,0x17,0x4d,0x4d,0x17,0x17,0x4d,0x4d,0x17,0x17,0x8f,0x8f,0xfc,0xfc,
  0x65,0x65,0x65,0x65,0x57,0x4d,0x57,0xbe,0x4b,0xd0,0x54,0xb8,0x65,0x65,0x65,0x65,
  0x82,0x82,0x82,0x82,0x82,0x82,0x82,0x82,0x82,0x82,0x82,0x82,0x82,0x82,0x82,0x82,
  0x82,0x82,0x82,0x82,0x82,0x82,0x82,0x82,0x82,0x82,0x82,0x82,0x82,0x82,0x82,0x82,
  0x82,0x82,0x82,0x82,0x82,0x82,0x82,0x82,0x82,0x82,0x82,0x82,0x82,0x82,0x82,0x82,
  0x82,0x82,0x82,0x82,0x82,0x82,0x82,0x82,0x82,0x82,0x82,0x82,0x82,0x82,0x82,0x82,
  0x4d,0x4d,0x17,0x17,0x4d,0x4d,0x17,0x17,0x4d,0x4d,0x17,0x17,0x4d,0x4d,0x17,0x17,
  0x4d,0x4d,0x17,0x17,0x4d,0x4d,0x17,0x17,0x4d,0x4d,0x17,0x17,0x4d,0x4d,0x17,0x17,
  0x4d,0x4d,0x17,0x17,0x4d,0x4d,0x17,0x17,0x4d,0x4d,0x17,0x17,0x8f,0x8f,0xfc,0xfc,
  0x65,0x65,0x65,0x65,0xb5,0xb5,0x3e,0x3e,0x4b,0x4b,0x54,0x54,0x65,0x65,0x65,0x65,
  0x82,0x82,0x82,0x82,0x82,0x82,0x82,0x82,0x82,0x82,0x82,0x82,0x82,0x82,0x82,0x82,
  0x82,0x82,0x82,0x82,0x82,0x82,0x82,0x82,0x82,0x82,0x82,0x82,0x82,0x82,0x82,0x82,
  0x82,0x82,0x82,0x82,0x82,0x82,0x82,0x82,0x82,0x82,0x82,0x82,0x82,0x82,0x82,0x82,
  0x82,0x82,0x82,0x82,0x82,0x82,0x82,0x82,0x82,0x82,0x82,0x82,0x82,0x82,0x82,0x82,
  0xc5,0xc5,0x5b,0x5b,0xc5,0xc5,0x5b,0x5b,0xc5,0xc5,0x5b,0x5b,0xc5,0xc5,0x5b,0x5b,
  0xc5,0xc5,0x5b,0x5b,0xc5,0xc5,0x5b,0x5b,0xc5,0xc5,0x5b,0x5b,0xc5,0xc5,0x5b,0x5b,
  0xc5,0xc5,0x5b,0x5b,0xc5,0xc5,0x5b,0x5b,0xc5,0xc5,0x5b,0x5b,0x17,0x17,0x17,0x17,
  0x65,0x65,0x65,0x65,0x4d,0x4d,0xbe,0xbe,0xd0,0xd0,0xb8,0xb8,0x65,0x65,0x65,0x65,
};
const u16 itembox_tex0_pal[] = {
  0x0000,0x001f,0x0529,0x2520,0x03ff,0x7c1f,0x001f,0x2529,0x5f6e,0x001f,0x7c1f,0x7c1f,0x7c1f,0x5718,0x7c1f,0x7c1f,
  0x61b6,0x44cf,0x2529,0x3a86,0x2529,0x2807,0x2c08,0x5707,0x572c,0x374e,0x576e,0x536d,0x2c08,0x7c21,0x2c08,0x2c08,
  0x7c00,0x576e,0x3f30,0x44cf,0x03ff,0x3b30,0x32cd,0x63d1,0x576e,0x53ff,0x43b3,0x001f,0x44cf,0x44cf,0x3a85,0x4fde,
  0x4fde,0x44cf,0x2acd,0x26cd,0x043f,0x043f,0x03ff,0x03ff,0x5bff,0x5ff3,0x2529,0x03ff,0x2529,0x0bff,0x0162,0x05e6,
  0x6b5a,0x13ff,0x576e,0x576b,0x576b,0x3a87,0x3a86,0x3318,0x3a87,0x3a87,0x3d69,0x3e40,0x2529,0x3a81,0x5718,0x4bf3,
  0x2529,0x4fde,0x4fde,0x32cd,0x2de0,0x5718,0x32cd,0x2662,0x32cd,0x5718,0x576b,0x6369,0x6ac0,0x2529,0x2529,0x2529,
  0x2529,0x2529,0x266b,0x576e,0x3a85,0x7fff,0x7fff,0x0a6a,0x6b5a,0x3e40,0x6a20,0x6a20,0x7c1f,0x7fff,0x6b40,0x576e,
  0x5718,0x576e,0x5718,0x5718,0x5718,0x6369,0x6369,0x6369,0x7c1f,0x7fff,0x5fff,0x6b5a,0x7c1f,0x7c5f,0x7c7f,0x13ff,
  0x37ff,0x0000,0x0000,0x2529,0x2529,0x2529,0x2529,0x0929,0x2529,0x2529,0x2520,0x2c08,0x2529,0x01e6,0x3e40,0x3a00,
  0x0000,0x2520,0x28c1,0x2529,0x01e6,0x3d69,0x2520,0x2529,0x2529,0x2520,0x2529,0x3a87,0x3a87,0x0000,0x0000,0x2529,
  0x28c1,0x2520,0x0000,0x0000,0x24e0,0x2480,0x0929,0x0929,0x0000,0x0421,0x2eeb,0x2529,0x28c1,0x0421,0x0421,0x0129,
  0x5fff,0x2529,0x7fff,0x7fff,0x2a06,0x1e40,0x6369,0x7fc6,0x63aa,0x678b,0x28c1,0x28c1,0x2c08,0x2529,0x46e9,0x7c7f,
  0x7c7f,0x7c7f,0x7c7f,0x7d5f,0x3a87,0x5767,0x4305,0x1e68,0x1669,0x1266,0x6b5a,0x6b5a,0x6b5a,0x09e6,0x1e40,0x09e6,
  0x4ea6,0x3685,0x5747,0x52e6,0x2a87,0x01a4,0x2529,0x2529,0x2529,0x678b,0x7feb,0x3f93,0x6b5a,0x6b5a,0x7ff5,0x0000,
  0x6b5a,0x6b5a,0x1840,0x1840,0x5ffa,0x5bfa,0x5bfa,0x6b5a,0x7ffb,0x73dc,0x5fb0,0x534a,0x67fa,0x57ff,0x1a46,0x5ff3,
  0x3a87,0x3a87,0x3a87,0x3a87,0x5bf8,0x2a8b,0x2a66,0x2a46,0x2a06,0x3a87,0x63d0,0x3a87,0x4a87,0x32cb,0x5727,0x438f,
};
const u8 itembox_tex1_px[] = {
  0x32,0xb3,0x32,0x32,0x08,0x08,0x08,0x08,0x08,0x08,0x08,0x08,0x08,0x08,0x08,0x08,
  0x08,0x08,0x08,0x08,0x08,0x08,0x08,0x08,0x08,0x08,0x08,0x08,0x08,0x08,0xea,0xea,
  0x7e,0x08,0x08,0x8b,0xb5,0xfa,0xb5,0x90,0xac,0x3d,0xac,0xd7,0xac,0x88,0xf1,0xf1,
  0xac,0x3d,0xa4,0xa4,0xb5,0xfa,0x95,0x90,0xac,0x3d,0xac,0xac,0x11,0x08,0x11,0x11,
  0xb3,0xb3,0x08,0x08,0x08,0x08,0x08,0x08,0x08,0x08,0x08,0x08,0x08,0x08,0x08,0x08,
  0x08,0x08,0x08,0x08,0x08,0x08,0x08,0x08,0x08,0x08,0x08,0x08,0x08,0x08,0xea,0xea,
  0x8b,0xd0,0x8b,0x8b,0xb5,0xfa,0x90,0x90,0xac,0x3d,0xd7,0xd7,0xac,0x88,0x90,0x90,
  0xac,0x3d,0xa4,0xa4,0xb5,0xfa,0x95,0x95,0xac,0x3d,0xac,0xd7,0x3c,0x08,0x11,0x11,
  0x3d,0xb3,0x3d,0x3d,0x08,0x08,0x08,0x08,0x04,0x04,0x04,0x04,0x04,0x04,0x20,0x04,
  0x04,0x04,0x20,0x04,0x04,0x04,0x20,0x04,0x08,0x08,0x08,0x08,0x11,0x11,0xc9,0xc9,
  0x94,0x94,0x94,0x94,0xed,0xdb,0xed,0xdb,0xed,0xdb,0xed,0xdb,0x55,0xcd,0x55,0x55,
  0xed,0xdb,0xed,0xed,0x90,0xd7,0xed,0xed,0xed,0xdb,0xed,0xed,0x08,0x08,0x08,0x08,
  0xb3,0xb3,0x08,0x08,0x08,0x08,0x08,0x08,0x04,0x04,0x04,0x04,0x04,0x04,0x20,0x04,
  0x04,0x04,0x04,0x04,0x04,0x04,0x04,0x04,0x08,0x08,0x08,0x08,0x11,0x11,0xc9,0xc9,
  0x94,0x94,0x94,0x94,0xed,0xdb,0xdb,0xdb,0xed,0xdb,0xdb,0xdb,0x55,0xcd,0x55,0x55,
  0xed,0xdb,0xed,0xed,0x90,0xd7,0xed,0xed,0xed,0xdb,0xed,0xdb,0x08,0x08,0x08,0x08,
  0x1d,0xa9,0x01,0xd1,0x08,0x08,0x06,0x06,0x08,0x08,0x08,0x08,0x08,0x08,0x08,0x08,
  0x08,0x08,0x08,0x08,0x08,0x08,0x08,0x08,0x08,0x08,0x08,0x08,0x08,0x08,0x06,0x06,
  0x16,0x16,0xf0,0xf0,0x3a,0x3a,0x44,0x50,0x1a,0x1a,0x1a,0x1a,0x29,0x29,0x12,0x29,
  0x29,0x12,0x52,0x52,0x3a,0x3a,0x3a,0x3a,0xca,0xca,0xca,0xca,0x08,0x08,0x06,0x06,
  0x1d,0xa9,0x01,0xd1,0x08,0x08,0x06,0x06,0x08,0x08,0x08,0x08,0x08,0x08,0x08,0x08,
  0x08,0x08,0x08,0x08,0x08,0x08,0x08,0x08,0x08,0x08,0x08,0x08,0x08,0x08,0x06,0x06,
  0x16,0x16,0xf0,0xf0,0x3a,0x3a,0x44,0x50,0x29,0x29,0x12,0x29,0x29,0x29,0x29,0x1a,
  0x29,0x12,0x52,0x52,0x3a,0x3a,0x3a,0x3a,0xca,0xca,0xca,0xca,0x08,0x08,0x06,0x06,
  0x1d,0xa9,0x01,0xd1,0x08,0x08,0x06,0x06,0x08,0x08,0x08,0x08,0x08,0xc3,0x08,0x08,
  0x08,0x08,0x08,0x08,0x08,0xc3,0x08,0x08,0x08,0x08,0x08,0x08,0x08,0x08,0x3c,0x3c,
  0x16,0x16,0xf0,0xf0,0x3a,0x3a,0x50,0x44,0x52,0x52,0x52,0x52,0x52,0x52,0x52,0x52,
  0x29,0x29,0x52,0x52,0x50,0x50,0x50,0x50,0xca,0xca,0xca,0xca,0x08,0x08,0x06,0xcf,
  0x1d,0xa9,0x01,0xd1,0x08,0x08,0xcf,0x06,0x08,0x08,0x08,0x08,0x08,0xc3,0x08,0x08,
  0x08,0x08,0x08,0x08,0x08,0xc3,0x08,0x08,0x08,0x08,0x08,0x08,0x08,0x08,0x3c,0x3c,
  0xf0,0x16,0xf0,0xf0,0x3a,0x3a,0x50,0x50,0x52,0x52,0x52,0x52,0x52,0x52,0x52,0x52,
  0x29,0x29,0x52,0x52,0x50,0x50,0x50,0x50,0x37,0x37,0xa0,0xa0,0x08,0x08,0x06,0xcf,
  0x1d,0x5e,0xa9,0xa9,0x08,0x08,0x06,0x06,0x38,0x38,0x06,0x06,0x08,0x08,0x08,0x08,
  0x3c,0x3c,0x08,0x08,0x08,0x08,0x08,0x08,0x08,0x08,0x08,0x08,0xe4,0xe4,0xe4,0xe4,
  0x7c,0x7c,0x11,0x11,0x37,0x37,0x37,0x37,0x37,0x37,0x97,0x97,0x97,0x97,0xad,0xad,
  0x37,0x37,0x37,0x37,0x37,0x37,0x12,0x12,0x45,0x45,0x45,0x45,0x08,0x08,0x06,0x06,
  0x1d,0x5e,0xa9,0xa9,0x08,0x08,0x06,0x06,0x38,0x38,0x06,0x06,0x08,0x08,0x08,0x08,
  0x3c,0x3c,0x08,0x08,0x08,0x08,0x08,0x08,0x08,0x08,0x08,0x08,0xe4,0xe4,0xe4,0xe4,
  0x7c,0x7c,0x11,0x11,0x37,0x37,0x37,0x37,0x37,0x37,0x97,0x97,0x97,0x97,0xad,0xad,
  0x37,0x37,0x37,0x37,0x37,0x37,0x12,0x12,0x5c,0x45,0x45,0x45,0x08,0x08,0x06,0x06,
  0x1d,0x5e,0xa9,0xa9,0x08,0x08,0x11,0x06,0x38,0x38,0x06,0x06,0x08,0x08,0x08,0x08,
  0x11,0x11,0x08,0x08,0x08,0x08,0x08,0x08,0x08,0x08,0x08,0x08,0xe4,0xe4,0xe4,0xe4,
  0x7c,0x7c,0x11,0x11,0xca,0xca,0xca,0xca,0x37,0xa0,0x97,0xf6,0x97,0x97,0xad,0xad,
  0x97,0x97,0x97,0x97,0x37,0x37,0x35,0x35,0x35,0x35,0xca,0x35,0x08,0x08,0x06,0xcf,
  0x1d,0x5e,0xa9,0xa9,0x08,0x08,0x11,0x06,0x38,0x38,0x06,0x06,0x08,0x08,0x08,0x08,
  0x08,0x08,0x08,0x08,0x08,0x08,0x08,0x08,0x08,0x08,0x08,0x08,0xe4,0xe4,0xe4,0xe4,
  0x7c,0x7c,0x11,0x11,0xca,0xca,0xca,0xca,0x37,0x37,0x97,0x97,0x97,0x97,0xad,0xad,
  0x97,0x97,0x97,0x97,0x37,0x37,0x12,0x35,0x35,0xca,0xca,0xca,0x08,0x08,0x06,0xcf,
  0x1b,0x1b,0x1b,0x1b,0x08,0x08,0x11,0x06,0x38,0x38,0x06,0x06,0x38,0x38,0x06,0x06,
  0x08,0x08,0x08,0x08,0x08,0x08,0x08,0x08,0x08,0x08,0x08,0x08,0xcc,0xcc,0x11,0x11,
  0x08,0x08,0x20,0x04,0x45,0x45,0x57,0x35,0x21,0x8a,0xd7,0x3d,0x1a,0x1a,0x86,0x86,
  0x1a,0x1a,0x2c,0x2c,0x37,0x37,0xad,0xca,0x45,0x45,0xca,0xca,0x08,0x08,0x06,0xcf,
  0x0a,0x0a,0x0a,0x0a,0x08,0x08,0x11,0x06,0x38,0x38,0x06,0x06,0x38,0x38,0x06,0x06,
  0x08,0x08,0x08,0x08,0x08,0x08,0x08,0x08,0x08,0x08,0x08,0x08,0xcc,0xcc,0x5f,0x5f,
  0x08,0x08,0x20,0x20,0x45,0x45,0x35,0x35,0x21,0x8a,0xd7,0xd7,0x1a,0x1a,0x86,0x86,
  0x1a,0x29,0x2c,0x0b,0x37,0x37,0xad,0xca,0x45,0x45,0xca,0xca,0x08,0x08,0x06,0xcf,
  0x14,0x14,0x14,0x14,0x08,0x08,0x06,0x06,0x38,0x38,0x06,0x06,0x38,0x38,0x06,0x06,
  0x08,0x08,0x08,0x08,0x08,0x08,0x08,0x08,0x08,0x08,0x08,0x08,0x4e,0x4e,0xcc,0x10,
  0x08,0x08,0x20,0x04,0x35,0x45,0x2c,0x35,0x21,0x21,0xd7,0xd7,0x29,0x1a,0x86,0x86,
  0x29,0x1a,0x0b,0x2c,0x37,0x37,0xad,0xad,0x45,0x45,0xca,0x35,0x08,0x08,0x06,0x06,
  0x40,0x40,0x40,0x40,0x08,0x08,0x06,0x06,0x38,0x38,0x06,0x06,0x38,0x38,0x06,0x06,
  0x08,0x08,0x08,0x08,0x08,0x08,0x08,0x08,0x08,0x08,0x08,0x08,0x4e,0x4e,0xcc,0x10,
  0x08,0x08,0x04,0x04,0x45,0x45,0x35,0x35,0x8a,0x8a,0xd7,0xd7,0x29,0x29,0x86,0x86,
  0x29,0x1a,0x0b,0x2c,0x37,0x37,0xca,0xca,0x45,0x5c,0xca,0x35,0x08,0x08,0x06,0x06,
  0x1d,0xa9,0x01,0xd1,0x81,0xb0,0xa7,0x65,0x38,0x38,0x06,0x06,0x38,0x38,0x06,0x06,
  0x08,0x08,0x04,0x04,0xc5,0xc5,0xc5,0xc5,0x08,0x08,0x08,0x08,0xaf,0xaf,0xb3,0xb3,
  0x7c,0xf2,0x7c,0xbc,0x37,0x37,0x35,0x35,0x21,0x8a,0xd7,0x3d,0x3a,0x3a,0x3a,0x3a,
  0x3a,0x3a,0x44,0x50,0x37,0x37,0x37,0x37,0xa0,0xa0,0x37,0x37,0x08,0x08,0x08,0x08,
  0x1d,0xa9,0x01,0xd1,0x81,0xb0,0xa7,0x65,0x38,0x38,0x06,0x06,0x38,0x38,0x06,0x06,
  0x08,0x08,0x04,0x04,0xc5,0xc5,0xc5,0xc5,0x08,0x08,0x08,0x08,0xaf,0xaf,0xbc,0xbc,
  0x7c,0xf2,0x7c,0xbc,0x37,0x37,0x35,0x35,0x21,0x8a,0xd7,0x3d,0x3a,0x3a,0x3a,0x3a,
  0x3a,0x3a,0x50,0x44,0x5c,0x37,0x37,0x37,0x37,0x37,0x37,0x37,0x08,0x08,0x08,0x08,
  0x1d,0xa9,0x01,0xd1,0x81,0xb0,0xa7,0x7e,0x38,0x38,0x06,0x06,0x38,0x38,0x06,0x06,
  0x08,0x08,0x04,0x04,0xb9,0xb9,0xb9,0xe1,0x08,0x08,0x08,0x08,0xaf,0xef,0xbc,0xaf,
  0xf2,0xf2,0xbc,0xf2,0x37,0x37,0x35,0x35,0x21,0x8a,0xd7,0xd7,0x44,0x44,0x50,0x50,
  0x3a,0x3a,0x50,0x44,0x35,0x35,0x35,0x35,0xad,0xad,0xad,0xad,0x08,0x08,0x08,0x08,
  0x1d,0xa9,0x01,0xd1,0xb0,0xb0,0x65,0x7e,0x38,0x38,0x06,0x06,0x38,0x38,0x06,0x06,
  0x08,0x08,0x04,0x04,0xb9,0xb9,0xb9,0xe1,0x08,0x08,0x08,0x08,0xef,0xef,0x3d,0x3d,
  0xf2,0xf2,0xf2,0xf2,0x37,0x37,0x35,0x35,0x21,0x8a,0xd7,0x3d,0x44,0x50,0x50,0x50,
  0x3a,0x3a,0x50,0x44,0x35,0x35,0x35,0x12,0xad,0xad,0xad,0xca,0x08,0x08,0x08,0x08,
  0xc6,0x08,0x5e,0x08,0xe9,0xf1,0x49,0xb8,0x08,0x08,0x08,0x08,0x08,0x08,0x08,0x08,
  0x08,0x08,0x08,0x08,0x08,0x08,0x08,0x08,0x32,0xc8,0x32,0x32,0x08,0x08,0x08,0x08,
  0x16,0x3a,0xf0,0x16,0x5c,0x5c,0x5c,0x5c,0x97,0x97,0x97,0x97,0x97,0x97,0x97,0x97,
  0xaa,0xaa,0x24,0x24,0xa0,0xa0,0xca,0xca,0xa4,0xa4,0xa4,0xa4,0x08,0x08,0x08,0x08,
  0xc6,0x08,0x5e,0x08,0xe9,0xf1,0x49,0xb8,0x08,0x08,0x08,0x08,0x08,0x08,0x08,0x08,
  0x08,0x08,0x08,0x08,0x08,0x08,0x08,0x08,0xc8,0x70,0x70,0x70,0x08,0x08,0x08,0x08,
  0x24,0x3a,0x16,0x16,0x45,0x45,0x45,0x35,0x97,0x97,0x97,0x97,0x97,0x97,0x97,0x97,
  0x8d,0x8d,0x24,0x24,0xa0,0x37,0xca,0xa0,0xa4,0xa4,0xa4,0xa4,0x08,0x08,0x08,0x08,
  0xc6,0x08,0x5e,0x08,0xe9,0xe9,0x49,0x49,0x04,0x20,0x04,0x04,0x04,0x04,0x20,0x04,
  0x04,0x20,0x20,0x04,0x04,0x20,0x20,0x20,0xc0,0xc0,0xc0,0xc0,0x08,0x08,0x08,0x08,
  0x24,0x24,0x16,0xf0,0x35,0x35,0x35,0x35,0xad,0xad,0xad,0xad,0xad,0xad,0xad,0xad,
  0x8d,0x8d,0x24,0x24,0xa0,0xa0,0xca,0xca,0xa0,0xa0,0xa0,0xa0,0x08,0x08,0x08,0x08,
  0xc6,0x08,0x5e,0x08,0xe9,0x88,0x49,0x8e,0x04,0x20,0x04,0x04,0x04,0x04,0x20,0x04,
  0x04,0x20,0x20,0x04,0x04,0x20,0x20,0x20,0xc0,0xc0,0xc0,0xc0,0x08,0x08,0x08,0x08,
  0x16,0x24,0xf0,0xf0,0x12,0x12,0x35,0x12,0xad,0xad,0xad,0xad,0xad,0xad,0xad,0xad,
  0xaa,0xaa,0x24,0x50,0xca,0xa0,0x39,0xca,0xa0,0xca,0xa0,0xa0,0x08,0x08,0x08,0x08,
  0xc9,0x3b,0x3b,0x3c,0x08,0x08,0x08,0x08,0x08,0x08,0x08,0x08,0x08,0x08,0x08,0x08,
  0x19,0x19,0xaa,0xaa,0xf1,0xc8,0xc8,0xf1,0x37,0x37,0xa0,0xa0,0x08,0x08,0x08,0x08,
  0xd0,0x8b,0x8b,0xd0,0x47,0x47,0x75,0x47,0x08,0x08,0x08,0x08,0x08,0x08,0x08,0x08,
  0x4b,0x2a,0x34,0x34,0x1b,0x2f,0x1b,0x5d,0x65,0x65,0x65,0x7e,0x11,0x11,0x08,0x3c,
  0xc3,0x3c,0x3c,0x3c,0x08,0x08,0x08,0x08,0x08,0x08,0x08,0x08,0x08,0x08,0x08,0x08,
  0xd5,0xd2,0x5e,0xaa,0xf1,0xc8,0x48,0xf1,0x5c,0x5c,0x5c,0x5c,0x08,0x08,0x08,0x08,
  0xd0,0x47,0x75,0xd0,0x47,0x75,0x75,0x47,0x08,0x08,0x08,0x08,0x08,0x08,0x08,0x08,
  0x4b,0x2a,0xbf,0xbf,0x1b,0x2f,0x1b,0x5d,0x65,0x7e,0x65,0x7e,0x11,0x11,0x3c,0x3c,
  0x96,0x31,0x31,0x3c,0x04,0x20,0x04,0x20,0x04,0x04,0x04,0x04,0x08,0x08,0x08,0x08,
  0xd5,0x19,0x5e,0xaa,0xcd,0x70,0x70,0xcd,0xca,0xca,0xca,0xca,0x08,0x08,0x08,0x08,
  0x47,0x75,0x75,0x47,0x94,0x94,0x94,0x94,0x08,0x08,0x08,0x08,0x20,0x04,0x04,0x20,
  0x4b,0xbf,0x4b,0x4b,0x14,0x14,0x14,0x14,0x65,0x65,0x65,0x7e,0x08,0x08,0x08,0x08,
  0x11,0x3c,0x3c,0x3c,0x04,0x20,0x04,0x20,0x04,0x04,0x04,0x04,0x08,0x08,0x08,0x08,
  0xd5,0xd5,0x5e,0x5e,0xcd,0x70,0xfa,0xcd,0xf6,0xf6,0xf6,0xf6,0x08,0x08,0x08,0x08,
  0x47,0x47,0x75,0x47,0x94,0x94,0x94,0x94,0x08,0x08,0x08,0x08,0x20,0x04,0x04,0x20,
  0x4b,0xbf,0xbf,0xbf,0x14,0x14,0x14,0x14,0x65,0x7e,0x65,0x7e,0x08,0x08,0x08,0x08,
  0x57,0x18,0x18,0x18,0x2c,0x2c,0xfe,0xfe,0x2c,0x2c,0xfe,0xfe,0x2c,0x2c,0x2c,0x2c,
  0xf9,0xe2,0xd4,0xd4,0x97,0x97,0xad,0xf6,0xbe,0xbe,0xc2,0x38,0x0d,0x85,0xf3,0xf3,
  0xd0,0xd0,0xd0,0xd0,0xf0,0x16,0xf0,0xf0,0xca,0xa0,0x37,0xca,0x5c,0x5c,0x45,0x45,
  0xb4,0xb4,0x19,0x19,0x77,0x77,0x77,0x77,0xfc,0xfc,0xfc,0xfc,0x08,0x08,0x08,0x08,
  0x57,0x18,0x18,0x18,0x2c,0x2c,0xfe,0xfe,0x2c,0x2c,0xfe,0xfe,0x2c,0x2c,0x2c,0x2c,
  0xf9,0xd5,0xd4,0xf9,0x97,0x97,0xad,0xf6,0xbe,0xbe,0xc2,0xc2,0x0d,0x85,0xf3,0xf3,
  0xd0,0xd0,0xd0,0xd0,0xf0,0x16,0xf0,0xf0,0xa0,0x37,0xa0,0xca,0x5c,0x5c,0x45,0x45,
  0xb4,0xa2,0x19,0x27,0x77,0x62,0x77,0x77,0xdc,0xdc,0x89,0x89,0x08,0x08,0x08,0x08,
  0x57,0x18,0x18,0x18,0x2c,0x2c,0xfe,0xfe,0x2c,0x2c,0xfe,0xfe,0xd6,0xd6,0xd6,0xd6,
  0xf9,0xe2,0xd4,0xd4,0x97,0x97,0xad,0xf6,0xbe,0xbe,0xc2,0xc2,0x0d,0x85,0xf3,0xf3,
  0xd0,0xd0,0xd0,0xd0,0x16,0x16,0xf0,0xf0,0xf6,0xf6,0xca,0xf6,0x57,0x57,0x57,0x57,
  0xb4,0xa2,0x19,0x27,0x53,0x2b,0x2b,0x2b,0x6c,0x00,0x03,0x6c,0x08,0x08,0x08,0x08,
  0x57,0x18,0x18,0x18,0x2c,0x2c,0xfe,0xfe,0x2c,0x2c,0xfe,0xfe,0xd6,0xd6,0xd6,0xd6,
  0xf9,0xe2,0xd4,0xd4,0x97,0x97,0xf6,0xf6,0xbe,0xbe,0xc2,0x38,0x85,0x85,0xf3,0x05,
  0xd0,0xd0,0xd0,0xd0,0xf0,0x16,0xf0,0xf0,0xf6,0xca,0xf6,0xf6,0x57,0x57,0x57,0x57,
  0xb4,0xa2,0x19,0x27,0x53,0x77,0x2b,0x2b,0x00,0x6c,0x6c,0x03,0x08,0x08,0x08,0x08,
  0x57,0x18,0x18,0x18,0x2c,0x2c,0x2c,0x2c,0x43,0x2d,0x43,0x43,0x18,0x18,0x17,0x17,
  0x7c,0xcc,0x11,0x11,0x97,0x97,0xf6,0xf6,0x58,0x58,0x58,0x58,0x85,0x85,0xf3,0x05,
  0x58,0x58,0x58,0x58,0x28,0x28,0x28,0x28,0x29,0x1a,0x52,0x52,0x88,0x88,0xaa,0xaa,
  0xa2,0x99,0x19,0x27,0x83,0x83,0x83,0x83,0x08,0x08,0x08,0x08,0x87,0x87,0xea,0xea,
  0x57,0x18,0x18,0x18,0x2c,0x2c,0x2c,0x2c,0x43,0x2d,0x43,0x43,0x63,0x63,0x26,0x26,
  0x7c,0xcc,0x11,0x11,0x29,0x97,0xca,0xf6,0x58,0x58,0x58,0x58,0x85,0x85,0xf3,0xf3,
  0x58,0x58,0x58,0x58,0x28,0x28,0x28,0x28,0x1a,0x1a,0x52,0x52,0x88,0x88,0xaa,0xaa,
  0xa2,0xda,0x19,0xa2,0x83,0x6c,0x6c,0x6c,0x08,0x08,0x08,0x08,0x87,0xea,0xea,0x9f,
  0x57,0x18,0x18,0x18,0xfe,0xfe,0xfe,0xfe,0x61,0x40,0x61,0x61,0x18,0x63,0x17,0x26,
  0x7c,0xcc,0x11,0x11,0x97,0x97,0xf6,0xf6,0x38,0x38,0x38,0x38,0x85,0x85,0xf3,0xf3,
  0x06,0x06,0x06,0x06,0x0c,0x0c,0x0c,0x0c,0x29,0x1a,0x52,0x52,0x88,0x88,0xaa,0xaa,
  0x99,0xda,0x27,0x99,0x83,0x83,0x83,0x83,0x08,0x08,0x08,0x08,0xea,0xea,0x9f,0x9f,
  0x57,0x18,0x18,0x18,0xfe,0xfe,0xfe,0xfe,0x61,0x40,0x61,0x61,0x18,0x63,0x17,0x26,
  0x7c,0xcc,0x11,0x11,0x97,0x97,0xf6,0xf6,0x06,0x38,0x06,0x38,0x85,0x85,0xf3,0xf3,
  0x06,0x06,0x06,0x06,0x0c,0x0c,0x0c,0x0c,0x29,0x1a,0x52,0x52,0x88,0x88,0xaa,0xaa,
  0x99,0xda,0x27,0x99,0x83,0x03,0x6c,0x6c,0x08,0x08,0x08,0x08,0xea,0xea,0x9f,0x9f,
  0x57,0xf7,0xf7,0xf7,0x59,0x59,0x0a,0x0a,0x2c,0x2c,0xfe,0xfe,0x18,0x63,0x17,0x2e,
  0xf9,0xb6,0xd4,0xd4,0x31,0x28,0x28,0x31,0x58,0x58,0x58,0x58,0xbb,0xbb,0x5a,0x5a,
  0x58,0x58,0x58,0x58,0xe2,0xe2,0xd4,0xf9,0x16,0x16,0xf0,0xf0,0x88,0x88,0x24,0x24,
  0x6e,0x98,0xd2,0x2b,0xee,0xc5,0xc5,0xc5,0x62,0x62,0x92,0x62,0x3b,0x3b,0x3b,0x3b,
  0x57,0xf7,0xf7,0xf7,0x59,0x59,0x0a,0x0a,0x2c,0x2c,0xfe,0xfe,0x63,0x63,0x2e,0x2e,
  0xf9,0xb6,0xd4,0xd4,0x28,0x28,0x28,0x28,0x58,0x58,0x58,0x58,0x5a,0x5a,0x5a,0x5a,
  0x58,0x58,0x58,0x58,0xe2,0xe2,0xd4,0xd4,0x16,0x16,0xf0,0xf0,0x88,0x88,0x41,0x24,
  0x6e,0x98,0xd2,0x2b,0x00,0x00,0xee,0xee,0x92,0x92,0xfb,0x92,0x3b,0x3b,0x3b,0x3b,
  0x57,0xf7,0xf7,0xf7,0x59,0x59,0x0a,0x0a,0x2c,0x2c,0xfe,0xfe,0x63,0x63,0x2e,0x2e,
  0xf9,0xb6,0xd4,0xd4,0x0c,0x0c,0x0c,0x0c,0x38,0x38,0x06,0x38,0x4a,0x4a,0x30,0x30,
  0x06,0x06,0x06,0x06,0xe2,0xe2,0xd4,0xd4,0x16,0x16,0xf0,0xf0,0x88,0x88,0x41,0x24,
  0x6e,0x98,0xd2,0x2b,0xee,0xc5,0xc5,0xc5,0xa8,0xa8,0x9e,0xa8,0x9f,0x2a,0x2a,0x9f,
  0x57,0xf7,0xf7,0xf7,0x59,0x59,0x0a,0x0a,0x2c,0x2c,0xfe,0xfe,0x63,0x63,0x2e,0x63,
  0xf9,0xb6,0xd4,0xd4,0x0c,0x0c,0x0c,0x0c,0x06,0x38,0x38,0x06,0x30,0x30,0x30,0x5b,
  0x06,0x06,0x06,0x06,0xe2,0xe2,0xd4,0xd4,0x16,0x16,0xf0,0xf0,0x88,0x88,0x8d,0x54,
  0x6e,0x98,0xd2,0x2b,0x00,0x00,0x00,0xee,0x9e,0x9e,0xfb,0x9e,0x9f,0x9f,0x2a,0x2a,
  0x57,0x18,0xd1,0x18,0x2c,0x2c,0x0b,0x0b,0x59,0x59,0x61,0x61,0x63,0x63,0x2e,0x2e,
  0x58,0x58,0x58,0x58,0x28,0x28,0x28,0x31,0x58,0x58,0x58,0x58,0x85,0x85,0xf3,0xf3,
  0x58,0x58,0x58,0x58,0xb1,0xb1,0xb1,0xb1,0x29,0x29,0x29,0x1a,0x8d,0x8d,0x24,0x24,
  0xb4,0x72,0x60,0xb4,0x02,0x02,0xa8,0xa8,0x00,0x6c,0x6c,0xdc,0x06,0x06,0x06,0x06,
  0x57,0x18,0xd1,0x18,0x2c,0x2c,0x0b,0x0b,0x59,0x59,0x61,0x61,0x18,0x63,0x26,0x2e,
  0xbe,0xbe,0xbe,0xbe,0x28,0x28,0x28,0x28,0x58,0x58,0x58,0x58,0x85,0x85,0xf3,0xf3,
  0x58,0x58,0x58,0x58,0xb1,0xb1,0xb1,0xb1,0x12,0x29,0x1a,0x29,0x3a,0x8d,0x44,0x24,
  0x60,0x72,0x60,0xb4,0xa8,0x02,0xe6,0xa8,0x00,0x00,0x6c,0x6c,0x06,0x06,0x06,0x06,
  0x57,0x18,0xd1,0x18,0x2c,0x2c,0x0b,0x0b,0x59,0x59,0x61,0x61,0x18,0x18,0x26,0x26,
  0x38,0x38,0x38,0x38,0x0c,0x0c,0x0c,0x0c,0x38,0x06,0x38,0x38,0x85,0x85,0xf3,0xf3,
  0x06,0x06,0x06,0x06,0xb1,0xb1,0xb1,0xb1,0x52,0x52,0x52,0x52,0x3a,0x3a,0x44,0x44,
  0x60,0x60,0x4c,0x60,0xe6,0xa8,0xe0,0x6a,0xdc,0x6c,0x89,0xdc,0x5f,0x5f,0x3c,0x5f,
  0x57,0x18,0xd1,0x18,0x0b,0x2c,0xb2,0x0b,0x59,0x59,0x61,0x61,0x18,0x18,0x26,0x26,
  0xc2,0xc2,0xc2,0xc2,0x0c,0x0c,0x0c,0x0c,0x38,0x06,0x06,0x06,0x0d,0x85,0xf3,0xf3,
  0x06,0x06,0x06,0x06,0xb1,0xb1,0xb1,0xb1,0x52,0x52,0x52,0x52,0x3a,0x3a,0x44,0x44,
  0x60,0x60,0x4c,0x60,0xe6,0xe6,0xe0,0xe0,0x89,0x89,0x2a,0x2a,0x5f,0x5f,0x3c,0x5f,
  0x08,0x08,0x08,0x08,0x23,0x33,0x23,0x23,0x08,0x08,0x08,0x08,0x08,0x08,0x08,0x08,
  0x40,0x40,0x23,0x0a,0x08,0x08,0x08,0x08,0x40,0x23,0x23,0x0a,0x08,0x08,0x08,0x08,
  0x08,0x08,0x08,0x08,0x0a,0x33,0x33,0x0a,0x08,0x08,0x08,0x08,0x08,0x08,0x08,0x08,
  0x08,0x08,0x08,0x08,0x0a,0x0a,0x23,0x0a,0x77,0x77,0x62,0x77,0x73,0x73,0x73,0x73,
  0x08,0x08,0x08,0x08,0x23,0x33,0x23,0x23,0x08,0x08,0x08,0x08,0x08,0x08,0x08,0x08,
  0x40,0x23,0x23,0x0a,0x08,0x08,0x08,0x08,0x40,0x23,0x23,0x0a,0x08,0x08,0x08,0x08,
  0x08,0x08,0x08,0x08,0x0a,0x33,0x33,0x0a,0x08,0x08,0x08,0x08,0x08,0x08,0x08,0x08,
  0x08,0x08,0x08,0x08,0x0a,0x0a,0x23,0x0a,0x77,0x77,0x62,0x77,0x73,0x73,0x73,0x73,
  0x08,0x08,0x08,0x08,0x08,0x08,0x08,0x08,0x08,0x08,0x08,0x08,0x08,0x08,0x08,0x08,
  0x08,0x08,0x08,0x08,0x08,0x08,0x08,0x08,0x08,0x08,0x08,0x08,0x06,0x06,0x06,0x06,
  0x06,0x06,0x06,0x06,0x08,0x08,0x08,0x08,0x08,0x08,0x08,0x08,0x08,0x08,0x08,0x08,
  0x08,0x08,0x08,0x08,0x08,0x08,0x08,0x08,0x53,0x53,0x62,0x2b,0x24,0xe7,0xae,0xe7,
  0x08,0x08,0x08,0x08,0x08,0x08,0x08,0x08,0x08,0x08,0x08,0x08,0x08,0x08,0x08,0x08,
  0x08,0x08,0x08,0x08,0x08,0x08,0x08,0x08,0x08,0x08,0x08,0x08,0x06,0x06,0x06,0x06,
  0x06,0x06,0x06,0x06,0x08,0x08,0x08,0x08,0x08,0x08,0x08,0x08,0x08,0x08,0x08,0x08,
  0x08,0x08,0x08,0x08,0x08,0x08,0x08,0x08,0x2b,0x2b,0x62,0x53,0xe7,0xae,0xae,0xe7,
  0x2a,0x2a,0x4b,0x4b,0x06,0x06,0x06,0x3c,0x06,0x06,0x06,0x06,0x06,0x06,0x06,0x3c,
  0x56,0x1c,0xee,0x47,0x56,0x1c,0x1c,0x56,0x05,0x01,0x01,0x05,0x06,0x06,0x06,0x06,
  0x06,0x06,0x06,0x06,0x56,0x1c,0xee,0x47,0x9a,0x9a,0x9a,0x9a,0xc4,0x1c,0xee,0xc4,
  0xc4,0x1c,0xee,0xc4,0xc4,0x1c,0xee,0xc4,0xfc,0xfc,0x34,0x34,0x56,0x1c,0xee,0x56,
  0x6c,0x6c,0x03,0x03,0x06,0x06,0x06,0x3c,0x06,0x06,0x06,0x06,0x06,0x06,0x06,0x3c,
  0x56,0x1c,0xee,0x47,0x56,0x1c,0x1c,0x56,0x05,0x01,0x01,0x05,0x06,0x06,0x06,0x06,
  0x06,0x06,0x06,0x06,0x56,0x1c,0xee,0x47,0x64,0x64,0x7d,0x7d,0xc4,0x1c,0xee,0xc4,
  0xc4,0x1c,0xee,0xc4,0xc4,0x1c,0xee,0xc4,0x6c,0x6c,0xdc,0xdc,0x56,0x1c,0xee,0x56,
  0x00,0x00,0x6c,0x6c,0x08,0x08,0x08,0x08,0x08,0x08,0x08,0x08,0x08,0x08,0x08,0x08,
  0x4d,0x13,0x13,0x8c,0x7b,0xf8,0xf8,0x7b,0x5f,0x5f,0x3c,0x5f,0x5f,0x3c,0x3c,0x5f,
  0x11,0x3c,0x3c,0x5f,0x4d,0x13,0x13,0x8c,0x15,0x15,0x15,0x15,0x69,0x69,0xf4,0x69,
  0x69,0x69,0xf4,0x69,0x69,0x69,0xf4,0x69,0x00,0x00,0x6c,0x6c,0x4d,0x13,0x13,0x4d,
  0x6c,0x6c,0x03,0x03,0x08,0x08,0x08,0x08,0x08,0x08,0x08,0x08,0x08,0x08,0x08,0x08,
  0x4d,0x13,0x13,0x8c,0x7b,0xf8,0xf8,0x7b,0x5f,0x5f,0x3c,0x5f,0x5f,0x3c,0x3c,0x5f,
  0x11,0x3c,0x3c,0x5f,0x4d,0x13,0x13,0x8c,0x64,0x64,0x7d,0x7d,0x69,0x69,0xf4,0x69,
  0x69,0x69,0xf4,0x69,0x69,0x69,0xf4,0x69,0x6c,0x6c,0xdc,0xdc,0x4d,0x13,0x13,0x4d,
  0x08,0x08,0x08,0x08,0x08,0x08,0x08,0x08,0x08,0x08,0x08,0x08,0x06,0x06,0x06,0x06,
  0x06,0x06,0x06,0x06,0x06,0x06,0x06,0x06,0x08,0x08,0x08,0x08,0x08,0x08,0x08,0x08,
  0x84,0x84,0x84,0x84,0x78,0x78,0x07,0x78,0x06,0x06,0x06,0x06,0x08,0x08,0x08,0x08,
  0x08,0x08,0x08,0x08,0x08,0x08,0x08,0x08,0x06,0x06,0x06,0x06,0x51,0x51,0x93,0x93,
  0x08,0x08,0x08,0x08,0x08,0x08,0x08,0x08,0x08,0x08,0x08,0x08,0x06,0x06,0x06,0x06,
  0x06,0x06,0x06,0x06,0x06,0x06,0x06,0x06,0x08,0x08,0x08,0x08,0x08,0x08,0x08,0x08,
  0x84,0x84,0x84,0x84,0x78,0x07,0x07,0x78,0x06,0x06,0x06,0x06,0x08,0x08,0x08,0x08,
  0x08,0x08,0x08,0x08,0x08,0x08,0x08,0x08,0x06,0x06,0x06,0x06,0x51,0x51,0x93,0x93,
  0x08,0x08,0x08,0x08,0x08,0x08,0x08,0x08,0x08,0x08,0x08,0x08,0x06,0x06,0x06,0x06,
  0x06,0x06,0x06,0x06,0x06,0x06,0x06,0x06,0x08,0x08,0x08,0x08,0x08,0x08,0x08,0x08,
  0xab,0xab,0x9d,0xab,0x75,0x56,0x67,0x56,0x06,0x06,0x06,0x06,0x08,0x08,0x08,0x08,
  0x08,0x08,0x08,0x08,0x08,0x08,0x08,0x08,0x3c,0x06,0x06,0x06,0x51,0x51,0x93,0x93,
  0x08,0x08,0x08,0x08,0x08,0x08,0x08,0x08,0x08,0x08,0x08,0x08,0x06,0x06,0x06,0x06,
  0x06,0x06,0x06,0x06,0x06,0x06,0x06,0x06,0x08,0x08,0x08,0x08,0x08,0x08,0x08,0x08,
  0xab,0xe3,0x9d,0xab,0x75,0x67,0x67,0x56,0x06,0x06,0x06,0x06,0x08,0x08,0x08,0x08,
  0x08,0x08,0x08,0x08,0x08,0x08,0x08,0x08,0x3c,0x06,0x06,0x06,0xeb,0xeb,0xcb,0xcb,
  0x95,0x95,0x95,0x95,0x1f,0x1f,0x1f,0x6d,0x1d,0x1d,0x1d,0x1d,0xcb,0xcb,0xcb,0xcb,
  0x46,0x74,0x46,0x46,0x60,0xc1,0xc1,0x60,0xbd,0xbd,0xbd,0xbd,0x47,0x47,0x75,0x75,
  0x08,0x08,0x08,0x08,0x34,0xbf,0xbf,0x34,0x3b,0x3b,0x2a,0x2a,0x2a,0x2a,0x4b,0x4b,
  0x42,0x42,0x42,0x71,0x71,0x71,0x42,0x71,0xbf,0xbf,0x4f,0x4f,0x7a,0x95,0x0e,0x0e,
  0x95,0x95,0x95,0x95,0xe0,0xe0,0xe5,0xe5,0x1d,0x1d,0x1d,0x1d,0xcb,0xcb,0xcb,0xcb,
  0x46,0x74,0x46,0x46,0x60,0x60,0xc1,0x60,0xbd,0xbd,0xbd,0xbd,0x47,0x47,0x75,0x47,
  0x08,0x08,0x08,0x08,0xbf,0xbf,0xbf,0x34,0x3b,0x3b,0x2a,0x9f,0x2a,0x2a,0x4b,0x4b,
  0x42,0x42,0x42,0x71,0x71,0x71,0x42,0x71,0xbf,0xbf,0x4f,0x4f,0x95,0x95,0x0e,0x0e,
  0x48,0x48,0x48,0x48,0x1f,0x1f,0xbd,0xbd,0x0e,0xfd,0x1d,0xfd,0xcc,0x74,0x74,0x4e,
  0xcb,0x46,0x46,0x58,0x4c,0x60,0x60,0x4c,0xbd,0xbd,0x6b,0xbd,0x47,0x47,0x75,0x75,
  0x08,0x08,0x08,0x08,0xf2,0xf2,0x4b,0xf2,0x87,0x87,0x3b,0x3b,0x89,0x89,0xbf,0xbf,
  0x16,0x16,0x71,0x16,0x71,0x71,0x42,0x71,0xfc,0xbf,0xb7,0x4f,0x7a,0x95,0x0e,0x0e,
  0x48,0x48,0x48,0x0e,0xe0,0xe0,0xe5,0xe5,0xfd,0xfd,0x1d,0xfd,0xcc,0x74,0x74,0x4e,
  0xcb,0x46,0x46,0x58,0x4c,0x4c,0x60,0x4c,0x6d,0x6d,0xbd,0x6d,0x47,0x47,0x75,0x47,
  0x08,0x08,0x08,0x08,0xf2,0x4b,0x4b,0xf2,0x3b,0x3b,0xbf,0xbf,0x2a,0x2a,0x4b,0x4b,
  0x16,0x71,0x71,0x16,0x71,0x71,0x42,0x71,0x34,0x34,0x4f,0x4f,0x95,0x95,0x0e,0x0e,
  0x97,0x97,0xef,0xef,0xbe,0xbe,0xbe,0xbe,0x58,0xcf,0x96,0xcf,0xd0,0xd0,0xd3,0xd0,
  0x28,0x28,0x0c,0x0c,0x97,0x97,0x97,0x97,0x28,0x28,0x28,0x28,0x58,0x58,0x96,0x96,
  0x25,0x25,0x25,0x25,0x28,0x28,0x28,0x28,0xaa,0xaa,0x44,0x50,0x5c,0x5c,0x5c,0x5c,
  0xe0,0x1f,0x1f,0xe0,0x31,0x31,0x28,0xc9,0x37,0x37,0x97,0x97,0xa0,0xa0,0xad,0xad,
  0x29,0x97,0xf6,0xef,0xbe,0xbe,0xbe,0xbe,0x58,0x58,0x96,0x96,0xd0,0xd0,0xd0,0xd0,
  0x28,0x28,0x0c,0x0c,0x97,0x97,0x97,0x97,0x28,0x28,0x28,0x28,0x58,0x58,0x96,0x96,
  0x25,0xbb,0x25,0x0f,0x28,0x28,0x28,0x28,0xaa,0x8d,0x50,0x50,0x5c,0x5c,0x5c,0x5c,
  0xe0,0x1f,0xe0,0xe0,0x31,0x31,0x28,0x28,0x37,0x37,0x97,0x97,0x37,0x37,0xad,0xad,
  0x97,0x97,0xef,0xef,0xc2,0xc2,0xc2,0xc2,0x58,0xcf,0x96,0xcf,0xd0,0xd0,0xd0,0xd0,
  0x28,0x28,0x0c,0x0c,0xad,0xad,0xad,0xad,0x0c,0x0c,0x0c,0x0c,0x58,0x58,0x96,0x96,
  0x25,0xbb,0x25,0x0f,0x0c,0x0c,0x0c,0x0c,0xaa,0xaa,0x50,0x50,0x45,0x45,0x45,0x45,
  0x6d,0x6d,0x6d,0x6d,0x31,0x31,0x28,0x28,0x37,0x37,0x97,0x97,0x37,0x37,0xad,0xad,
  0x29,0x97,0xf6,0xef,0xc2,0xc2,0xc2,0xc2,0x58,0x58,0x96,0x96,0xd0,0xd0,0xd0,0xd0,
  0x28,0x28,0x0c,0x0c,0xad,0xad,0xad,0xad,0x0c,0x0c,0x0c,0x0c,0x58,0x58,0x96,0x96,
  0xbb,0xbb,0x0f,0x0f,0x0c,0x0c,0x0c,0x0c,0xaa,0xaa,0x50,0x50,0x45,0x45,0x45,0x45,
  0x6d,0x6d,0x6d,0x6d,0x31,0x31,0x28,0x28,0x37,0xa0,0x97,0xf6,0xa0,0xa0,0xad,0xad,
};
const u16 itembox_tex1_pal[] = {
  0x1c00,0x045c,0x1207,0x3c04,0x03ff,0x10ff,0x7c5f,0x5584,0x7fff,0x7fff,0x4fff,0x48bc,0x5cfa,0x0057,0x1d55,0x13db,
  0x5d93,0x7ebe,0x4476,0x72c8,0x1735,0x1ee0,0x5bf5,0x565f,0x395d,0x5ed2,0x3c53,0x1312,0x4581,0x0031,0x03ff,0x27d2,
  0x07ff,0x3152,0x3381,0x47ff,0x4bb6,0x13fb,0x49ff,0x5ecf,0x5456,0x4074,0x50ac,0x428f,0x3c7c,0x4bfc,0x3dff,0x028e,
  0x1ffc,0x4c33,0x0047,0x3fff,0x596e,0x3495,0x2487,0x3092,0x747e,0x3575,0x43d4,0x442c,0x7d9f,0x3df6,0x7fff,0x7fff,
  0x57ff,0x53fc,0x57ac,0x4ffc,0x4ffb,0x2c75,0x7430,0x7bf3,0x0d91,0x3afb,0x1bdb,0x6150,0x7753,0x76e8,0x79b6,0x55ed,
  0x4fd9,0x7006,0x4cba,0x42d1,0x2ece,0x25b6,0x6a88,0x2479,0x7077,0x4bfc,0x1ffb,0x23fd,0x2451,0x0acf,0x6bbd,0x7e5e,
  0x72ef,0x5bff,0x2649,0x355d,0x2f62,0x7fe1,0x72c8,0x49c2,0x4bfc,0x5e84,0x2b2f,0x0f8f,0x2c21,0x2bf6,0x3a6d,0x7b74,
  0x1633,0x5bce,0x666a,0x0f28,0x6c4e,0x7fef,0x3ba6,0x2e4b,0x5585,0x72c8,0x086e,0x72e8,0x7a57,0x2f64,0x7fe0,0x7fe0,
  0x68ee,0x57e3,0x57e3,0x4884,0x7986,0x0079,0x4119,0x342a,0x3ad4,0x4448,0x3152,0x7feb,0x76e9,0x3f32,0x5fff,0x2095,
  0x1d72,0x288b,0x26a9,0x7808,0x03f1,0x0cd0,0x691a,0x3cf3,0x3a0a,0x4e4d,0x4beb,0x7fff,0x7fff,0x6905,0x26aa,0x48ad,
  0x2cf4,0x3afb,0x568d,0x5c9a,0x20f1,0x5a06,0x76e9,0x7fea,0x1a48,0x1d7e,0x5376,0x79ac,0x10cd,0x4117,0x0b25,0x5e16,
  0x4be0,0x6ff7,0x551c,0x6f5c,0x5ece,0x00ab,0x7f17,0x41ca,0x00ca,0x1ceb,0x1ceb,0x13d8,0x6297,0x1bd1,0x6056,0x590d,
  0x0a32,0x76ad,0x6c3b,0x7f3e,0x5666,0x24c7,0x570f,0x3e4b,0x056d,0x54d3,0x3515,0x78b1,0x7617,0x2a57,0x764a,0x791c,
  0x7ff7,0x253e,0x4ab0,0x7ffd,0x7fbd,0x6756,0x499f,0x2d94,0x49c2,0x77f7,0x41e9,0x2956,0x3824,0x77dc,0x1708,0x5585,
  0x37b2,0x210c,0x7356,0x7168,0x00d8,0x3bf5,0x22aa,0x2bed,0x2bed,0x3271,0x344c,0x7cac,0x2bed,0x2115,0x2080,0x5196,
  0x5ff7,0x2212,0x6a36,0x08de,0x5642,0x55e3,0x4557,0x24bf,0x6aa6,0x7b98,0x2215,0x2aca,0x44c8,0x0cb7,0x3cdf,0x3cdf,
};
const u16 itembox_m0_vtx[] = {
  0xfbec,0x0e70,0x0829,0xfff9,0x0ab0,0x0890,0xfff9,0x0e77,0x0829,0xfff9,0x0746,0x0829,0x0405,0x074d,0x0829,0xfbec,
  0x074d,0x0829,0x0405,0x0e70,0x0829,0x0531,0x0f0c,0x07c2,0xfff9,0x0f18,0x07c2,0xfff9,0x05b0,0x072d,0x065b,0x05c0,
  0x072d,0x0531,0x06b5,0x07c2,0xfff9,0x06af,0x07c2,0xf996,0x05c0,0x072d,0xfac1,0x06b5,0x07c2,0xfff9,0x1012,0x072d,
  0xf996,0x1002,0x072d,0xfac1,0x0f0c,0x07c2,0x065b,0x1002,0x072d,
};
const u16 itembox_m0_uv[] = {
  0x0993,0x0eb9,0x0c03,0x0bf8,0x0c03,0x0ebe,0x0c03,0x0976,0x0e72,0x097b,0x0993,0x097b,0x0e72,0x0eb9,0x0f23,0x0f29,
  0x0c03,0x0f25,0x0c08,0x081c,0x0ff5,0x081e,0x0f24,0x090e,0x0c03,0x0912,0x0810,0x081e,0x08e2,0x090d,0x0c03,0x0fec,
  0x0810,0x0fdb,0x08e1,0x0f29,0x0ff5,0x0fdb,
};
const u16 itembox_m0_col[] = {
  0x7fff,0x7fff,0x7fff,0x7fff,0x7fff,0x7fff,0x7fff,0x7fff,0x7fff,0x7fff,0x7fff,0x7fff,0x7fff,0x7fff,0x7fff,0x7fff,
  0x7fff,0x7fff,0x7fff,
};
const u16 itembox_m0_idx[] = {
  0x0000,0x0001,0x0002,0x0000,0x0005,0x0001,0x0011,0x0005,0x0000,0x0011,0x000e,0x0005,0x0010,0x000e,0x0011,0x000f,
  0x0010,0x0011,0x000f,0x0011,0x0008,0x0012,0x000f,0x0008,0x0012,0x0008,0x0007,0x000a,0x0012,0x0007,0x000a,0x0007,
  0x000b,0x0009,0x000a,0x000b,0x0009,0x000b,0x000c,0x000d,0x0009,0x000c,0x000d,0x000c,0x000e,0x0010,0x000d,0x000e,
  0x000e,0x000c,0x0003,0x000e,0x0003,0x0005,0x0005,0x0003,0x0001,0x0003,0x0004,0x0001,0x000c,0x0004,0x0003,0x000c,
  0x000b,0x0004,0x000b,0x0006,0x0004,0x000b,0x0007,0x0006,0x0007,0x0002,0x0006,0x0007,0x0008,0x0002,0x0008,0x0000,
  0x0002,0x0008,0x0011,0x0000,0x0004,0x0006,0x0001,0x0006,0x0002,0x0001,
};
const u16 itembox_m1_vtx[] = {
  0xfb13,0xffce,0xfaf8,0xf90c,0xffce,0xffdd,0xf90c,0x0105,0xffdd,0xfb13,0x0105,0xfaf8,0xfff9,0xffce,0x06ca,0x04de,
  0xffce,0x04c3,0x04de,0x0105,0x04c3,0xfff9,0x0105,0x06ca,0xfb13,0xffce,0x04c3,0xfb13,0x0105,0x04c3,0xfff9,0xffce,
  0xf8f0,0xfff9,0x0105,0xf8f0,0x06e6,0xffce,0xffdd,0x06e6,0x0105,0xffdd,0x04de,0xffce,0xfaf8,0x04de,0x0105,0xfaf8,
  0xf90c,0xffce,0xffdd,0xf90c,0x0105,0xffdd,0xfff9,0x01b6,0xfaf6,0x0370,0x01b6,0xfc66,0xfc81,0x01b6,0xfc66,0x04e0,
  0x01b6,0xffdd,0xfb11,0x01b6,0xffdd,0xfc81,0x01b6,0x0355,0x0370,0x01b6,0x0355,0xfff9,0x01b6,0x04c5,0x04e0,0x01b6,
  0xffdd,0x0370,0x01b6,0xfc66,0x0370,0x0346,0xfc66,0x04e0,0x0346,0xffdd,0xfb11,0x01b6,0xffdd,0xfc81,0x01b6,0x0355,
  0xfc81,0x0346,0x0355,0xfb11,0x0346,0xffdd,0xfff9,0x01b6,0xfaf6,0xfff9,0x0346,0xfaf6,0x0370,0x01b6,0x0355,0x0370,
  0x0346,0x0355,0xfc81,0x01b6,0xfc66,0xfc81,0x0346,0xfc66,0xfff9,0x01b6,0x04c5,0xfff9,0x0346,0x04c5,0xfb11,0x01b6,
  0xffdd,0xfb11,0x0346,0xffdd,0x0360,0x00d5,0xffdd,0x0261,0x00d5,0xfd75,0x0261,0x0202,0xfd75,0x0360,0x0202,0xffdd,
  0xfc92,0x00d5,0xffdd,0xfd91,0x00d5,0x0245,0xfd91,0x0202,0x0245,0xfc92,0x0202,0xffdd,0xfff9,0x00d5,0xfc76,0xfff9,
  0x0202,0xfc76,0x0261,0x00d5,0x0245,0x0261,0x0202,0x0245,0xfd91,0x00d5,0xfd75,0xfd91,0x0202,0xfd75,0xfff9,0x00d5,
  0x0344,0xfff9,0x0202,0x0344,0xfc92,0x00d5,0xffdd,0xfc92,0x0202,0xffdd,0x04de,0x0105,0xfaf8,0x04de,0x0105,0x04c3,
  0x06e6,0x0105,0xffdd,0xfff9,0x0105,0x06ca,0xfff9,0x0105,0xf8f0,0xfb13,0x0105,0x04c3,0xfb13,0x0105,0xfaf8,0xf90c,
  0x0105,0xffdd,0x05ea,0x0450,0x0780,0x05ea,0x04eb,0x0780,0x0529,0x04eb,0x0780,0xff9b,0x04c1,0x0780,0xff9b,0x043d,
  0x0780,0x01d2,0x043d,0x0780,0x02fd,0x043d,0x0780,0x02fd,0x04c1,0x0780,0x024d,0x04c1,0x0780,0x01d2,0x04c1,0x0780,
  0xff1a,0x043d,0x0780,0xff1a,0x04c1,0x0780,0xfe76,0x04c1,0x0780,0xfe76,0x043d,0x0780,0x0529,0x0450,0x0780,0x024d,
  0x043d,0x0780,0x0008,0x0fe3,0x074b,0x0008,0x1156,0x02b7,0x0885,0x1156,0x02b7,0x06a0,0x0fe3,0x074b,0x06a0,0x0fe3,
  0x074b,0x0885,0x1156,0x02b7,0x0885,0x03ab,0x02b7,0x06a0,0x054e,0x074b,0x0885,0x03ab,0x02b7,0x0008,0x03ab,0x02b7,
  0x0008,0x054e,0x074b,0x06a0,0x054e,0x074b,0x0008,0x03ab,0x02b7,0x0885,0x03ab,0x02b7,0x0885,0x1156,0x02b7,0x0008,
  0x1156,0x02b7,0x0008,0x054e,0x074b,0x0008,0x036e,0x074b,0x07bd,0x036e,0x074b,0x06a0,0x054e,0x074b,0x0008,0x11c3,
  0x074b,0x0008,0x0fe3,0x074b,0x06a0,0x0fe3,0x074b,0x07b5,0x11c3,0x074b,0x0996,0x1161,0xfa2a,0x0877,0x12c3,0xfa2a,
  0x07b5,0x11c3,0x074b,0x08e5,0x1081,0x074b,0xfff9,0x02c0,0xfa2a,0xfff9,0x12c3,0xfa2a,0x0877,0x12c3,0xfa2a,0x0893,
  0x02c0,0xfa2a,0x08e5,0x1081,0x074b,0x08e5,0x047d,0x074b,0x0008,0x036e,0x074b,0xfff9,0x02c0,0xfa2a,0x0893,0x02c0,
  0xfa2a,0x07bd,0x036e,0x074b,0xf87a,0x036e,0x074b,0xf72b,0x0480,0x074b,0xf65c,0x03b6,0xfa2a,0xf7ab,0x02c0,0xfa2a,
  0xf87a,0x036e,0x074b,0xf7ab,0x02c0,0xfa2a,0xf87a,0x036e,0x074b,0xf96f,0x054e,0x074b,0xf72b,0x0480,0x074b,0xf65c,
  0x1159,0xfa2a,0xf7a5,0x12c3,0xfa2a,0xf7ab,0x02c0,0xfa2a,0xf65c,0x03b6,0xfa2a,0xf72b,0x107a,0x074b,0xf871,0x11c3,
  0x074b,0xf7a5,0x12c3,0xfa2a,0xf65c,0x1159,0xfa2a,0xf72b,0x107a,0x074b,0xf96f,0x0fe3,0x074b,0xf871,0x11c3,0x074b,
  0xf78b,0x1156,0x02b7,0xf78b,0x03ab,0x02b7,0xf96f,0x054e,0x074b,0xf78b,0x03ab,0x02b7,0xf96f,0x054e,0x074b,0xf78b,
  0x03ab,0x02b7,0xf78b,0x1156,0x02b7,0xf96f,0x0fe3,0x074b,0xf96f,0x0fe3,0x074b,0xf78b,0x1156,0x02b7,0x0996,0x03cf,
  0xfa2a,0x08e5,0x047d,0x074b,0x0008,0x11c3,0x074b,0xfff9,0x12c3,0xfa2a,0x07bd,0x036e,0x074b,0x0893,0x02c0,0xfa2a,
  0x0996,0x1161,0xfa2a,0x0996,0x03cf,0xfa2a,
};
const u16 itembox_m1_uv[] = {
  0x0de1,0x0023,0x0fdb,0x0023,0x0fdb,0x0106,0x0de1,0x0106,0x0404,0x0023,0x05fd,0x0023,0x05fd,0x0106,0x0404,0x0106,
  0x020b,0x0023,0x020b,0x0106,0x0be8,0x0023,0x0be8,0x0106,0x07f6,0x0023,0x07f6,0x0106,0x09ef,0x0023,0x09ef,0x0106,
  0x0012,0x0023,0x0012,0x0106,0x0e9f,0x06ea,0x0ef5,0x07b9,0x0ef5,0x061a,0x0fc5,0x080f,0x0fc5,0x05c4,0x0ef5,0x061a,
  0x0ef5,0x07b9,0x0e9f,0x06ea,0x0807,0x03ee,0x09fc,0x03ee,0x09fc,0x046a,0x0807,0x046a,0x0030,0x03ee,0x0225,0x03ee,
  0x0225,0x046a,0x0030,0x046a,0x0bf2,0x03ee,0x0bf2,0x046a,0x0611,0x03ee,0x0611,0x046a,0x0de8,0x03ee,0x0de8,0x046a,
  0x041b,0x03ee,0x041b,0x046a,0x0fdd,0x03ee,0x0fdd,0x046a,0x0803,0x0273,0x09fc,0x0273,0x09fc,0x02ea,0x0803,0x02ea,
  0x001e,0x0273,0x0217,0x0273,0x0217,0x02ea,0x001e,0x02ea,0x0bf5,0x0273,0x0bf5,0x02ea,0x0609,0x0273,0x0609,0x02ea,
  0x0dee,0x0273,0x0dee,0x02ea,0x0410,0x0273,0x0410,0x02ea,0x0fe7,0x0273,0x0fe7,0x02ea,0x0ece,0x0620,0x0ece,0x0822,
  0x0e63,0x0721,0x0fcf,0x088d,0x0fcf,0x05b6,0x0ece,0x0822,0x0ece,0x0620,0x0e63,0x0721,0x0480,0x0e16,0x0480,0x0d71,
  0x03d4,0x0d71,0x04b6,0x0d71,0x04b6,0x0e18,0x0561,0x0e18,0x0561,0x0e18,0x0561,0x0d71,0x04b6,0x0d71,0x0561,0x0d71,
  0x0561,0x0e18,0x0561,0x0d71,0x04b6,0x0d71,0x04b6,0x0e18,0x03d4,0x0e16,0x04b6,0x0e18,0x0538,0x0c51,0x053a,0x0c20,
  0x04bc,0x0c20,0x0480,0x0c51,0x0480,0x0c51,0x04bc,0x0c20,0x04bc,0x0b51,0x0480,0x0b21,0x04bc,0x0b51,0x053a,0x0b51,
  0x0538,0x0b21,0x0480,0x0b21,0x053a,0x0b51,0x04bc,0x0b51,0x04bc,0x0c20,0x053a,0x0c20,0x0468,0x0a97,0x0468,0x09c7,
  0x0071,0x09c7,0x0162,0x0a97,0x0468,0x0fca,0x0468,0x0ef9,0x0162,0x0ef9,0x00bb,0x0fca,0x0406,0x0935,0x03c0,0x0935,
  0x03b3,0x04c0,0x0406,0x04c0,0x0bdc,0x09e0,0x0bdc,0x0fac,0x08a5,0x0fac,0x089a,0x09e0,0x0058,0x0fca,0x0058,0x09c7,
  0x0fd4,0x0637,0x0fd4,0x07db,0x0eb6,0x07db,0x0eb3,0x0637,0x0ba8,0x04c0,0x0afe,0x04c0,0x0b1c,0x0935,0x0ba8,0x0935,
  0x0e90,0x0637,0x0e90,0x07db,0x0058,0x09c7,0x0162,0x0a97,0x0058,0x0a42,0x0f80,0x0f2f,0x0f03,0x0fac,0x0f01,0x09e0,
  0x0f80,0x0a3d,0x0406,0x04c0,0x03c6,0x04c0,0x03ca,0x0935,0x0406,0x0935,0x0058,0x0fca,0x0162,0x0ef9,0x00ab,0x0fca,
  0x05b7,0x0c20,0x05b7,0x0b51,0x05f0,0x0b21,0x05b7,0x0b51,0x05f0,0x0b21,0x05b7,0x0b51,0x05b7,0x0c20,0x05f0,0x0c51,
  0x05f0,0x0c51,0x05b7,0x0c20,0x0ba8,0x0935,0x0ba8,0x04c0,0x009d,0x04c0,0x009d,0x0935,0x0c07,0x04c0,0x0c0f,0x0934,
  0x0838,0x0f32,0x0838,0x0a46,
};
const u16 itembox_m1_col[] = {
  0x5ef7,0x56b5,0x56b5,0x39ce,0x5ef7,0x5ef7,0x39ce,0x39ce,0x56b5,0x39ce,0x5ef7,0x39ce,0x5ef7,0x5ef7,0x5ef7,0x39ce,
  0x56b5,0x56b5,0x39ce,0x39ce,0x39ce,0x39ce,0x39ce,0x39ce,0x39ce,0x39ce,0x39ce,0x39ce,0x39ce,0x39ce,0x39ce,0x39ce,
  0x39ce,0x39ce,0x39ce,0x39ce,0x39ce,0x39ce,0x39ce,0x39ce,0x39ce,0x39ce,0x39ce,0x39ce,0x39ce,0x39ce,0x39ce,0x39ce,
  0x39ce,0x39ce,0x39ce,0x39ce,0x39ce,0x39ce,0x39ce,0x39ce,0x39ce,0x39ce,0x39ce,0x39ce,0x39ce,0x39ce,0x39ce,0x39ce,
  0x5ef7,0x39ce,0x39ce,0x39ce,0x39ce,0x56b5,0x7fff,0x7fff,0x7fff,0x7fff,0x7fff,0x7fff,0x7fff,0x7fff,0x7fff,0x7fff,
  0x7fff,0x7fff,0x7fff,0x7fff,0x7fff,0x7fff,0x5ef7,0x4631,0x4631,0x5ef7,0x5ef7,0x4631,0x4631,0x5ef7,0x4631,0x4631,
  0x5ef7,0x5ef7,0x4631,0x4631,0x4631,0x4631,0x5ef7,0x4631,0x4631,0x5ef7,0x7fff,0x5ef7,0x5ef7,0x7fff,0x7fff,0x7fff,
  0x7fff,0x7fff,0x4631,0x7fff,0x7fff,0x4631,0x7fff,0x4631,0x4631,0x4631,0x4631,0x4631,0x4631,0x4a52,0x4631,0x4631,
  0x4631,0x4631,0x4631,0x5ef7,0x4a52,0x7fff,0x7fff,0x4631,0x4631,0x7fff,0x7fff,0x7fff,0x7fff,0x7fff,0x5ef7,0x7fff,
  0x4631,0x4631,0x5ef7,0x4631,0x5ef7,0x4631,0x4631,0x5ef7,0x5ef7,0x4631,0x4631,0x4631,0x7fff,0x7fff,0x4631,0x4631,
  0x7fff,0x4631,
};
const u16 itembox_m1_idx[] = {
  0x0000,0x0001,0x0002,0x0000,0x0002,0x0003,0x000a,0x0000,0x0003,0x000a,0x0003,0x000b,0x000e,0x000a,0x000b,0x000e,
  0x000b,0x000f,0x000c,0x000e,0x000f,0x000c,0x000f,0x000d,0x0005,0x000c,0x000d,0x0005,0x000d,0x0006,0x0004,0x0005,
  0x0006,0x0004,0x0006,0x0007,0x0008,0x0004,0x0007,0x0008,0x0007,0x0009,0x0010,0x0008,0x0009,0x0010,0x0009,0x0011,
  0x0012,0x0013,0x0014,0x0013,0x0016,0x0014,0x0013,0x0015,0x0016,0x0017,0x0016,0x0015,0x0017,0x0015,0x0018,0x0019,
  0x0017,0x0018,0x001a,0x001b,0x001c,0x001a,0x001c,0x001d,0x0024,0x001a,0x001d,0x0024,0x001d,0x0025,0x0028,0x0024,
  0x0025,0x0028,0x0025,0x0029,0x001f,0x0028,0x0029,0x001f,0x0029,0x0020,0x001e,0x001f,0x0020,0x001e,0x0020,0x0021,
  0x001b,0x0022,0x0023,0x001b,0x0023,0x001c,0x0022,0x0027,0x0023,0x0022,0x0026,0x0027,0x0026,0x002b,0x0027,0x0026,
  0x002a,0x002b,0x002c,0x002d,0x002e,0x002c,0x002e,0x002f,0x0036,0x002c,0x002f,0x0036,0x002f,0x0037,0x003a,0x0036,
  0x0037,0x003a,0x0037,0x003b,0x0031,0x003a,0x003b,0x0031,0x003b,0x0032,0x0030,0x0031,0x0032,0x0030,0x0032,0x0033,
  0x002d,0x0034,0x0035,0x002d,0x0035,0x002e,0x0034,0x0039,0x0035,0x0034,0x0038,0x0039,0x0038,0x003d,0x0039,0x0038,
  0x003c,0x003d,0x003e,0x003f,0x0040,0x0041,0x003f,0x003e,0x0041,0x003e,0x0042,0x0043,0x0041,0x0042,0x0043,0x0042,
  0x0044,0x0045,0x0043,0x0044,0x0046,0x0047,0x0048,0x0048,0x0054,0x0046,0x0049,0x004a,0x004b,0x004b,0x004f,0x0049,
  0x004c,0x004d,0x004e,0x004e,0x0055,0x004c,0x0050,0x0051,0x0052,0x0052,0x0053,0x0050,0x0056,0x0057,0x0058,0x0056,
  0x0058,0x0059,0x0098,0x0057,0x0056,0x0098,0x0099,0x0057,0x005a,0x005b,0x005c,0x005a,0x005c,0x005d,0x005e,0x005f,
  0x0060,0x005e,0x0060,0x0061,0x0092,0x0060,0x005f,0x0092,0x005f,0x0093,0x0062,0x0063,0x0064,0x0062,0x0064,0x0065,
  0x0065,0x0091,0x0062,0x0065,0x0090,0x0091,0x0066,0x0067,0x0068,0x0066,0x0068,0x0069,0x0077,0x0069,0x0068,0x0076,
  0x0069,0x0077,0x0076,0x006c,0x0069,0x0076,0x006d,0x006c,0x006a,0x006c,0x006d,0x006a,0x006b,0x006c,0x006b,0x006a,
  0x008f,0x006b,0x008f,0x008e,0x008d,0x008e,0x008f,0x008e,0x008d,0x0084,0x008e,0x0084,0x0083,0x0082,0x0083,0x0084,
  0x0083,0x0082,0x0067,0x0083,0x0067,0x0066,0x006e,0x006f,0x0070,0x006e,0x0070,0x0071,0x009a,0x006e,0x0071,0x009a,
  0x0071,0x009b,0x009a,0x009b,0x009e,0x009a,0x009e,0x009f,0x0072,0x0073,0x0074,0x0072,0x0074,0x0075,0x00a0,0x0075,
  0x0074,0x00a0,0x00a1,0x0075,0x0078,0x0079,0x007a,0x0078,0x007a,0x007b,0x0080,0x0079,0x0078,0x0080,0x0081,0x0079,
  0x007c,0x007d,0x007e,0x007c,0x007e,0x007f,0x0089,0x008c,0x007e,0x0089,0x008b,0x008c,0x0089,0x008a,0x008b,0x009c,
  0x008b,0x008a,0x009c,0x009d,0x008b,0x009d,0x009c,0x0070,0x009d,0x0070,0x006f,0x0085,0x0086,0x0087,0x0085,0x0087,
  0x0088,0x0073,0x0072,0x0087,0x0073,0x0087,0x0086,0x0094,0x0095,0x0096,0x0094,0x0096,0x0097,0x0089,0x007e,0x007d,
};
const u16 itembox_m2_vtx[] = {
  0xfb99,0x0a77,0x080a,0xfff9,0x066d,0x0873,0xfff9,0x0a7f,0x080a,0xfff9,0x02bf,0x080a,0x0458,0x02c7,0x080a,0xfb99,
  0x02c7,0x080a,0x0458,0x0a77,0x080a,0x059c,0x0b1f,0x07a1,0xfff9,0x0b2c,0x07a1,0xfff9,0x010a,0x0708,0x06de,0x011b,
  0x0708,0x059c,0x0223,0x07a1,0xfff9,0x021d,0x07a1,0xf913,0x011b,0x0708,0xfa56,0x0223,0x07a1,0xfff9,0x0c39,0x0708,
  0xf913,0x0c28,0x0708,0xfa56,0x0b1f,0x07a1,0x06de,0x0c28,0x0708,
};
const u16 itembox_m2_uv[] = {
  0x098d,0x0b75,0x0bf4,0x08be,0x0bf4,0x0b7a,0x0bf4,0x0645,0x0e5a,0x064a,0x098d,0x064a,0x0e5a,0x0b75,0x0f09,0x0be4,
  0x0bf4,0x0bdf,0x0bf9,0x04f0,0x0fd7,0x04f2,0x0f09,0x05df,0x0bf4,0x05e3,0x0810,0x04f2,0x08de,0x05de,0x0bf4,0x0ca4,
  0x0810,0x0c93,0x08de,0x0be3,0x0fd7,0x0c93,
};
const u16 itembox_m2_col[] = {
  0x7fff,0x7fff,0x7fff,0x7fff,0x7fff,0x7fff,0x7fff,0x7fff,0x7fff,0x7fff,0x7fff,0x7fff,0x7fff,0x7fff,0x7fff,0x7fff,
  0x7fff,0x7fff,0x7fff,
};
const u16 itembox_m2_idx[] = {
  0x0000,0x0001,0x0002,0x0000,0x0005,0x0001,0x0011,0x0005,0x0000,0x0011,0x000e,0x0005,0x0010,0x000e,0x0011,0x000f,
  0x0010,0x0011,0x000f,0x0011,0x0008,0x0012,0x000f,0x0008,0x0012,0x0008,0x0007,0x000a,0x0012,0x0007,0x000a,0x0007,
  0x000b,0x0009,0x000a,0x000b,0x0009,0x000b,0x000c,0x000d,0x0009,0x000c,0x000d,0x000c,0x000e,0x0010,0x000d,0x000e,
  0x000e,0x000c,0x0003,0x000e,0x0003,0x0005,0x0005,0x0003,0x0001,0x0003,0x0004,0x0001,0x000c,0x0004,0x0003,0x000c,
  0x000b,0x0004,0x000b,0x0006,0x0004,0x000b,0x0007,0x0006,0x0007,0x0002,0x0006,0x0007,0x0008,0x0002,0x0008,0x0000,
  0x0002,0x0008,0x0011,0x0000,0x0004,0x0006,0x0001,0x0006,0x0002,0x0001,
};
const u16 itembox_m3_vtx[] = {
  0x05ea,0xffec,0x0780,0x05ea,0x0086,0x0780,0x0529,0x0086,0x0780,0xff9b,0x005c,0x0780,0xff9b,0xffd8,0x0780,0x01d2,
  0xffd8,0x0780,0x02fd,0xffd8,0x0780,0x02fd,0x005c,0x0780,0x024d,0x005c,0x0780,0x01d2,0x005c,0x0780,0xff1a,0xffd8,
  0x0780,0xff1a,0x005c,0x0780,0xfe76,0x005c,0x0780,0xfe76,0xffd8,0x0780,0x0529,0xffec,0x0780,0x024d,0xffd8,0x0780,
  0x0008,0x0bce,0x074b,0x0008,0x0d31,0x02b7,0x0885,0x0d31,0x02b7,0x06a0,0x0bce,0x074b,0x06a0,0x0bce,0x074b,0x0885,
  0x0d31,0x02b7,0x0885,0xff86,0x02b7,0x06a0,0x00e9,0x074b,0x0885,0xff86,0x02b7,0x0008,0xff86,0x02b7,0x0008,0x00e9,
  0x074b,0x06a0,0x00e9,0x074b,0x0008,0xff86,0x02b7,0x0885,0xff86,0x02b7,0x0885,0x0d31,0x02b7,0x0008,0x0d31,0x02b7,
  0x0008,0x00e9,0x074b,0x0008,0xff09,0x074b,0x07bd,0xff09,0x074b,0x06a0,0x00e9,0x074b,0x0008,0x0dae,0x074b,0x0008,
  0x0bce,0x074b,0x06a0,0x0bce,0x074b,0x07b5,0x0dae,0x074b,0x0996,0x0d3c,0xfa2a,0x0877,0x0e7e,0xfa2a,0x07b5,0x0dae,
  0x074b,0x08e5,0x0c6d,0x074b,0xfff9,0xfe9b,0xfa2a,0xfff9,0x0e7e,0xfa2a,0x0877,0x0e7e,0xfa2a,0x0893,0xfe9b,0xfa2a,
  0x08e5,0x0c6d,0x074b,0x08e5,0x0018,0x074b,0x0008,0xff09,0x074b,0xfff9,0xfe9b,0xfa2a,0x0893,0xfe9b,0xfa2a,0x07bd,
  0xff09,0x074b,0xf87a,0xff09,0x074b,0xf72b,0x001b,0x074b,0xf65c,0xff92,0xfa2a,0xf7ab,0xfe9b,0xfa2a,0xf87a,0xff09,
  0x074b,0xf7ab,0xfe9b,0xfa2a,0xf87a,0xff09,0x074b,0xf96f,0x00e9,0x074b,0xf72b,0x001b,0x074b,0xf65c,0x0d35,0xfa2a,
  0xf7a5,0x0e7e,0xfa2a,0xf7ab,0xfe9b,0xfa2a,0xf65c,0xff92,0xfa2a,0xf72b,0x0c65,0x074b,0xf871,0x0dae,0x074b,0xf7a5,
  0x0e7e,0xfa2a,0xf65c,0x0d35,0xfa2a,0xf72b,0x0c65,0x074b,0xf96f,0x0bce,0x074b,0xf871,0x0dae,0x074b,0xf78b,0x0d31,
  0x02b7,0xf78b,0xff86,0x02b7,0xf96f,0x00e9,0x074b,0xf78b,0xff86,0x02b7,0xf96f,0x00e9,0x074b,0xf78b,0xff86,0x02b7,
  0xf78b,0x0d31,0x02b7,0xf96f,0x0bce,0x074b,0xf96f,0x0bce,0x074b,0xf78b,0x0d31,0x02b7,0x0996,0xffaa,0xfa2a,0x08e5,
  0x0018,0x074b,0x0008,0x0dae,0x074b,0xfff9,0x0e7e,0xfa2a,0x07bd,0xff09,0x074b,0x0893,0xfe9b,0xfa2a,0x0996,0x0d3c,
  0xfa2a,0x0996,0xffaa,0xfa2a,
};
const u16 itembox_m3_uv[] = {
  0x0480,0x0e16,0x0480,0x0d71,0x03d4,0x0d71,0x04b6,0x0d71,0x04b6,0x0e18,0x0561,0x0e18,0x0561,0x0e18,0x0561,0x0d71,
  0x04b6,0x0d71,0x0561,0x0d71,0x0561,0x0e18,0x0561,0x0d71,0x04b6,0x0d71,0x04b6,0x0e18,0x03d4,0x0e16,0x04b6,0x0e18,
  0x0538,0x0c51,0x053a,0x0c20,0x04bc,0x0c20,0x0480,0x0c51,0x0480,0x0c51,0x04bc,0x0c20,0x04bc,0x0b51,0x0480,0x0b21,
  0x04bc,0x0b51,0x053a,0x0b51,0x0538,0x0b21,0x0480,0x0b21,0x053a,0x0b51,0x04bc,0x0b51,0x04bc,0x0c20,0x053a,0x0c20,
  0x0468,0x0a97,0x0468,0x09c7,0x0095,0x09c7,0x0162,0x0a97,0x0468,0x0fca,0x0468,0x0ef9,0x0162,0x0ef9,0x00bb,0x0fca,
  0x0406,0x0935,0x03c0,0x0935,0x03b3,0x04c0,0x0406,0x04c0,0x0bdc,0x09e0,0x0bdc,0x0fac,0x08a5,0x0fac,0x089a,0x09e0,
  0x0058,0x0fca,0x0058,0x09c7,0x0fd4,0x0637,0x0fd4,0x07db,0x0eb6,0x07db,0x0eb3,0x0637,0x0ba8,0x04c0,0x0afe,0x04c0,
  0x0b1c,0x0935,0x0ba8,0x0935,0x0e90,0x0637,0x0e90,0x07db,0x0058,0x09c7,0x0162,0x0a97,0x0058,0x0a42,0x0f80,0x0f2f,
  0x0f03,0x0fac,0x0f01,0x09e0,0x0f80,0x0a3d,0x0406,0x04c0,0x03c6,0x04c0,0x03ca,0x0935,0x0406,0x0935,0x0058,0x0fca,
  0x0162,0x0ef9,0x00ab,0x0fca,0x05b7,0x0c20,0x05b7,0x0b51,0x05f0,0x0b21,0x05b7,0x0b51,0x05f0,0x0b21,0x05b7,0x0b51,
  0x05b7,0x0c20,0x05f0,0x0c51,0x05f0,0x0c51,0x05b7,0x0c20,0x0ba8,0x0935,0x0ba8,0x04c0,0x009d,0x04c0,0x009d,0x0935,
  0x0c07,0x04c0,0x0c0f,0x0934,0x0838,0x0f32,0x0838,0x0a46,
};
const u16 itembox_m3_col[] = {
  0x7fff,0x7fff,0x7fff,0x7fff,0x7fff,0x7fff,0x7fff,0x7fff,0x7fff,0x7fff,0x7fff,0x7fff,0x7fff,0x7fff,0x7fff,0x7fff,
  0x5ef7,0x4631,0x4631,0x5ef7,0x5ef7,0x4631,0x4631,0x5ef7,0x4631,0x4631,0x5ef7,0x5ef7,0x4631,0x4631,0x4631,0x4631,
  0x5ef7,0x4631,0x4631,0x5ef7,0x7fff,0x5ef7,0x5ef7,0x7fff,0x7fff,0x7fff,0x7fff,0x7fff,0x4631,0x7fff,0x7fff,0x4631,
  0x7fff,0x4631,0x4631,0x4631,0x4631,0x4631,0x4631,0x4a52,0x4631,0x4631,0x4631,0x4631,0x4631,0x5ef7,0x4a52,0x7fff,
  0x7fff,0x4631,0x4631,0x7fff,0x7fff,0x7fff,0x7fff,0x7fff,0x5ef7,0x7fff,0x4631,0x4631,0x5ef7,0x4631,0x5ef7,0x4631,
  0x4631,0x5ef7,0x5ef7,0x4631,0x4631,0x4631,0x7fff,0x7fff,0x4631,0x4631,0x7fff,0x4631,
};
const u16 itembox_m3_idx[] = {
  0x0000,0x0001,0x0002,0x0002,0x000e,0x0000,0x0003,0x0004,0x0005,0x0005,0x0009,0x0003,0x0006,0x0007,0x0008,0x0008,
  0x000f,0x0006,0x000a,0x000b,0x000c,0x000c,0x000d,0x000a,0x0010,0x0011,0x0012,0x0010,0x0012,0x0013,0x0052,0x0011,
  0x0010,0x0052,0x0053,0x0011,0x0014,0x0015,0x0016,0x0014,0x0016,0x0017,0x0018,0x0019,0x001a,0x0018,0x001a,0x001b,
  0x004c,0x001a,0x0019,0x004c,0x0019,0x004d,0x001c,0x001d,0x001e,0x001c,0x001e,0x001f,0x001f,0x004b,0x001c,0x001f,
  0x004a,0x004b,0x0020,0x0021,0x0022,0x0020,0x0022,0x0023,0x0031,0x0023,0x0022,0x0030,0x0023,0x0031,0x0030,0x0026,
  0x0023,0x0030,0x0027,0x0026,0x0024,0x0026,0x0027,0x0024,0x0025,0x0026,0x0025,0x0024,0x0049,0x0025,0x0049,0x0048,
  0x0047,0x0048,0x0049,0x0048,0x0047,0x003e,0x0048,0x003e,0x003d,0x003c,0x003d,0x003e,0x003d,0x003c,0x0021,0x003d,
  0x0021,0x0020,0x0028,0x0029,0x002a,0x0028,0x002a,0x002b,0x0054,0x0028,0x002b,0x0054,0x002b,0x0055,0x0054,0x0055,
  0x0058,0x0054,0x0058,0x0059,0x002c,0x002d,0x002e,0x002c,0x002e,0x002f,0x005a,0x002f,0x002e,0x005a,0x005b,0x002f,
  0x0032,0x0033,0x0034,0x0032,0x0034,0x0035,0x003a,0x0033,0x0032,0x003a,0x003b,0x0033,0x0036,0x0037,0x0038,0x0036,
  0x0038,0x0039,0x0043,0x0046,0x0038,0x0043,0x0045,0x0046,0x0043,0x0044,0x0045,0x0056,0x0045,0x0044,0x0056,0x0057,
  0x0045,0x0057,0x0056,0x002a,0x0057,0x002a,0x0029,0x003f,0x0040,0x0041,0x003f,0x0041,0x0042,0x002d,0x002c,0x0041,
  0x002d,0x0041,0x0040,0x004e,0x004f,0x0050,0x004e,0x0050,0x0051,0x0043,0x0038,0x0037,
};
const u16 itembox_m4_vtx[] = {
  0xfa73,0x058d,0x0000,0xfa73,0xfa73,0x0000,0x058d,0xfa73,0x0000,0x058d,0x058d,0x0000,
};
const u16 itembox_m4_uv[] = {
  0x000d,0x0ff3,0x000d,0x0c0d,0x03f3,0x0c0d,0x03f3,0x0ff3,
};
const u16 itembox_m4_col[] = {
  0x7fff,0x7fff,0x7fff,0x7fff,
};
const u16 itembox_m4_idx[] = {
  0x0000,0x0001,0x0002,0x0000,0x0002,0x0003,
};
const u16 itembox_m5_vtx[] = {
  0x0374,0x009a,0x0a62,0x01b0,0xffd4,0x0b5d,0x0487,0x000d,0x0be1,0x0790,0xffe0,0x0bcf,0x058c,0x00e9,0x08ff,0x05ec,
  0x0016,0x0bba,0xf9bb,0xffde,0x0a3e,0xf9c0,0xffde,0x0a41,0xf9be,0xffdf,0x0a3d,0xff13,0xffa0,0x0ae3,0xff94,0x00d3,
  0x0899,0xf746,0xffce,0x08f1,0xf8f4,0x0070,0x0869,0xfaa1,0x0111,0x07e1,0xfb68,0x007f,0x09b6,0xf976,0x0210,0x06d7,
  0xfe25,0x0288,0x06a5,0xfe29,0x03f1,0x0750,0x01b5,0x0180,0x07f1,0x0415,0x01aa,0x06f3,0xfad5,0x048a,0x073c,0xf968,
  0x03ba,0x06d7,0xff01,0x0465,0x0759,0xfee9,0x0373,0x0718,0x02b0,0x03df,0x0715,0x01c1,0x04b3,0x0757,0xff1a,0x0560,
  0x076b,0xfed1,0x0282,0x06b8,0x02f6,0x02f8,0x06b5,0xfc2f,0xffee,0x0b8b,
};
const u16 itembox_m5_uv[] = {
  0x0f14,0x01e5,0x0e53,0x01e5,0x0f14,0x0120,0x0fa8,0x0081,0x0f9e,0x01ff,0x0f7b,0x00e5,0x0df6,0x03a8,0x0df3,0x03a5,
  0x0df6,0x03a5,0x0da2,0x029a,0x0e49,0x0357,0x0fb5,0x0571,0x0fb5,0x03a5,0x0fb5,0x01d8,0x0df6,0x01dc,0x0840,0x0041,
  0x0bb1,0x0035,0x0c7f,0x0150,0x0f14,0x0326,0x0f9e,0x02e9,0x0953,0x01e3,0x0846,0x0151,0x0ba4,0x02ef,0x0b6c,0x01eb,
  0x0f74,0x01e7,0x0e93,0x02ed,0x0bda,0x03f5,0x0b33,0x00e0,0x0f9f,0x00dc,0x0c37,0x01e0,
};
const u16 itembox_m5_col[] = {
  0x5ef7,0x5ef7,0x5ef7,0x5ef7,0x5ef7,0x5ef7,0x5ef7,0x5ef7,0x5ef7,0x5ef7,0x5ef7,0x5ef7,0x5ef7,0x5ef7,0x5ef7,0x5ad6,
  0x5ef7,0x5ef7,0x5ef7,0x5ef7,0x5ef7,0x5ef7,0x5ef7,0x5ef7,0x5ef7,0x5ef7,0x5ef7,0x5ef7,0x5ef7,0x5ef7,
};
const u16 itembox_m5_idx[] = {
  0x0000,0x0001,0x0002,0x0012,0x0001,0x0000,0x0012,0x000a,0x0001,0x0009,0x0001,0x000a,0x0003,0x0004,0x0005,0x0000,
  0x0005,0x0004,0x0012,0x0000,0x0004,0x0012,0x0004,0x0013,0x0006,0x0007,0x0008,0x000b,0x0006,0x0008,0x000b,0x0008,
  0x000c,0x000d,0x000c,0x0008,0x000d,0x0008,0x000e,0x001d,0x000e,0x0008,0x001d,0x0008,0x0007,0x000f,0x0010,0x0011,
  0x0011,0x0014,0x000f,0x000f,0x0014,0x0015,0x0000,0x0002,0x0005,0x0016,0x0017,0x0018,0x0016,0x0018,0x0019,0x0016,
  0x0019,0x001a,0x0017,0x001b,0x001c,0x0017,0x001c,0x0018,
};
const u16 itembox_m6_vtx[] = {
  0xfc22,0x052f,0xfa34,0xf7b9,0x0269,0xf9eb,0xf97c,0x07d2,0xfa80,0xf72e,0x0782,0xfa7e,0xf886,0x01c2,0xf9d8,0xffba,
  0x027a,0xf9d6,0xff19,0x0866,0xfa7e,0x04a9,0x05d6,0xfa26,0x0712,0x0336,0xf9d3,0x0799,0x03da,0xf9e2,0x0724,0x0292,
  0x0030,0x0712,0x0336,0xf9d3,0x0799,0x03da,0xf9e2,0x07a7,0x035d,0xfebd,0xf886,0x01c2,0xf9d8,0xf8ac,0x0070,0x06f2,
  0xf7df,0x0117,0x0705,0xf7b9,0x0269,0xf9eb,0xf8ac,0x0070,0x06f2,0xf875,0x00e2,0x06fe,0xf7df,0x0117,0x0705,0xfc74,
  0x0063,0x08a9,0xfc94,0x0051,0x081e,0xfbf4,0x00ab,0x080e,0x0240,0xfffa,0x08ed,0x0270,0x002c,0x07f3,0x00fd,0x0061,
  0x0895,0x0270,0x002c,0x07f3,0x0133,0x0002,0x085c,0x00fd,0x0061,0x0895,0x0240,0xfffa,0x08ed,0x00fd,0x0061,0x0895,
  0x0133,0x0002,0x085c,0xfc2d,0xfff3,0x0947,0xfb03,0xfffd,0x0887,0xfc64,0xfff7,0x087c,0xfc2d,0xfff3,0x0947,0xfc64,
  0xfff7,0x087c,0xfc94,0x0051,0x081e,0xfc74,0x0063,0x08a9,0xfc64,0xfff7,0x087c,0xfb03,0xfffd,0x0887,0xfbf4,0x00ab,
  0x080e,0xfc94,0x0051,0x081e,0xfc2d,0xfff3,0x0947,0xfc74,0x0063,0x08a9,0xfbf4,0x00ab,0x080e,0xfb03,0xfffd,0x0887,
  0xf566,0xfffe,0x0b9d,0xf807,0x0272,0x081f,0xf747,0x029d,0x078c,0xf54c,0x011d,0x0a31,0xf813,0xfffe,0x0824,0xf807,
  0x0272,0x081f,0xf566,0xfffe,0x0b9d,0x0240,0xfffa,0x08ed,0x0133,0x0002,0x085c,0x0270,0x002c,0x07f3,0xf813,0xfffe,
  0x0824,0xf566,0xfffe,0x0b9d,0xf4fa,0xfffe,0x05c1,0x0715,0x08a3,0xfa6d,0x0c2c,0xffd9,0x09fc,0x087c,0x01f6,0x02eb,
  0x0aef,0x01e4,0x09b2,0xf9cf,0x023d,0x071d,0xf99d,0x035c,0xfb52,0xf966,0x05f4,0x04e1,0xf99d,0x03ce,0x0754,0xf813,
  0xfffe,0x0824,0xf74e,0x0126,0x078e,0xf747,0x029d,0x078c,0xf807,0x0272,0x081f,0x0365,0x00c6,0x035a,0x04c1,0x00c0,
  0xffe6,0x0484,0x02e0,0x000e,0x0328,0x024f,0x0382,0xf4fa,0xfffe,0x05c1,0xf585,0x011b,0x062e,0x0347,0x00df,0xfc73,
  0x030a,0x0300,0xfc9c,0x0706,0x01e6,0x08b4,0x087c,0x01f6,0x02eb,0x0705,0x0484,0x08bd,0xf4fa,0xfffe,0x05c1,0xf566,
  0xfffe,0x0b9d,0xf54c,0x011d,0x0a31,0xf585,0x011b,0x062e,0xf74e,0x0126,0x078e,0xf585,0x011b,0x062e,0xf54c,0x011d,
  0x0a31,0xffd4,0x0112,0xfb07,0xfc6d,0x0066,0xfc76,0xfc30,0x01ef,0xfc9e,0xff97,0x029c,0xfb2f,0xfb11,0xfff3,0xffe9,
  0xfc8b,0xfff3,0x035c,0xfc4e,0x013f,0x0384,0xfad3,0x015f,0x0012,0xfffe,0x0019,0x04c8,0xffc1,0x01a3,0x04f1,0xf74e,
  0x0126,0x078e,0xf54c,0x011d,0x0a31,0xf747,0x029d,0x078c,0xfb11,0xfff3,0xffe9,0xfad3,0x015f,0x0012,0x0706,0x01e6,
  0x08b4,0x0aef,0x01e4,0x09b2,0x087c,0x01f6,0x02eb,0x01ca,0x0286,0x0739,0x01d6,0x0210,0x072d,0x0273,0x0220,0x072d,
  0xff19,0x0866,0xfa7e,0xfc22,0x052f,0xfa34,0xff30,0x078b,0xfbbb,0xfe5a,0x022e,0x073a,0xfe66,0x01b8,0x072e,0xfef9,
  0x01c7,0x072e,0x04de,0x0136,0xfaf8,0x04de,0x0136,0x04c3,0x06e6,0x0136,0xffdd,0xfff9,0x0136,0x06ca,0xfff9,0x0136,
  0xf8f0,0xfb13,0x0136,0x04c3,0xfb13,0x0136,0xfaf8,0xf90c,0x0136,0xffdd,0xfeee,0x023d,0x073a,0x0168,0x0205,0x072d,
  0x015c,0x027b,0x0739,0xff61,0x0248,0x073a,0x06e6,0xffff,0xffdd,0x04de,0xffff,0xfaf8,0x04de,0x0136,0xfaf8,0x06e6,
  0x0136,0xffdd,0x0267,0x0295,0x0739,0xf90c,0xffff,0xffdd,0xfb13,0xffff,0x04c3,0xfb13,0x0136,0x04c3,0xf90c,0x0136,
  0xffdd,0xf9cf,0x023d,0x071d,0xffb5,0x02d4,0x071b,0xff94,0x03f5,0xfb50,0xf99d,0x035c,0xfb52,0xff6c,0x01d2,0x072e,
  0x0706,0x01e6,0x08b4,0x0564,0xffdc,0x0843,0x0c2c,0xffd9,0x09fc,0x0aef,0x01e4,0x09b2,0xf9cf,0x023d,0x071d,0xffe0,
  0x0129,0x06f0,0xffb5,0x02d4,0x071b,0xfd22,0x05b9,0xfb93,0xfc22,0x052f,0xfa34,0xfaa5,0x0845,0xfbdb,0x0705,0x0484,
  0x08bd,0x0563,0x042f,0x0852,0xfff9,0xffff,0xf8f0,0xfff9,0x0136,0xf8f0,0x0715,0x08a3,0xfa6d,0xf96e,0x0546,0xfe20,
  0xf99d,0x03ce,0x0754,0xf784,0x0449,0x0767,0x04a9,0x05d6,0xfa26,0xff30,0x078b,0xfbbb,0x0468,0x056d,0xfb70,0xffe0,
  0x0129,0x06f0,0xffba,0x027a,0xf9d6,0x0712,0x0336,0xf9d3,0x0724,0x0292,0x0030,0x0381,0x0185,0x06ee,0xf784,0x0449,
  0x0767,0xf776,0x04bb,0xffe3,0xf926,0x07a6,0xfbd0,0xfaa5,0x0845,0xfbdb,0xf97c,0x07d2,0xfa80,0xf72e,0x0782,0xfa7e,
  0x075a,0xfffc,0x00a0,0x0563,0x042f,0x0852,0x087c,0x01f6,0x02eb,0x0381,0x0185,0x06ee,0x0724,0x0292,0x0030,0x0301,
  0x0328,0x071a,0x068c,0x033a,0x0907,0x0606,0x033a,0x08e2,0x060e,0x0290,0x08c1,0xf72e,0x0782,0xfa7e,0xf728,0x07c5,
  0xfd27,0xf924,0x07e9,0xfcfc,0xf926,0x07a6,0xfbd0,0xfff9,0xffff,0x06ca,0x04de,0xffff,0x04c3,0x04de,0x0136,0x04c3,
  0xfff9,0x0136,0x06ca,0x0715,0x08a3,0xfa6d,0x0594,0x03fc,0x0134,0x07a7,0x035d,0xfebd,0xfb13,0xffff,0xfaf8,0xf90c,
  0xffff,0xffdd,0xf90c,0x0136,0xffdd,0xfb13,0x0136,0xfaf8,0x0694,0x0290,0x08e6,0xf966,0x05f4,0x04e1,0xf784,0x0449,
  0x0767,0xf99d,0x03ce,0x0754,0xf99d,0x035c,0xfb52,0xfd22,0x05b9,0xfb93,0xfaa5,0x0845,0xfbdb,0xf926,0x07a6,0xfbd0,
  0x058c,0x048e,0xfb4e,0x0301,0x0328,0x071a,0x0594,0x03fc,0x0134,0xf966,0x05f4,0x04e1,0xf96e,0x0546,0xfe20,0xf776,
  0x04bb,0xffe3,0xf784,0x0449,0x0767,0xff94,0x03f5,0xfb50,0x058c,0x048e,0xfb4e,0x0468,0x056d,0xfb70,0xff30,0x078b,
  0xfbbb,0x0381,0x0185,0x06ee,0x0301,0x0328,0x071a,0x058c,0x048e,0xfb4e,0x0594,0x03fc,0x0134,0x0512,0x08fb,0xfbd0,
  0xf776,0x04bb,0xffe3,0xf96e,0x0546,0xfe20,0xf924,0x07e9,0xfcfc,0xf728,0x07c5,0xfd27,0x0715,0x08a3,0xfa6d,0x04a9,
  0x05d6,0xfa26,0x0512,0x08fb,0xfbd0,0x0564,0xffdc,0x0843,0x0563,0x042f,0x0852,0x075a,0xfffc,0x00a0,0xf728,0x07c5,
  0xfd27,0xf72e,0x0782,0xfa7e,0x07a7,0x035d,0xfebd,0x0594,0x03fc,0x0134,0x0512,0x08fb,0xfbd0,0x0468,0x056d,0xfb70,
  0xff19,0x0866,0xfa7e,0xfd22,0x05b9,0xfb93,0xf97c,0x07d2,0xfa80,0x0512,0x08fb,0xfbd0,0xf926,0x07a6,0xfbd0,0xf924,
  0x07e9,0xfcfc,0x0705,0x0484,0x08bd,0x087c,0x01f6,0x02eb,0x0563,0x042f,0x0852,0x075a,0xfffc,0x00a0,
};
const u16 itembox_m6_uv[] = {
  0x0d6a,0x0bec,0x0fa4,0x0a16,0x0e89,0x0d49,0x0fa4,0x0d3f,0x0f4b,0x09be,0x0bdd,0x09be,0x0bdd,0x0d4c,0x0960,0x0bb7,
  0x085e,0x09be,0x0817,0x0a05,0x0ca0,0x04be,0x0c9f,0x06cb,0x0bfc,0x066e,0x0bf1,0x04dc,0x0ca0,0x0935,0x0ca0,0x04c0,
  0x0bf1,0x04dc,0x0bf1,0x0952,0x00b7,0x09c7,0x00a1,0x0a00,0x0058,0x0a1c,0x07a0,0x06a4,0x098f,0x0695,0x0938,0x090d,
  0x0480,0x0b21,0x049e,0x0b39,0x04d1,0x0b21,0x0080,0x0560,0x0390,0x0746,0x0344,0x07e3,0x0058,0x09c7,0x02b8,0x0a97,
  0x028c,0x09c7,0x0058,0x09c7,0x02b8,0x0a97,0x028c,0x09c7,0x0c4f,0x04c0,0x0e2d,0x04c0,0x0cec,0x0688,0x0c4f,0x0697,
  0x0390,0x0746,0x0344,0x07e3,0x0128,0x05f9,0x0182,0x0600,0x0480,0x0b21,0x0495,0x0b31,0x04aa,0x0b33,0x04d1,0x0b21,
  0x0848,0x0dc7,0x0f17,0x0deb,0x0f32,0x0f33,0x0a44,0x0f39,0x0c4f,0x04c0,0x0e2d,0x04c0,0x0c4f,0x0768,0x0c4f,0x04c0,
  0x0e2d,0x04c0,0x0c4f,0x0768,0x0c4f,0x04c0,0x0c4f,0x0768,0x07bf,0x04c0,0x04f2,0x04cb,0x0480,0x0560,0x0899,0x0681,
  0x04e4,0x0687,0x05f0,0x0b21,0x05b7,0x0b51,0x05f0,0x0bad,0x05f0,0x0b83,0x0058,0x09c7,0x0162,0x0a97,0x02b8,0x0a97,
  0x028c,0x09c7,0x0611,0x03ee,0x0807,0x03ee,0x080f,0x0462,0x0611,0x046a,0x0058,0x0cf9,0x0162,0x0d29,0x09fc,0x03ee,
  0x09fc,0x046a,0x0480,0x0b21,0x049e,0x0b39,0x04d1,0x0b21,0x0940,0x0bc5,0x0e32,0x0bd2,0x0cff,0x0cbc,0x099f,0x0cc8,
  0x0480,0x0b21,0x0480,0x0bd3,0x049e,0x0b39,0x0bf2,0x03ee,0x0de8,0x03ee,0x0de8,0x046a,0x0bf2,0x046a,0x0030,0x03ee,
  0x0225,0x03ee,0x0225,0x046a,0x0030,0x046a,0x041b,0x03ee,0x041b,0x046a,0x0480,0x0b21,0x049e,0x0b39,0x04d1,0x0b21,
  0x0fdd,0x03ee,0x0fdd,0x046a,0x0480,0x0b21,0x0480,0x0bd3,0x049e,0x0b39,0x04b6,0x0d71,0x04b6,0x0e18,0x0561,0x0e18,
  0x088f,0x0854,0x0a56,0x0841,0x089b,0x08f6,0x04b6,0x0d71,0x04b6,0x0e18,0x0561,0x0e18,0x0ece,0x0620,0x0ece,0x0822,
  0x0e63,0x0721,0x0fcf,0x088d,0x0fcf,0x05b6,0x0ece,0x0822,0x0ece,0x0620,0x0e63,0x0721,0x0561,0x0d71,0x0561,0x0e18,
  0x0561,0x0d71,0x04b6,0x0d71,0x07f6,0x0023,0x09ef,0x0023,0x09ef,0x0106,0x07f6,0x0106,0x0561,0x0d71,0x0012,0x0023,
  0x020b,0x0023,0x020b,0x0106,0x0012,0x0106,0x05f0,0x0b21,0x0538,0x0b21,0x053a,0x0b51,0x05b7,0x0b51,0x04b6,0x0e18,
  0x0162,0x0a97,0x0058,0x09c7,0x0058,0x0cf9,0x0162,0x0d29,0x0162,0x0a97,0x0468,0x09c7,0x0468,0x0a97,0x09cb,0x08ec,
  0x0a56,0x0841,0x0ab8,0x08fc,0x02b8,0x0a97,0x028c,0x09c7,0x0be8,0x0023,0x0be8,0x0106,0x0817,0x0d08,0x05d9,0x0b5e,
  0x0162,0x0c01,0x0058,0x0c4e,0x062e,0x0842,0x089b,0x08f6,0x0658,0x08e7,0x0fc1,0x04c0,0x0fc1,0x0935,0x0c90,0x0935,
  0x0f12,0x0a1d,0x0e2d,0x04c0,0x08d0,0x04dc,0x0a21,0x05e1,0x0b82,0x08f8,0x0ab8,0x08fc,0x0b54,0x0852,0x0c79,0x0850,
  0x04c3,0x06e9,0x09f2,0x06de,0x064a,0x07f6,0x0848,0x0e45,0x0b56,0x0e29,0x08d4,0x0f43,0x03d4,0x0d71,0x03d4,0x0e16,
  0x0480,0x0e16,0x0829,0x0d1a,0x096b,0x0d12,0x0958,0x0e1d,0x08d1,0x0e20,0x0404,0x0023,0x05fd,0x0023,0x05fd,0x0106,
  0x0404,0x0106,0x0f27,0x0e9a,0x0b5f,0x0f48,0x0bfc,0x0e31,0x0de1,0x0023,0x0fdb,0x0023,0x0fdb,0x0106,0x0de1,0x0106,
  0x0480,0x0d71,0x0d94,0x0e20,0x0f16,0x0d15,0x0f2d,0x0e2b,0x05b7,0x0b51,0x0568,0x0b9c,0x0596,0x0bd6,0x05b7,0x0bcc,
  0x04bc,0x0b51,0x04d1,0x0b21,0x049e,0x0b39,0x0d94,0x0e20,0x0a64,0x0e31,0x0b52,0x0d23,0x0f16,0x0d15,0x053a,0x0b51,
  0x04bc,0x0b51,0x04d2,0x0b81,0x053a,0x0be4,0x028c,0x09c7,0x02b8,0x0a97,0x04bc,0x0b51,0x049e,0x0b39,0x04bc,0x0bca,
  0x0b52,0x0d23,0x0a64,0x0e31,0x0958,0x0e1d,0x096b,0x0d12,0x04ae,0x0854,0x062e,0x0842,0x059d,0x08fe,0x0c4f,0x04c0,
  0x0e2d,0x04c0,0x0c4f,0x0768,0x07bb,0x07b9,0x078f,0x0952,0x0bfc,0x0e31,0x0b5f,0x0f48,0x0eb5,0x0f3f,0x0658,0x08e7,
  0x088f,0x0854,0x09cb,0x08ec,0x0b54,0x0852,0x04bc,0x0bca,0x05b7,0x0bcc,0x05c6,0x0bb7,0x0a0d,0x07d8,0x064a,0x07f6,
  0x09f2,0x06de,0x09ea,0x0588,
};
const u16 itembox_m6_col[] = {
  0x5ef7,0x5ef7,0x4e73,0x5ef7,0x4e73,0x1084,0x5ef7,0x5ef7,0x5ef7,0x5ef7,0x56b5,0x5ef7,0x5ef7,0x739c,0x5ef7,0x77bd,
  0x739c,0x5ef7,0x77bd,0x77bd,0x739c,0x1084,0x1084,0x1084,0x1ce7,0x3def,0x14a5,0x3def,0x14a5,0x14a5,0x1ce7,0x14a5,
  0x1084,0x1084,0x4210,0x1084,0x1084,0x1084,0x1084,0x1084,0x1084,0x4210,0x4a52,0x3def,0x6f7b,0x6f7b,0x6f7b,0x6f7b,
  0x6f7b,0x77bd,0x739c,0x6f7b,0x6f7b,0x77bd,0x6f7b,0x1ce7,0x1084,0x4e73,0x5ef7,0x5ef7,0x5ef7,0x6b5a,0x6f7b,0x6f7b,
  0x6f7b,0x2108,0x1084,0x5294,0x2108,0x6318,0x6f7b,0x5ad6,0x77bd,0x5ef7,0x5ef7,0x5ef7,0x5ef7,0x5ef7,0x5ef7,0x14a5,
  0x3def,0x1084,0x1084,0x3def,0x6f7b,0x6f7b,0x6f7b,0x6f7b,0x5ef7,0x5ef7,0x56b5,0x2108,0x39ce,0x1084,0x14a5,0x5ef7,
  0x5ef7,0x5ef7,0x5ef7,0x5ef7,0x5ef7,0x5ef7,0x56b5,0x5ef7,0x5ef7,0x5ef7,0x1084,0x5294,0x1084,0x77bd,0x77bd,0x77bd,
  0x6f7b,0x6f7b,0x4e73,0x77bd,0x77bd,0x77bd,0x39ce,0x56b5,0x6b5a,0x5ef7,0x1084,0x5ef7,0x5ef7,0x5ef7,0x77bd,0x77bd,
  0x739c,0x6318,0x294a,0x2d6b,0x1084,0x4631,0x77bd,0x2d6b,0x3def,0x39ce,0x1084,0x35ad,0x4e73,0x1084,0x1084,0x5ef7,
  0x6f7b,0x6f7b,0x6f7b,0x6f7b,0x77bd,0x77bd,0x6b5a,0x6f7b,0x6f7b,0x6f7b,0x6f7b,0x6f7b,0x39ce,0x1084,0x5ef7,0x4e73,
  0x6f7b,0x739c,0x6f7b,0x4e73,0x4e73,0x77bd,0x2529,0x5ef7,0x56b5,0x77bd,0x5ef7,0x739c,0x739c,0x6f7b,0x4e73,0x6f7b,
  0x6f7b,0x6f7b,0x6f7b,0x77bd,0x6b5a,0x56b5,0x6f7b,0x6f7b,0x6f7b,0x6f7b,0x56b5,0x6b5a,0x739c,0x1084,0x5ef7,0x5ef7,
  0x1084,0x6b5a,0x5ad6,0x6f7b,0x18c6,0x2d6b,0x1084,0x56b5,0x6f7b,0x77bd,0x739c,0x6f7b,0x1084,0x4e73,0x4e73,0x4e73,
  0x14a5,0x56b5,0x4e73,0x77bd,0x6f7b,0x77bd,0x6f7b,0x1084,0x1084,0x4e73,0x4e73,0x77bd,0x56b5,0x14a5,0x2108,0x4e73,
  0x77bd,0x4e73,0x6b5a,0x56b5,0x6f7b,0x6f7b,0x4e73,0x5ef7,0x5ef7,0x5ef7,0x5ef7,0x5ef7,0x6f7b,0x5ad6,0x4e73,0x6f7b,
  0x6f7b,0x4e73,0x4e73,0x4a52,0x6b5a,0x6b5a,0x1084,0x1084,0x5ef7,0x6f7b,
};
const u16 itembox_m6_idx[] = {
  0x0000,0x0001,0x0002,0x0001,0x0000,0x0004,0x0004,0x0000,0x0005,0x0005,0x0000,0x0006,0x0006,0x0007,0x0005,0x0008,
  0x0005,0x0007,0x0008,0x0007,0x0009,0x0009,0x0007,0x009e,0x0003,0x0002,0x0001,0x000a,0x000b,0x000c,0x000a,0x000c,
  0x000d,0x000c,0x003d,0x000d,0x000e,0x000f,0x0010,0x000e,0x0010,0x0011,0x0010,0x00ab,0x0011,0x0010,0x00aa,0x00ab,
  0x00ea,0x0011,0x00ab,0x00ea,0x00eb,0x0011,0x0012,0x0013,0x0014,0x0094,0x0013,0x0012,0x0094,0x0012,0x0095,0x0094,
  0x0095,0x0096,0x0096,0x0095,0x00db,0x0096,0x00db,0x00dc,0x0015,0x0016,0x0017,0x0018,0x0019,0x001a,0x001b,0x001c,
  0x001d,0x001e,0x001f,0x0020,0x0021,0x0022,0x0023,0x0024,0x0025,0x0026,0x0024,0x0026,0x0027,0x0028,0x0029,0x002a,
  0x0028,0x002a,0x002b,0x002c,0x002d,0x002e,0x002c,0x002e,0x002f,0x0030,0x0031,0x0032,0x0030,0x0032,0x0033,0x0034,
  0x0035,0x0036,0x0037,0x0038,0x0039,0x003a,0x003b,0x003c,0x003e,0x003f,0x0040,0x00f9,0x003f,0x003e,0x0041,0x0042,
  0x0043,0x0041,0x0043,0x0044,0x009f,0x0043,0x0042,0x00f4,0x009f,0x0042,0x00f4,0x00f5,0x009f,0x0045,0x0046,0x0047,
  0x0045,0x0047,0x0048,0x0046,0x0045,0x004d,0x0046,0x004d,0x004e,0x0049,0x004a,0x004b,0x0049,0x004b,0x004c,0x0063,
  0x0049,0x004c,0x0063,0x004c,0x0064,0x0060,0x0063,0x0064,0x0060,0x0064,0x0061,0x005f,0x0060,0x0061,0x005f,0x0061,
  0x0062,0x004a,0x004f,0x0050,0x004a,0x0050,0x004b,0x004f,0x005e,0x0050,0x004f,0x005b,0x005e,0x005b,0x005d,0x005e,
  0x005b,0x005c,0x005d,0x005c,0x0069,0x005d,0x005c,0x0068,0x0069,0x0051,0x0052,0x0053,0x0054,0x0055,0x0056,0x0054,
  0x0056,0x0057,0x0058,0x0059,0x005a,0x0065,0x0066,0x0067,0x006a,0x006b,0x006c,0x006d,0x006e,0x006f,0x006f,0x0086,
  0x006d,0x0070,0x0071,0x0072,0x00f1,0x0072,0x0071,0x0073,0x0074,0x0075,0x0075,0x007e,0x0073,0x0076,0x0077,0x0078,
  0x0079,0x0077,0x0076,0x0079,0x0076,0x007a,0x007b,0x0079,0x007a,0x007b,0x007a,0x007c,0x007d,0x007b,0x007c,0x007f,
  0x0080,0x0081,0x0081,0x008f,0x007f,0x0082,0x0083,0x0084,0x0082,0x0084,0x0085,0x00be,0x0082,0x0085,0x00be,0x0085,
  0x00bf,0x00bd,0x00be,0x00bf,0x00bd,0x00bf,0x00c0,0x0088,0x00bd,0x00c0,0x0088,0x00c0,0x0089,0x0087,0x0088,0x0089,
  0x0087,0x0089,0x008a,0x008b,0x008c,0x008d,0x008b,0x008d,0x008e,0x00d0,0x008d,0x008c,0x00d0,0x008c,0x00d1,0x00d0,
  0x00d1,0x00d2,0x0090,0x0091,0x0092,0x0090,0x0092,0x0093,0x0091,0x0090,0x009a,0x0091,0x009a,0x009b,0x0097,0x0098,
  0x0099,0x00f2,0x0099,0x0098,0x0083,0x009c,0x009d,0x0083,0x009d,0x0084,0x009c,0x00c7,0x009d,0x009c,0x00c4,0x00c7,
  0x00c4,0x00c6,0x00c7,0x00c4,0x00c5,0x00c6,0x0014,0x0013,0x0094,0x0014,0x0094,0x00a0,0x0014,0x00a0,0x00a1,0x00a2,
  0x00a3,0x00a4,0x00f0,0x00a3,0x00a2,0x00a5,0x00a6,0x00a7,0x00a5,0x00a7,0x00a8,0x00a5,0x00a8,0x00a9,0x000e,0x00a6,
  0x00a5,0x000e,0x00a5,0x000f,0x00ac,0x00ad,0x00ae,0x00ac,0x00ae,0x00af,0x00b0,0x00b1,0x00b2,0x00b3,0x00b4,0x00b5,
  0x00ec,0x00b5,0x00b4,0x00ec,0x00ed,0x00b5,0x00b6,0x00b7,0x00b8,0x00b8,0x00c8,0x00b6,0x00b9,0x00ba,0x00bb,0x00b9,
  0x00bb,0x00bc,0x00c1,0x00c2,0x00c3,0x00ee,0x00c2,0x00c1,0x00c9,0x00ca,0x00cb,0x00cc,0x00cd,0x00ce,0x00cc,0x00ce,
  0x00cf,0x00d7,0x00cd,0x00cc,0x00da,0x00cd,0x00d7,0x00d7,0x00d9,0x00da,0x00d7,0x00d8,0x00d9,0x00f3,0x00d9,0x00d8,
  0x00d3,0x00d4,0x00d5,0x00d3,0x00d5,0x00d6,0x00dd,0x00de,0x00df,0x00e0,0x00e1,0x00e2,0x00e0,0x00e2,0x00e3,0x00e4,
  0x00e5,0x00e6,0x00ef,0x00e6,0x00e5,0x00e7,0x00e8,0x00e9,0x00f6,0x00f7,0x00f8,
};
const R3DMesh itembox_meshes[7] = {
  { itembox_m0_vtx, itembox_m0_uv, itembox_m0_idx, 30, 0, itembox_m0_col },
  { itembox_m1_vtx, itembox_m1_uv, itembox_m1_idx, 128, 1, itembox_m1_col },
  { itembox_m2_vtx, itembox_m2_uv, itembox_m2_idx, 30, 0, itembox_m2_col },
  { itembox_m3_vtx, itembox_m3_uv, itembox_m3_idx, 68, 1, itembox_m3_col },
  { itembox_m4_vtx, itembox_m4_uv, itembox_m4_idx, 2, 0, itembox_m4_col },
  { itembox_m5_vtx, itembox_m5_uv, itembox_m5_idx, 24, 0, itembox_m5_col },
  { itembox_m6_vtx, itembox_m6_uv, itembox_m6_idx, 153, 1, itembox_m6_col },
};
const R3DTexture itembox_texs[2] = {
  { itembox_tex0_pal, itembox_tex0_px, 7, 7 },
  { itembox_tex1_pal, itembox_tex1_px, 6, 6 },
};
const R3DModel itembox = { itembox_meshes, 7, itembox_texs, 2 };
