/* generato da bake3d.py da g_cmn_spr_c.bcres — asset originali */
#include "model3d.h"

const u8 spr_c_tex0_px[] = {
  0x41,0xe6,0x41,0xe6,0x66,0x66,0x66,0x66,0x66,0x8a,0x66,0x66,0xbd,0xbd,0x52,0x52,
  0x41,0x41,0x96,0x96,0x42,0x42,0x42,0x42,0x66,0x66,0x66,0x66,0x42,0x42,0x42,0x42,
  0x41,0x41,0x96,0x96,0x87,0x87,0x14,0x14,0x42,0x11,0x5a,0x6b,0x64,0x71,0x71,0x71,
  0x64,0x71,0x64,0x64,0x66,0x8a,0x66,0x66,0x09,0xe6,0x41,0x09,0x41,0x41,0x41,0x41,
  0x41,0x41,0x09,0x09,0x66,0x66,0x66,0x66,0x42,0x42,0x42,0x42,0x24,0x61,0x24,0x24,
  0x24,0x61,0x24,0x24,0x24,0x24,0x24,0x24,0x24,0x61,0x24,0x24,0xc1,0xc1,0xc1,0xc1,
  0xc1,0xc1,0x4d,0x4d,0xc1,0xc1,0x4d,0x4d,0xc1,0xc1,0x4d,0x4d,0xc1,0xc1,0x4d,0x4d,
  0xcb,0xcb,0xcb,0xcb,0xaf,0xaf,0xaf,0xaf,0xaf,0x61,0x61,0xaf,0xcb,0xcb,0xcb,0xcb,
  0xe6,0xe6,0x41,0xe6,0x66,0x8a,0x66,0x66,0x66,0x8a,0x66,0x66,0xd3,0xd3,0x52,0x52,
  0x8a,0xc4,0x3f,0x96,0x42,0x42,0x42,0x42,0x66,0x66,0x66,0x66,0x42,0x42,0x42,0x42,
  0x8a,0xc4,0x3f,0x96,0x87,0x87,0x14,0x14,0x42,0x42,0x5a,0x5a,0x64,0x64,0x71,0x71,
  0x64,0x71,0x64,0x64,0x66,0x8a,0x66,0x66,0x09,0x41,0x41,0x09,0x41,0x41,0x41,0x41,
  0x41,0x41,0x09,0x09,0x66,0x66,0x66,0x66,0x42,0x42,0x42,0x42,0x24,0x24,0x24,0x24,
  0x24,0x61,0x24,0x24,0x24,0x61,0x24,0x24,0x24,0x24,0x24,0x24,0xc1,0xc1,0xbc,0xc1,
  0xc1,0xc1,0x4d,0x4d,0xc1,0xc1,0x4d,0x4d,0xc1,0xbc,0x4d,0x4d,0xc1,0xbc,0x4d,0x4d,
  0xcb,0xcb,0xcb,0xcb,0xaf,0x61,0xaf,0xaf,0xaf,0x61,0xaf,0xaf,0xcb,0xcb,0xcb,0xcb,
  0x94,0x94,0x94,0x94,0x64,0x71,0x64,0x71,0x64,0x71,0x64,0x64,0xd3,0xbd,0x52,0x52,
  0x8a,0x41,0x3f,0x96,0x5a,0x5a,0x5a,0x5a,0x65,0x64,0x65,0x65,0x6b,0x5a,0x6b,0x6b,
  0x8a,0xc4,0x3f,0x96,0x87,0x87,0x14,0x14,0x42,0x42,0x5a,0x5a,0x64,0x71,0x64,0x64,
  0x65,0x65,0x65,0x65,0x09,0xc4,0x41,0x41,0x09,0x41,0x09,0x09,0x41,0x09,0x09,0x09,
  0x41,0xe6,0x41,0xc4,0x09,0x41,0x41,0x41,0xba,0xba,0xba,0xba,0x96,0x3f,0x3f,0x3f,
  0x96,0x3f,0x3f,0x96,0x96,0x3f,0x3f,0x96,0x3f,0x3f,0x3f,0x3f,0x4d,0x4d,0x4d,0x4d,
  0xc1,0xc1,0x4d,0x4d,0xc1,0xc1,0x4d,0x4d,0xc1,0xbc,0x4d,0x4d,0xc1,0xc1,0x4d,0x4d,
  0x5b,0x5b,0x02,0x5b,0x08,0x08,0x3f,0x3f,0x08,0x08,0x08,0x3f,0x5b,0x5b,0x02,0x5b,
  0x94,0x94,0x64,0x94,0x64,0x71,0x64,0x71,0x64,0x71,0x64,0x71,0xd3,0xd3,0x52,0x52,
  0x8a,0x8a,0x3f,0x3f,0x5a,0x5a,0x5a,0x5a,0x65,0x65,0x65,0x65,0x6b,0x6b,0x5a,0x6b,
  0x8a,0x8a,0x3f,0x3f,0x87,0x87,0x05,0x14,0x42,0x42,0x5a,0x5a,0x64,0x64,0x64,0x64,
  0x65,0x65,0x65,0x65,0x09,0xc4,0x09,0x41,0x09,0x41,0x09,0x09,0x41,0x41,0x09,0x41,
  0xe6,0xe6,0xc4,0xc4,0x09,0x41,0x09,0x41,0xba,0xba,0xba,0xba,0x96,0x3f,0x96,0x3f,
  0x3f,0x3f,0x3f,0x3f,0x96,0x3f,0x3f,0x96,0x96,0x96,0x3f,0x3f,0x4d,0x4d,0x4d,0x4d,
  0xc1,0xc1,0x4d,0x4d,0xbc,0xc1,0x4d,0x4d,0xbc,0xbc,0x4d,0x4d,0xc1,0xc1,0x4d,0x4d,
  0x5b,0x02,0x02,0x5b,0x3f,0x08,0x08,0x3f,0x08,0x08,0x08,0x3f,0x5b,0x5b,0x02,0x5b,
  0x24,0x24,0x24,0x61,0x2e,0x2e,0x2e,0x91,0x24,0x61,0x24,0x61,0x79,0x79,0x36,0x79,
  0xbb,0x79,0xbb,0x79,0xd2,0xd2,0xd2,0xd2,0xbb,0xbb,0xbb,0x79,0x36,0x79,0x36,0x79,
  0x55,0x55,0x55,0x24,0x2e,0x2e,0x8a,0x2e,0xbb,0xbb,0xc5,0xbb,0xbb,0xbb,0xc5,0xbb,
  0x8a,0x8a,0x66,0x8a,0x8a,0x8a,0x8a,0x2e,0x2e,0x2e,0x8a,0x2e,0x8a,0x8a,0x8a,0x8a,
  0x55,0x55,0x55,0x24,0x24,0x24,0x24,0x61,0x24,0x24,0x55,0x24,0xaf,0xaf,0xaf,0xaf,
  0x24,0x24,0x55,0x24,0x24,0xaf,0xaf,0x61,0x24,0x24,0x55,0x24,0x2e,0x2e,0x2e,0x91,
  0x2e,0x2e,0x2e,0x91,0x24,0x24,0x24,0x61,0x2e,0x2e,0x2e,0x91,0x24,0x61,0x61,0x61,
  0x24,0x61,0x61,0x61,0x2e,0x2e,0x2e,0x2e,0x2e,0x2e,0x2e,0x91,0x2e,0x91,0x2e,0x91,
  0x24,0x24,0x61,0x61,0x2e,0x2e,0x2e,0x91,0x24,0x24,0x24,0x61,0x79,0x79,0x36,0x79,
  0xbb,0x79,0xbb,0x79,0xd2,0xd2,0xd2,0xd2,0xbb,0xbb,0xbb,0x79,0x36,0x79,0x36,0x79,
  0x55,0x55,0x55,0x24,0x8a,0x2e,0x8a,0x2e,0xbb,0xbb,0xc5,0xbb,0xbb,0xbb,0xc5,0xbb,
  0x8a,0x8a,0x66,0x8a,0x8a,0x8a,0x8a,0x2e,0x2e,0x8a,0x8a,0x2e,0x8a,0x8a,0x8a,0x2e,
  0x55,0x55,0x55,0x24,0x61,0x24,0x24,0x61,0x55,0x24,0x55,0x24,0xaf,0x24,0xaf,0xaf,
  0x24,0x24,0x55,0x24,0x24,0x24,0x24,0x61,0x24,0x24,0x55,0x24,0x2e,0x2e,0x2e,0x91,
  0x2e,0x2e,0x2e,0x91,0x24,0x24,0x24,0x61,0x2e,0x2e,0x2e,0x91,0x24,0x61,0x61,0x61,
  0x24,0x61,0x61,0x61,0x2e,0x2e,0x2e,0x2e,0x2e,0x2e,0x2e,0x91,0x2e,0x2e,0x2e,0x91,
  0x24,0x24,0x24,0x61,0x2e,0x2e,0x2e,0x91,0x08,0x08,0x08,0xaf,0x8a,0x8a,0xc5,0xbb,
  0xc5,0xc5,0xc5,0xc5,0xbb,0xbb,0xbb,0xbb,0xc5,0xc5,0xc5,0xc5,0xc6,0x36,0xc6,0x36,
  0x09,0x09,0x09,0x41,0x09,0x09,0x09,0xc6,0xc5,0xc5,0xc5,0x8a,0xc5,0xc5,0xc5,0x8a,
  0x41,0x41,0x09,0xc4,0x09,0x09,0x09,0xc6,0x8a,0x8a,0x41,0x8a,0x09,0x09,0x09,0x09,
  0x09,0x09,0x09,0x41,0xaf,0xaf,0x24,0xaf,0x41,0x41,0x09,0x41,0x24,0x24,0x24,0x24,
  0x09,0x09,0x09,0x41,0x24,0x24,0x24,0xaf,0x09,0x09,0x09,0x41,0x24,0x24,0x24,0x2e,
  0xc6,0xc6,0xc6,0x36,0x3f,0x3f,0x3f,0x3f,0x2e,0x2e,0x2e,0x91,0x24,0xaf,0xaf,0x61,
  0x24,0xaf,0xaf,0x61,0xc6,0xc6,0xc6,0xc6,0xc6,0x2e,0xc6,0x2e,0xc6,0x36,0xc6,0x36,
  0x24,0x24,0xaf,0x61,0x2e,0x2e,0x2e,0x91,0x08,0x08,0x08,0xaf,0x8a,0x8a,0xc5,0x8a,
  0xc5,0xc5,0xc5,0xc5,0xc5,0xbb,0xc5,0xbb,0xc5,0xc5,0xc5,0xc5,0xc6,0x36,0xc6,0x36,
  0x09,0x09,0x09,0x41,0x09,0x09,0x09,0xc6,0xc5,0xc5,0xc5,0x8a,0xc5,0xc5,0xc5,0x8a,
  0x41,0x41,0x09,0xc4,0x09,0x09,0x09,0xc6,0x8a,0x8a,0x41,0x8a,0x09,0x09,0x09,0x09,
  0x09,0x09,0x09,0x41,0xaf,0xaf,0x24,0xaf,0x17,0x41,0x09,0x41,0x24,0x3f,0x24,0x24,
  0x09,0x09,0x09,0x41,0x24,0x24,0x24,0xaf,0x09,0x09,0x09,0x41,0x24,0x24,0x24,0x2e,
  0xc6,0xc6,0xc6,0x36,0x3f,0x3f,0x3f,0x3f,0x2e,0x2e,0x2e,0x91,0x24,0xaf,0xaf,0x61,
  0x24,0xaf,0xaf,0x61,0xc6,0xc6,0xc6,0xc6,0xc6,0xc6,0xc6,0x2e,0xc6,0xc6,0xc6,0x36,
  0x35,0x2c,0x35,0x2c,0x1d,0x06,0x1d,0x53,0x1d,0x06,0x1d,0x53,0x1d,0x06,0x1d,0x53,
  0x1d,0x06,0x1d,0x53,0x1d,0x06,0x1d,0x53,0x1d,0x06,0x1d,0x53,0x1d,0x06,0x1d,0x53,
  0x1d,0x06,0x1d,0x53,0x1d,0x06,0x1d,0x53,0x1d,0x06,0x1d,0x53,0x1d,0x06,0x1d,0x53,
  0x1d,0x06,0x1d,0x53,0x1d,0x06,0x1d,0x53,0x1d,0x06,0x35,0x06,0x1d,0x53,0x1d,0x53,
  0x35,0x2c,0x35,0x35,0x1d,0x06,0x1d,0x53,0x1d,0x06,0x1d,0x53,0x1d,0x1d,0x1d,0x53,
  0x1d,0x06,0x1d,0x53,0x35,0x2c,0x35,0x2c,0x35,0x2c,0x35,0x2c,0x1d,0x06,0x1d,0x53,
  0x1d,0x06,0x1d,0x53,0x1d,0x06,0x1d,0x53,0x1d,0x06,0x1d,0x53,0x1d,0x06,0x1d,0x53,
  0x1d,0x06,0x1d,0x1d,0x1d,0x06,0x1d,0x53,0x35,0x2c,0x35,0x2c,0x35,0x2c,0x35,0x35,
  0x35,0x2c,0x35,0x2c,0x1d,0x06,0x1d,0x53,0x1d,0x06,0x1d,0x53,0x1d,0x06,0x1d,0x53,
  0x1d,0x06,0x1d,0x53,0x1d,0x06,0x1d,0x53,0x1d,0x06,0x1d,0x53,0x1d,0x06,0x1d,0x53,
  0x1d,0x06,0x1d,0x53,0x1d,0x06,0x1d,0x53,0x1d,0x06,0x1d,0x53,0x1d,0x06,0x1d,0x53,
  0x1d,0x06,0x1d,0x53,0x1d,0x06,0x1d,0x53,0x1d,0x06,0x35,0x06,0x1d,0x53,0x1d,0x53,
  0x35,0x2c,0x35,0x35,0x1d,0x06,0x1d,0x53,0x1d,0x06,0x1d,0x53,0x1d,0x53,0x1d,0x53,
  0x1d,0x06,0x1d,0x53,0x35,0x2c,0x35,0x2c,0x35,0x2c,0x35,0x2c,0x1d,0x06,0x1d,0x53,
  0x1d,0x06,0x1d,0x53,0x1d,0x06,0x1d,0x53,0x1d,0x06,0x1d,0x53,0x1d,0x06,0x1d,0x53,
  0x1d,0x06,0x1d,0x53,0x1d,0x06,0x1d,0x53,0x35,0x2c,0x35,0x2c,0x35,0x2c,0x35,0x2c,
  0x46,0x1f,0x1f,0x1f,0x7a,0x2c,0x50,0x2c,0x7a,0x2c,0x50,0x2c,0x7a,0x2c,0x50,0x2c,
  0x7a,0x2c,0x50,0x2c,0x50,0x2c,0x50,0x35,0x7a,0x2c,0x50,0x2c,0x7a,0x2c,0x50,0x2c,
  0x50,0x2c,0x50,0x35,0x50,0x2c,0x50,0x35,0x50,0x2c,0x50,0x35,0x50,0x2c,0x50,0x35,
  0x50,0x2c,0x35,0x35,0x50,0x2c,0x50,0x35,0x50,0x35,0x50,0x35,0x50,0x35,0x50,0x35,
  0x46,0x1f,0x1f,0x1f,0x50,0x2c,0x50,0x35,0x50,0x2c,0x50,0x35,0x50,0x35,0x50,0x35,
  0x50,0x2c,0x50,0x35,0x1f,0x1f,0x1f,0x1f,0x1f,0x1f,0x1f,0x1f,0x50,0x2c,0x50,0x35,
  0x7a,0x2c,0x50,0x2c,0x7a,0x2c,0x50,0x2c,0x7a,0x2c,0x50,0x2c,0x7a,0x35,0x7a,0x35,
  0x7a,0x35,0x7a,0x7a,0x7a,0x35,0x7a,0x35,0xdc,0x50,0x7a,0x50,0xdc,0x50,0xdc,0x7a,
  0x46,0x1f,0x1f,0x1f,0x7a,0x2c,0x50,0x2c,0x50,0x2c,0x50,0x2c,0x7a,0x2c,0x50,0x2c,
  0x7a,0x2c,0x50,0x2c,0x50,0x2c,0x50,0x35,0x7a,0x2c,0x50,0x2c,0x7a,0x2c,0x50,0x2c,
  0x50,0x2c,0x50,0x35,0x50,0x2c,0x50,0x35,0x50,0x2c,0x50,0x35,0x50,0x2c,0x50,0x35,
  0x50,0x2c,0x50,0x35,0x50,0x2c,0x50,0x35,0x50,0x35,0x50,0x35,0x50,0x35,0x50,0x35,
  0x46,0x1f,0x1f,0x1f,0x50,0x2c,0x50,0x35,0x50,0x2c,0x50,0x35,0x50,0x35,0x50,0x35,
  0x50,0x2c,0x50,0x35,0x1f,0x1f,0x1f,0x1f,0x1f,0x1f,0x1f,0x1f,0x50,0x2c,0x50,0x35,
  0x7a,0x2c,0x50,0x2c,0x7a,0x2c,0x50,0x2c,0x7a,0x2c,0x50,0x2c,0x7a,0x35,0x7a,0x35,
  0x7a,0x35,0x7a,0x7a,0x7a,0x35,0x7a,0x35,0xdc,0x50,0x7a,0x50,0xdc,0x50,0xdc,0x7a,
  0xd5,0xd5,0xd5,0x4e,0xd5,0xd5,0xd5,0xd5,0xd5,0xd5,0xd5,0xd5,0xd5,0xd5,0xd5,0xd5,
  0xd5,0xd5,0xd5,0xd5,0xd5,0xd5,0xd5,0xd5,0xd5,0xd5,0xd5,0xd5,0xd5,0xd5,0xd5,0xd5,
  0x0c,0x0c,0x0c,0x0c,0x0c,0x0c,0x0c,0x0c,0x0c,0x0c,0x0c,0x0c,0x0c,0x0c,0x0c,0x0c,
  0x0c,0x0c,0x0c,0x0c,0x0c,0x0c,0x0c,0x0c,0x0c,0x0c,0x0c,0x0c,0x0c,0x0c,0x0c,0x0c,
  0x0c,0x0c,0x0c,0x0c,0x0c,0x0c,0x0c,0x0c,0x0c,0x0c,0x0c,0x0c,0x0c,0x0c,0x0c,0x0c,
  0x0c,0x0c,0x0c,0x0c,0x0c,0x0c,0x0c,0x0c,0x0c,0x0c,0x0c,0x0c,0x0c,0x0c,0x0c,0x0c,
  0xd5,0xd5,0xd5,0xd5,0xd5,0xd5,0xd5,0xd5,0xd5,0xd5,0xd5,0xd5,0xd5,0xd5,0xd5,0xd5,
  0xd5,0xd5,0xd5,0xd5,0xd5,0xd5,0xd5,0xd5,0xd5,0xd5,0xd5,0xd5,0xd5,0xd5,0xd5,0x4e,
  0xd5,0xd5,0xd5,0x4e,0xd5,0xd5,0xd5,0xd5,0xd5,0xd5,0xd5,0xd5,0xd5,0xd5,0xd5,0xd5,
  0x4e,0xd5,0xd5,0xd5,0xd5,0xd5,0xd5,0xd5,0xd5,0xd5,0xd5,0xd5,0xd5,0xd5,0xd5,0xd5,
  0x0c,0x0c,0x0c,0x0c,0x0c,0x0c,0x0c,0x0c,0x0c,0x0c,0x0c,0x0c,0x0c,0x0c,0x0c,0x0c,
  0x0c,0x0c,0x0c,0x0c,0x0c,0x0c,0x0c,0x0c,0x0c,0x0c,0x0c,0x0c,0x0c,0x0c,0x0c,0x0c,
  0x0c,0x0c,0x0c,0x0c,0x0c,0x0c,0x0c,0x0c,0x0c,0x0c,0x0c,0x0c,0x0c,0x0c,0x0c,0x0c,
  0x0c,0x0c,0x0c,0x0c,0x0c,0x0c,0x0c,0x0c,0x0c,0x0c,0x0c,0x0c,0x0c,0x0c,0x0c,0x0c,
  0xd5,0xd5,0xd5,0xd5,0xd5,0xd5,0xd5,0xd5,0xd5,0xd5,0xd5,0xd5,0xd5,0xd5,0xd5,0xd5,
  0xd5,0xd5,0xd5,0xd5,0xd5,0xd5,0xd5,0xd5,0xd5,0xd5,0xd5,0xd5,0xd5,0xd5,0xd5,0x4e,
  0x1e,0x1e,0x1e,0x98,0x4e,0xd5,0xd5,0x4e,0x4e,0xd5,0xd5,0x4e,0x4e,0xd5,0xd5,0x4e,
  0x4e,0xd5,0xd5,0x4e,0x4e,0xd5,0xd5,0x4e,0x4e,0xd5,0xd5,0x4e,0x4e,0xd5,0xd5,0x4e,
  0x1e,0x1e,0x1e,0x98,0x1e,0x1e,0x1e,0x98,0x1e,0x1e,0x1e,0x98,0x1e,0x1e,0x1e,0x98,
  0x1e,0x1e,0x1e,0x98,0x1e,0x1e,0x1e,0x98,0x4e,0xd5,0xd5,0x4e,0x4e,0xd5,0xd5,0x4e,
  0x4e,0xd5,0xd5,0x4e,0x4e,0xd5,0xd5,0x4e,0x98,0x1e,0x1e,0x98,0x1e,0x1e,0x1e,0x98,
  0x1e,0x1e,0x1e,0x98,0x1e,0x1e,0x1e,0x98,0x1e,0x1e,0x1e,0x98,0x1e,0x1e,0x1e,0x98,
  0x4e,0xd5,0xd5,0x4e,0x4e,0xd5,0xd5,0x4e,0x4e,0xd5,0xd5,0x4e,0x4e,0xd5,0xd5,0x4e,
  0x4e,0xd5,0xd5,0x4e,0x4e,0xd5,0xd5,0x4e,0x4e,0xd5,0xd5,0x4e,0x4e,0xd5,0xd5,0xfc,
  0x1e,0x1e,0x1e,0x98,0x4e,0xd5,0xd5,0x4e,0x4e,0xd5,0xd5,0x4e,0x4e,0xd5,0xd5,0x4e,
  0xc8,0xd5,0xd5,0x4e,0x4e,0xd5,0xd5,0x4e,0x4e,0xd5,0xd5,0x4e,0x4e,0xd5,0xd5,0x4e,
  0x1e,0x1e,0x1e,0x98,0x1e,0x1e,0x1e,0x98,0x1e,0x1e,0x1e,0x98,0x98,0x1e,0x1e,0x98,
  0x1e,0x1e,0x1e,0x98,0x1e,0x1e,0x1e,0x98,0x4e,0xd5,0xd5,0x4e,0x4e,0xd5,0xd5,0x4e,
  0x4e,0xd5,0xd5,0x4e,0x4e,0xd5,0xd5,0x4e,0x1e,0x1e,0x1e,0x98,0x1e,0x1e,0x1e,0x98,
  0x1e,0x1e,0x1e,0x98,0x1e,0x1e,0x1e,0x98,0x1e,0x1e,0x1e,0x98,0x1e,0x1e,0x1e,0x98,
  0x4e,0xd5,0xd5,0x4e,0x4e,0xd5,0xd5,0x4e,0x4e,0xd5,0xd5,0x4e,0x4e,0xd5,0xd5,0x4e,
  0x4e,0xd5,0xd5,0x4e,0x4e,0xd5,0xd5,0x4e,0x4e,0xd5,0xd5,0x4e,0x4e,0xd5,0xd5,0xfc,
  0x66,0xbb,0x8a,0x66,0x8a,0x2e,0x2e,0x8a,0x2e,0x49,0x49,0x79,0x8a,0x2e,0x2e,0x2e,
  0x8a,0x2e,0x2e,0x8a,0x8a,0x2e,0x2e,0x8a,0xbb,0xd0,0x79,0xbb,0x2e,0x49,0x79,0x2e,
  0x91,0x49,0x91,0x91,0x91,0xd6,0x49,0x91,0x91,0x0f,0x0f,0x91,0x91,0x0f,0x91,0x08,
  0x91,0x0f,0x0f,0x08,0x0f,0xd6,0xd6,0x0f,0x49,0xd6,0xd6,0x2e,0x49,0xd6,0xd6,0x2e,
  0x49,0xd6,0xd6,0x2e,0x49,0xd6,0xd6,0x2e,0x0f,0xd6,0xd6,0x0f,0x91,0x0f,0x0f,0x08,
  0x91,0x0f,0x0f,0x08,0x91,0xd6,0x0f,0x91,0x91,0xd6,0x49,0x91,0x91,0xd6,0x49,0x91,
  0x2e,0x49,0x49,0x79,0xbb,0xd0,0x79,0x79,0x8a,0x2e,0x2e,0x2e,0x8a,0x2e,0x2e,0x8a,
  0x8a,0x2e,0x8a,0x8a,0x2e,0x49,0x49,0x79,0x8a,0x2e,0x2e,0x8a,0x66,0xbb,0xbb,0x8a,
  0x66,0xbb,0xbb,0x8a,0x8a,0x2e,0x2e,0x8a,0x2e,0x49,0x49,0x79,0x8a,0x2e,0x2e,0x2e,
  0x8a,0x2e,0x2e,0x2e,0x8a,0x2e,0x2e,0x8a,0xbb,0xd0,0x79,0xbb,0x2e,0x49,0x49,0x2e,
  0x91,0xd6,0x49,0x91,0x91,0xd6,0x91,0x91,0x91,0x0f,0x0f,0x91,0x91,0x0f,0x0f,0x08,
  0x91,0x0f,0x91,0x08,0x0f,0xd6,0xd6,0x0f,0x49,0xd6,0xd6,0x2e,0x49,0xd6,0xd6,0x2e,
  0x49,0xd6,0xd6,0x2e,0x49,0xd6,0xd6,0x2e,0x0f,0xd6,0xd6,0x0f,0x91,0x0f,0x91,0x08,
  0x91,0x0f,0x91,0x08,0x91,0x0f,0x0f,0x91,0x91,0xd6,0x49,0x91,0x91,0xd6,0x49,0x91,
  0x2e,0x49,0x49,0x2e,0x79,0xd0,0x79,0x79,0x8a,0x2e,0x2e,0x8a,0x8a,0x2e,0x2e,0x8a,
  0x8a,0x2e,0x2e,0x8a,0x2e,0x49,0x49,0x79,0x8a,0x2e,0x2e,0x8a,0x66,0xbb,0xbb,0x8a,
  0x09,0xc4,0x41,0x09,0x24,0x2e,0x24,0x24,0x2e,0x49,0x79,0x79,0x24,0x2e,0x2e,0x24,
  0x09,0xc6,0xc6,0x09,0x09,0xc6,0x09,0x09,0xbb,0x79,0x79,0xbb,0x2e,0x49,0x79,0x2e,
  0x40,0x0f,0x40,0x40,0x40,0x0f,0x0f,0x40,0x40,0xab,0x40,0x40,0x40,0x40,0x40,0xaf,
  0x40,0x40,0x40,0xaf,0xef,0x0f,0x0f,0xef,0x91,0x0f,0x0f,0x61,0x91,0x0f,0x0f,0x61,
  0x91,0x0f,0x0f,0x61,0x91,0x0f,0x0f,0x61,0xef,0x0f,0x0f,0xef,0x40,0x40,0x40,0xaf,
  0x40,0x40,0x40,0xaf,0x40,0xab,0x40,0x40,0x40,0x0f,0x0f,0x40,0x40,0x0f,0x0f,0x40,
  0x2e,0x49,0x79,0x79,0xbb,0x79,0x79,0x79,0x09,0xc6,0xc6,0x09,0x09,0xc6,0xc6,0x09,
  0x24,0x2e,0x24,0x24,0x2e,0x49,0x79,0x79,0x24,0x2e,0x2e,0x24,0x09,0xc4,0xc4,0x41,
  0x09,0xc4,0xc4,0x41,0x24,0x2e,0x24,0x24,0x2e,0x49,0x79,0x79,0x24,0x2e,0x24,0x24,
  0x09,0xc6,0xc6,0x09,0x09,0xc6,0xc6,0x09,0xbb,0x79,0x79,0xbb,0x2e,0x49,0x79,0x2e,
  0x40,0x0f,0x0f,0x40,0x40,0x0f,0x40,0x40,0x40,0xab,0x40,0x40,0x40,0x40,0x40,0xaf,
  0x40,0x40,0x40,0xaf,0xef,0x0f,0xef,0xef,0x91,0x0f,0x0f,0x61,0x91,0x0f,0x0f,0x61,
  0x91,0x0f,0x0f,0x61,0x91,0x0f,0x0f,0x61,0xef,0x0f,0x0f,0xef,0x40,0x40,0x40,0xaf,
  0x40,0x40,0x40,0xaf,0x40,0xab,0x40,0x40,0x40,0x0f,0x0f,0x40,0x40,0x0f,0x0f,0x40,
  0x2e,0x49,0x79,0x2e,0x79,0x79,0x79,0x79,0x09,0xc6,0xc6,0x09,0x09,0xc6,0xc6,0x09,
  0x24,0x2e,0x24,0x24,0x2e,0x49,0x79,0x79,0x24,0x2e,0x2e,0x24,0x09,0xc4,0xc4,0x41,
  0x90,0x90,0x90,0x90,0xcb,0xcb,0xcb,0xcb,0x02,0x02,0x02,0x22,0x00,0x00,0x00,0x00,
  0x02,0x47,0xaa,0xaa,0xcb,0xcb,0xcb,0xcb,0xcb,0xcb,0xcb,0xcb,0xaa,0xaa,0xaa,0xaa,
  0xaa,0xaa,0xaa,0xaa,0xda,0xda,0xbc,0xbc,0xaa,0xaa,0xaa,0x47,0xad,0xad,0xfc,0xad,
  0xaa,0xaa,0xaa,0xaa,0xee,0x9b,0xee,0x9b,0x51,0xee,0x51,0xee,0x9a,0x9a,0x9b,0x9b,
  0xdc,0xdc,0xbe,0xbe,0x51,0xee,0x51,0x51,0x51,0xee,0xee,0xee,0xaa,0xaa,0xaa,0xaa,
  0xad,0xad,0xfc,0xad,0xaa,0x47,0xaa,0x47,0xda,0xda,0xbc,0xbc,0xaa,0xaa,0xaa,0xaa,
  0xaa,0xaa,0xaa,0xaa,0xaa,0xcb,0xcb,0xcb,0xcb,0xcb,0xcb,0xcb,0x47,0x47,0x47,0x02,
  0x00,0x00,0x00,0x00,0x02,0x02,0x02,0x02,0xaa,0xcb,0xcb,0xcb,0xb8,0x90,0xb8,0xb8,
  0xb8,0x90,0xb8,0x90,0xcb,0xcb,0xcb,0xcb,0x02,0x02,0x02,0x02,0x00,0x00,0x00,0x00,
  0x47,0x47,0xaa,0x02,0xcb,0xcb,0xcb,0xcb,0xcb,0xcb,0xcb,0xcb,0xaa,0xaa,0xaa,0xaa,
  0xaa,0xaa,0xaa,0xaa,0xda,0xda,0xbc,0xbc,0xaa,0xaa,0xaa,0x47,0xfc,0xad,0xad,0xad,
  0xaa,0xaa,0xaa,0x47,0xee,0x9b,0xee,0xee,0x51,0xee,0x51,0xee,0xee,0xee,0x9b,0x9b,
  0xdc,0xdc,0xbe,0xbe,0x51,0xee,0x51,0x51,0x51,0xee,0xee,0xee,0xaa,0xaa,0xaa,0xaa,
  0xfc,0xad,0xfc,0xad,0xaa,0xaa,0xaa,0x47,0xda,0xda,0xbc,0xbc,0xaa,0xaa,0xaa,0xaa,
  0xaa,0xaa,0xaa,0xaa,0xaa,0xcb,0xcb,0xcb,0xcb,0xcb,0xcb,0xcb,0x47,0x47,0xaa,0xaa,
  0x00,0x00,0x00,0x00,0x02,0x02,0x02,0x02,0xcb,0xcb,0xcb,0xcb,0xb8,0xb8,0xb8,0x90,
  0x88,0x88,0x88,0x88,0x02,0x5b,0x5b,0x5b,0x86,0x86,0x86,0x86,0xaa,0xaa,0xaa,0xaa,
  0x5b,0xe4,0x5b,0x5b,0x5b,0x5b,0x5b,0x5b,0x02,0x5b,0x02,0x5b,0xaa,0x02,0xaa,0x02,
  0xaa,0xaa,0xaa,0xaa,0xcb,0xcb,0xb8,0xb8,0x5f,0x5f,0x47,0x5f,0xad,0xad,0xad,0xad,
  0x5f,0x5f,0x47,0x5f,0x9b,0x9b,0x9b,0x9b,0xfc,0x9b,0xfc,0x9b,0xee,0xee,0x9b,0x9b,
  0xdc,0xdc,0xbe,0xbe,0xfc,0x9b,0xfc,0xfc,0xfc,0x9b,0x9b,0x9b,0x5f,0x5f,0x5f,0x5f,
  0xad,0xad,0xad,0xad,0x5f,0x5f,0x47,0x5f,0xcb,0xcb,0xcb,0xb8,0xaa,0xaa,0xaa,0xaa,
  0xaa,0xaa,0xaa,0xaa,0x02,0x02,0x02,0x5b,0x5b,0x5b,0x5b,0x5b,0xe4,0xe4,0xe4,0x5b,
  0xaa,0xaa,0xaa,0xaa,0x86,0x86,0x5f,0x86,0x02,0x02,0x5b,0x5b,0x88,0x88,0x88,0x88,
  0x88,0x88,0x88,0x88,0x02,0x5b,0x5b,0x5b,0x86,0x86,0x5f,0x86,0xaa,0xaa,0xaa,0xaa,
  0xe4,0xe4,0x5b,0x5b,0x5b,0x5b,0x5b,0x5b,0x02,0x5b,0x5b,0x5b,0xaa,0x02,0xaa,0xaa,
  0xaa,0xaa,0xaa,0xaa,0xcb,0xcb,0xcb,0xb8,0x5f,0x5f,0x47,0x5f,0xad,0xad,0xad,0xad,
  0x5f,0x5f,0x5f,0x5f,0x9b,0x9b,0x9b,0x9b,0xfc,0x9b,0xfc,0x9b,0xee,0xee,0x9b,0x9b,
  0xdc,0xdc,0xbe,0xbe,0xfc,0x9b,0xfc,0xfc,0xfc,0x9b,0x9b,0x9b,0x5f,0x5f,0x5f,0x5f,
  0xad,0xad,0xad,0xad,0x5f,0x5f,0x47,0x5f,0xcb,0xcb,0xcb,0xb8,0xaa,0xaa,0xaa,0xaa,
  0xaa,0xaa,0xaa,0xaa,0x02,0x5b,0x5b,0x5b,0x5b,0x5b,0x5b,0x5b,0xe4,0xe4,0x5b,0x5b,
  0xaa,0xaa,0xaa,0xaa,0x86,0x86,0x5f,0x86,0x02,0x5b,0x5b,0x5b,0x88,0x88,0x88,0x88,
  0x71,0x71,0x64,0x64,0x42,0x42,0x42,0x42,0x24,0x61,0x3f,0x3f,0x4c,0x69,0x4c,0x69,
  0x4c,0x69,0x05,0x05,0x87,0x87,0x05,0x05,0xbd,0xbd,0xbd,0xbd,0xf2,0xf2,0xf2,0xea,
  0xbc,0xc1,0xbc,0xc1,0xf2,0xf2,0xf2,0xf2,0xf2,0xf2,0xf2,0xf2,0xcb,0xcb,0xcb,0xcb,
  0xcb,0xcb,0xcb,0xcb,0x00,0xda,0x00,0xda,0xcb,0xcb,0xcb,0xcb,0xcb,0xcb,0xcb,0xcb,
  0xcb,0xcb,0xcb,0xcb,0xcb,0xcb,0xcb,0xcb,0xda,0xda,0x00,0x00,0xcb,0xcb,0xcb,0xcb,
  0xcb,0xcb,0xcb,0xcb,0xf2,0xf2,0xf2,0xf2,0xf2,0xf2,0xf2,0xf2,0xbc,0xc1,0xbc,0xbc,
  0xf2,0xf2,0xf2,0xf2,0xe2,0xe2,0xe2,0xbd,0x87,0x87,0x05,0x05,0x4c,0x4c,0x05,0x05,
  0x4c,0x69,0x69,0x69,0xe2,0xe2,0x52,0x52,0x42,0x42,0x42,0x42,0xbd,0xbd,0x52,0x52,
  0x64,0x71,0x64,0x64,0x42,0x42,0x42,0x42,0x24,0x24,0x96,0x3f,0x4c,0x69,0x4c,0x69,
  0x69,0x69,0x14,0x14,0x87,0x87,0x1a,0x1a,0xe2,0xbd,0xbd,0xbd,0xf2,0xea,0xf2,0xea,
  0xbc,0xc1,0xbc,0xc1,0xf2,0xf2,0xf2,0xf2,0xf2,0xf2,0xf2,0xf2,0xcb,0xcb,0xcb,0xcb,
  0xcb,0xcb,0xcb,0xcb,0x00,0xda,0x00,0x00,0xcb,0xcb,0xcb,0xcb,0xcb,0xcb,0xcb,0xcb,
  0xcb,0xcb,0xcb,0xcb,0xcb,0xcb,0xcb,0xcb,0x00,0xda,0x00,0x00,0xcb,0xcb,0xcb,0xcb,
  0xcb,0xcb,0xcb,0xcb,0xf2,0xf2,0xf2,0xf2,0xf2,0xf2,0xf2,0xf2,0xbc,0xbc,0xbc,0xbc,
  0xf2,0xf2,0xf2,0xf2,0xe2,0xbd,0xbd,0xbd,0x87,0x87,0x1a,0x1a,0x69,0x69,0x14,0x05,
  0x4c,0x4c,0x69,0x69,0xe2,0xe2,0x52,0x52,0x42,0x42,0x42,0x42,0xbd,0xbd,0x52,0x52,
  0x64,0x71,0x64,0x64,0xba,0xba,0xba,0xba,0x24,0x24,0x96,0x96,0x4d,0x4d,0x4d,0x4d,
  0x69,0x69,0x14,0x05,0x87,0x87,0x1a,0x1a,0x88,0x88,0x88,0x88,0xf2,0xf2,0xf2,0x04,
  0xbc,0xc1,0xbc,0xc1,0xfa,0xfa,0xfa,0xfa,0xfa,0xfa,0xfa,0xfa,0x5b,0x5b,0x02,0x5b,
  0x5b,0x5b,0x02,0x5b,0xcb,0xcb,0xcb,0xcb,0x02,0x02,0x02,0x02,0x02,0x02,0x02,0x02,
  0x02,0x02,0x02,0x02,0x02,0x02,0x02,0x02,0xcb,0xcb,0xcb,0xcb,0x02,0x5b,0x02,0x5b,
  0x5b,0x5b,0x02,0x5b,0xfa,0xfa,0xfa,0xfa,0xfa,0xfa,0x88,0xfa,0xbc,0xc1,0xbc,0xbc,
  0xf2,0xf2,0xf2,0xf2,0xea,0x88,0x88,0x88,0x87,0x87,0x1a,0x1a,0x69,0x69,0x14,0x14,
  0x4d,0x4d,0x4d,0x4d,0xe2,0xe2,0x52,0x52,0xba,0xba,0xba,0xba,0xbd,0x52,0x52,0x52,
  0x64,0x71,0x64,0x64,0xba,0xba,0xba,0xba,0x24,0x24,0x96,0x3f,0x4d,0x4d,0x4d,0x4d,
  0x69,0x69,0x05,0x14,0x87,0x87,0x1a,0x1a,0x88,0x88,0x88,0x88,0xf2,0x04,0xf2,0x04,
  0xbc,0xc1,0xbc,0xc1,0xfa,0xfa,0xfa,0x88,0xfa,0xfa,0xfa,0xfa,0x5b,0x5b,0x5b,0x5b,
  0x5b,0x5b,0x5b,0x5b,0xcb,0xcb,0xcb,0xcb,0x02,0x02,0x02,0x02,0x02,0x02,0x02,0x02,
  0x02,0x02,0x02,0x02,0x02,0x02,0x02,0x02,0xcb,0xcb,0xcb,0xcb,0x5b,0x5b,0x5b,0x5b,
  0x5b,0x5b,0x02,0x5b,0xfa,0xfa,0xfa,0xfa,0xfa,0xfa,0xfa,0x88,0xbc,0xbc,0xbc,0xbc,
  0xf2,0xf2,0xf2,0xf2,0xea,0x88,0x88,0x88,0x87,0x87,0x1a,0x1a,0x69,0x4c,0x14,0x05,
  0x4d,0x4d,0x4d,0x4d,0xe2,0xe2,0x52,0x52,0xba,0xba,0xba,0xba,0xbd,0xbd,0x52,0x52,
  0x11,0x42,0x15,0x45,0x42,0x42,0xba,0xba,0xe2,0xe2,0x52,0x52,0x24,0x24,0x96,0x96,
  0x69,0x69,0xfa,0xfa,0x71,0x71,0x64,0x71,0x71,0x64,0x64,0x64,0x87,0x87,0x1a,0x1a,
  0xe6,0xe6,0x71,0x71,0x24,0x24,0x24,0x24,0x4c,0x4c,0x05,0x05,0xc1,0xc1,0x4d,0x4d,
  0xf2,0xf2,0xea,0xea,0xc1,0xc1,0x4d,0x4d,0xaf,0xaf,0x61,0x61,0xbc,0xbc,0x4d,0x4d,
  0xbc,0xbc,0x4d,0x4d,0xaf,0x61,0x61,0x61,0xc1,0xc1,0x4d,0x4d,0x24,0x24,0x24,0x24,
  0xc1,0xc1,0x4d,0x4d,0x4c,0x4c,0x05,0x05,0x24,0x24,0x24,0x24,0xbd,0xbd,0x52,0x52,
  0x87,0x87,0x05,0x05,0xbd,0xbd,0x52,0x52,0x71,0x71,0x64,0x64,0x42,0x42,0xba,0xba,
  0xbd,0xbd,0x52,0x52,0x24,0x24,0x96,0x3f,0x69,0x69,0xfa,0xfa,0x42,0x42,0x45,0x45,
  0x11,0x42,0x15,0x45,0x42,0x42,0xba,0xba,0xe2,0xe2,0x52,0x52,0x24,0x24,0x96,0x3f,
  0x69,0x69,0xfa,0xfa,0x71,0x71,0x64,0x64,0x71,0x71,0x64,0x64,0x87,0x87,0x1a,0x1a,
  0xe6,0x41,0x71,0x71,0x24,0x24,0x24,0x24,0x4c,0x4c,0x05,0x05,0xc1,0xc1,0x4d,0x4d,
  0xf2,0xf2,0xea,0xea,0xc1,0xc1,0x4d,0x4d,0x61,0x61,0x61,0x61,0xbc,0xbc,0x4d,0x4d,
  0xbc,0xbc,0x4d,0x4d,0xaf,0xaf,0x61,0x61,0xc1,0xc1,0x4d,0x4d,0x24,0x24,0x24,0x24,
  0xc1,0xc1,0x4d,0x4d,0x4c,0x4c,0x05,0x05,0x24,0x24,0x24,0x24,0xbd,0xbd,0x52,0x52,
  0x87,0x87,0x1a,0x1a,0xbd,0xbd,0x52,0x52,0x64,0x71,0x64,0x71,0x42,0x42,0xba,0xba,
  0xe2,0xe2,0x52,0x52,0x24,0x24,0x96,0x3f,0x4c,0x4c,0xfa,0xfa,0x42,0x42,0x45,0x45,
  0x42,0x42,0x45,0x45,0x42,0x42,0xba,0xba,0xe2,0xe2,0x52,0x52,0x24,0x24,0x96,0x96,
  0x4c,0x69,0xfa,0xfa,0x71,0x71,0x64,0x64,0x71,0x71,0x64,0x64,0x87,0x87,0x1a,0x1a,
  0x41,0x41,0x71,0x71,0x3f,0x3f,0x96,0x96,0x4c,0x4c,0x05,0x05,0xc1,0xc1,0x4d,0x4d,
  0xf2,0xf2,0xea,0xea,0xc1,0xc1,0x4d,0x4d,0x08,0x08,0x08,0x08,0xbc,0xbc,0x4d,0x4d,
  0xbc,0xbc,0x4d,0x4d,0x08,0x08,0x08,0x08,0xbc,0xbc,0x4d,0x4d,0x55,0x24,0x55,0x24,
  0xc1,0xc1,0x4d,0x4d,0x4c,0x4c,0x05,0x05,0x3f,0x3f,0x3f,0x3f,0xbd,0xbd,0x52,0x52,
  0x87,0x87,0x1a,0x1a,0xbd,0x52,0x52,0x52,0x71,0x64,0x64,0x64,0x42,0x42,0xba,0xba,
  0xe2,0xe2,0x52,0x52,0x24,0x24,0x96,0x3f,0x4c,0x69,0xfa,0xfa,0x42,0x42,0x45,0x45,
  0x42,0x42,0x45,0x45,0x42,0x42,0xba,0xba,0xe2,0xe2,0x52,0x52,0x24,0x24,0x96,0x96,
  0x4c,0x4c,0x69,0xfa,0x64,0x64,0x64,0x64,0x71,0x71,0x64,0x71,0x87,0x87,0x1a,0x1a,
  0xe6,0x41,0x71,0x71,0x3f,0x96,0x96,0x3f,0x4c,0x4c,0x05,0x05,0xc1,0xc1,0x4d,0x4d,
  0xf2,0xf2,0xea,0xea,0xc1,0xbc,0x4d,0x4d,0x08,0x08,0x08,0x08,0xbc,0xbc,0x4d,0x4d,
  0xbc,0xbc,0x4d,0x4d,0x08,0x08,0x08,0x08,0xbc,0xbc,0x4d,0x4d,0x24,0x24,0x24,0x24,
  0xc1,0xc1,0x4d,0x4d,0x4c,0x4c,0x05,0x05,0x3f,0x96,0x96,0x3f,0xe2,0xbd,0xbd,0x52,
  0x87,0x87,0x1a,0x1a,0xbd,0xbd,0x52,0x52,0x64,0x64,0x64,0x64,0x42,0x42,0xba,0xba,
  0xe2,0xe2,0x52,0x52,0x24,0x24,0x3f,0x3f,0x4c,0x69,0xfa,0xbd,0x42,0x42,0x45,0x45,
  0x66,0x66,0x66,0x71,0x41,0x41,0x55,0x41,0xf4,0xf4,0xf4,0xd3,0xe6,0x41,0x41,0x41,
  0x4c,0x4c,0x05,0x05,0xbd,0xbd,0x52,0x52,0x41,0x41,0xe6,0x41,0x41,0x41,0x41,0x09,
  0x69,0x69,0x88,0x88,0xc1,0xc1,0x4d,0x4d,0x55,0x24,0x24,0x55,0xc1,0xc1,0x4d,0x4d,
  0x24,0x24,0x61,0x24,0x61,0x61,0x61,0x24,0x61,0x61,0x61,0x24,0x4c,0x4c,0x4c,0x4c,
  0x4c,0x4c,0x4c,0x4c,0x61,0x61,0x61,0x24,0x24,0x61,0x61,0x24,0x24,0x61,0x61,0x24,
  0xc1,0xc1,0x4d,0x4d,0x24,0x24,0x24,0x55,0xc1,0xc1,0x4d,0x4d,0x69,0x69,0x4d,0x14,
  0x09,0x41,0xe6,0x09,0x09,0x41,0xe6,0x09,0x24,0x24,0x96,0x96,0x4c,0x4c,0x05,0x05,
  0xe6,0xe6,0xe6,0x71,0x24,0x24,0x24,0x55,0x24,0x24,0x24,0x41,0x66,0x66,0x66,0x71,
  0x66,0x66,0x66,0x66,0x41,0x41,0x55,0x41,0xf4,0xf4,0xf4,0xd3,0xe6,0x71,0x41,0x41,
  0x4c,0x4c,0x05,0x05,0xe2,0xbd,0x52,0x52,0x09,0x41,0xe6,0x09,0x09,0x41,0xe6,0x09,
  0x69,0x69,0x88,0x88,0xc1,0xc1,0x4d,0x4d,0x24,0x24,0x24,0x55,0xc1,0xc1,0x4d,0x4d,
  0x24,0x24,0x61,0x24,0x61,0x61,0x61,0x24,0x61,0x61,0x61,0x24,0x4c,0x4c,0x4c,0x4c,
  0x4c,0x4c,0x4c,0x4c,0x61,0x61,0x61,0x24,0x61,0x61,0x61,0x24,0x24,0x24,0x61,0x24,
  0xbc,0xc1,0x4d,0x4d,0x24,0x24,0x24,0x55,0xc1,0xc1,0x4d,0x4d,0x69,0x69,0x4d,0x4d,
  0x41,0x41,0xe6,0x41,0x09,0x41,0xe6,0x09,0x24,0x24,0x96,0x96,0x4c,0x4c,0x05,0x05,
  0xe6,0x41,0xe6,0x41,0x24,0x24,0x24,0x55,0x41,0x55,0x24,0x41,0x66,0x66,0x66,0x71,
  0x65,0x65,0x65,0x65,0x3f,0x3f,0x3f,0x3f,0xd3,0xd3,0xd3,0xbd,0x64,0x64,0x64,0x64,
  0x4c,0x4c,0x05,0x05,0xe2,0xe2,0xbd,0xbd,0x09,0x09,0x41,0x09,0x09,0x09,0x41,0x09,
  0x4c,0x4c,0x4d,0x4d,0xbc,0xbc,0x4d,0x4d,0x55,0x24,0x24,0x41,0xbc,0xbc,0x69,0x69,
  0xaf,0xaf,0xaf,0x24,0xaf,0xaf,0xaf,0x24,0xaf,0xaf,0x61,0x24,0x4c,0x4c,0x4c,0xfa,
  0x4c,0x4c,0x4c,0x69,0xaf,0xaf,0xaf,0x24,0x24,0xaf,0xaf,0x24,0xaf,0xaf,0xaf,0x24,
  0xbc,0xbc,0x69,0x69,0x24,0x24,0x24,0x55,0xbc,0xbc,0x4d,0x4d,0x4c,0x4c,0x4d,0x4d,
  0x09,0x09,0x41,0x09,0x09,0x41,0x41,0x09,0x61,0x61,0x3f,0x3f,0x4c,0x4c,0x05,0x05,
  0x64,0x09,0x09,0x17,0x24,0x24,0x24,0x41,0x24,0x24,0x24,0x3f,0x65,0x65,0x65,0x65,
  0x65,0x65,0x65,0x65,0x3f,0x3f,0x3f,0x3f,0xd3,0xd3,0xd3,0xbd,0x64,0x17,0x64,0x64,
  0x4c,0x4c,0x05,0x05,0xe2,0xe2,0x52,0x52,0x09,0x09,0x41,0x09,0x09,0x09,0x41,0x09,
  0x69,0x69,0x88,0x88,0xc1,0xc1,0x4d,0x4d,0x24,0x24,0x24,0x41,0xbc,0xbc,0x4d,0x4d,
  0xaf,0xaf,0xaf,0x24,0xaf,0xaf,0xaf,0x24,0xaf,0xaf,0x61,0x24,0x4c,0x4c,0x4c,0xfa,
  0x4c,0x4c,0x4c,0xfa,0xaf,0xaf,0xaf,0x24,0xaf,0xaf,0xaf,0x24,0xaf,0xaf,0xaf,0x24,
  0xbc,0xbc,0x4d,0x4d,0x24,0x24,0x24,0x55,0xbc,0xc1,0x4d,0x4d,0x4c,0x69,0x4d,0x4d,
  0x09,0x09,0x41,0x09,0x09,0x09,0x41,0x09,0x24,0x24,0x96,0x96,0x4c,0x4c,0x05,0x05,
  0x64,0x64,0x64,0x64,0x24,0x24,0x24,0x41,0x3f,0x3f,0x24,0x3f,0x65,0x65,0x65,0x65,
  0x87,0x87,0x1a,0x1a,0x87,0x87,0x1a,0x1a,0xbd,0xbd,0xe2,0xbd,0x69,0x69,0xfa,0xbd,
  0x87,0x87,0x87,0x87,0xbd,0xbd,0x52,0x52,0x87,0x87,0x87,0x87,0x71,0x71,0x71,0x64,
  0x87,0x87,0x1a,0x1a,0x69,0x69,0x05,0x14,0x4c,0x4c,0x05,0x05,0x4c,0x4c,0x05,0x05,
  0x92,0x92,0x93,0xb8,0xaf,0xaf,0x08,0x08,0xbc,0xbc,0x4d,0x4d,0xbc,0xbc,0x4d,0x4d,
  0xbc,0xbc,0x4d,0x4d,0xbc,0xbc,0xbc,0xc1,0xbc,0xbc,0x69,0x69,0x4c,0x4c,0x05,0x05,
  0x4c,0x4c,0x4c,0x4c,0x4c,0x4c,0x05,0x05,0x69,0x69,0x05,0x05,0xd3,0xbd,0x84,0x84,
  0x71,0x71,0x71,0x64,0x87,0x87,0x87,0x87,0x71,0x71,0x64,0x71,0x41,0x41,0x09,0x09,
  0xbd,0xbd,0x52,0x52,0xbd,0xbd,0xe2,0xe2,0x87,0x87,0x1a,0x1a,0x87,0x87,0x1a,0x1a,
  0x87,0x87,0x1a,0x1a,0x87,0x87,0x1a,0x1a,0xbd,0xbd,0xe2,0xbd,0x69,0x69,0xbd,0xbd,
  0x87,0x87,0x87,0x87,0x52,0xbd,0x52,0x52,0x87,0x87,0x87,0x87,0x64,0x71,0x64,0x64,
  0x87,0x87,0x1a,0x1a,0x69,0x69,0x14,0x14,0x4c,0x4c,0x05,0x05,0x4c,0x4c,0x05,0x05,
  0x92,0x92,0x93,0xb8,0xaf,0xaf,0x08,0x08,0xbc,0xbc,0x4d,0x4d,0xbc,0xbc,0x4d,0x4d,
  0xbc,0xbc,0x4d,0x4d,0xbc,0xbc,0xbc,0xc1,0xbc,0xc1,0x69,0x05,0x4c,0x4c,0x05,0x05,
  0x4c,0x4c,0x4c,0x4c,0x4c,0x4c,0x05,0x05,0x69,0x69,0x14,0x14,0xbd,0xbd,0x84,0x84,
  0x71,0x64,0x71,0x64,0x87,0x87,0x87,0x87,0x71,0x71,0x64,0x64,0x41,0x41,0x09,0x09,
  0xbd,0xbd,0x52,0x52,0xbd,0xe2,0xe2,0xbd,0x87,0x87,0x1a,0x1a,0x87,0x87,0x1a,0x1a,
  0x87,0x87,0x1a,0x05,0x87,0x87,0x1a,0x1a,0x88,0x88,0x88,0x88,0x69,0x4c,0xfa,0xfa,
  0x1a,0x1a,0x05,0x05,0xbd,0xbd,0x52,0x52,0x37,0x37,0x37,0x37,0x64,0x64,0x64,0x64,
  0x87,0x87,0x1a,0x1a,0x69,0x69,0x05,0x05,0x4c,0x4c,0x05,0x05,0x4c,0x4c,0x05,0x05,
  0x90,0x90,0x93,0x92,0xaf,0xaf,0x08,0x08,0xbc,0xbc,0x4d,0x4d,0xbc,0xbc,0x4d,0x4d,
  0xbc,0xbc,0x4d,0x4d,0x4d,0x4d,0x4d,0x4d,0xbc,0xbc,0x4d,0x4d,0x4c,0x4c,0x05,0x05,
  0x05,0x05,0x05,0x05,0x4c,0x4c,0x05,0x05,0x69,0x69,0x05,0x05,0xd3,0xd3,0x84,0x84,
  0x64,0x64,0x64,0x64,0x37,0x37,0x37,0x37,0x71,0x71,0x71,0x71,0x09,0x09,0x09,0x09,
  0xe2,0xbd,0x52,0x52,0x88,0x88,0xea,0x88,0x87,0x87,0x1a,0x1a,0x87,0x87,0x1a,0x05,
  0x87,0x87,0x1a,0x1a,0x87,0x87,0x1a,0x1a,0x88,0x88,0xea,0x88,0x69,0x69,0xbd,0xbd,
  0x1a,0x05,0x1a,0x1a,0xbd,0x52,0x52,0x52,0x37,0x37,0x37,0x37,0x64,0x64,0x64,0x64,
  0x87,0x87,0x1a,0x1a,0x69,0x69,0x14,0x05,0x4c,0x4c,0x05,0x05,0x4c,0x4c,0x05,0x05,
  0x90,0x90,0x93,0x92,0xaf,0xaf,0x3f,0x3f,0xc1,0xc1,0x4d,0x4d,0xbc,0xbc,0x4d,0x4d,
  0xc1,0xc1,0x4d,0x4d,0x4d,0x4d,0x4d,0x4d,0xc1,0xc1,0x05,0x05,0x4c,0x4c,0x05,0x05,
  0x05,0x05,0x05,0x05,0x4c,0x4c,0x05,0x05,0x69,0x69,0x05,0x05,0xd3,0xd3,0x84,0x84,
  0x64,0x64,0x64,0x64,0x37,0x37,0x37,0x37,0x71,0x64,0x64,0x64,0x09,0x41,0x09,0x09,
  0xbd,0xbd,0x52,0x52,0x88,0x88,0xea,0x88,0x87,0x87,0x1a,0x1a,0x87,0x87,0x1a,0x1a,
  0x87,0x87,0x1a,0x1a,0x71,0x71,0x71,0x71,0x71,0x71,0x71,0x71,0x71,0x71,0x71,0x71,
  0x42,0x42,0x42,0x42,0x87,0x87,0x07,0x07,0x42,0x42,0x42,0x42,0x87,0x87,0x1a,0x1a,
  0x87,0x87,0x87,0x87,0x09,0x09,0x09,0x09,0x09,0x09,0x09,0x09,0x64,0x64,0x65,0x64,
  0x64,0x64,0x64,0x64,0x09,0x09,0x09,0xe6,0x87,0x87,0x87,0x87,0xfa,0xfa,0x14,0x14,
  0xa0,0xa0,0xa0,0xa0,0x60,0x60,0x60,0x60,0xbd,0xbd,0x88,0x88,0x24,0x24,0x24,0x24,
  0x69,0x69,0x05,0x05,0x69,0x69,0x14,0x14,0x41,0x24,0x55,0x55,0x24,0x24,0x41,0x55,
  0x55,0x55,0x55,0x41,0x55,0x24,0x41,0x24,0x41,0x24,0x41,0x24,0xda,0xda,0x04,0x04,
  0x79,0x49,0x79,0x49,0x79,0x49,0x79,0x49,0x79,0x79,0x79,0x49,0x79,0x79,0x79,0x49,
  0x87,0x87,0x1a,0x1a,0x71,0x71,0x71,0x71,0x71,0x71,0x71,0x71,0x71,0x71,0x71,0x71,
  0x42,0x42,0x42,0x42,0x87,0x87,0x07,0x07,0x42,0x42,0x42,0x42,0x87,0x87,0x1a,0x1a,
  0x87,0x87,0x87,0x87,0x09,0x09,0x09,0x09,0x09,0x09,0x09,0x09,0x65,0x64,0x65,0x65,
  0x64,0x64,0x64,0x64,0x09,0x09,0x09,0xe6,0x87,0x87,0x87,0x87,0xfa,0xfa,0x14,0x14,
  0xa0,0xa0,0xa0,0xa0,0xd2,0x60,0x60,0x60,0xbd,0xbd,0x88,0x88,0x24,0x24,0x24,0x24,
  0x69,0x4c,0x05,0x05,0x69,0x4c,0x05,0x05,0x41,0x24,0x41,0x41,0x24,0x55,0x41,0x41,
  0x24,0x24,0x24,0x24,0x41,0x55,0x41,0x55,0x41,0x55,0x41,0x24,0xda,0xda,0x04,0x04,
  0x79,0x79,0x79,0x49,0x79,0x79,0x79,0x49,0x79,0x79,0x79,0x49,0x79,0x79,0x79,0x49,
  0x87,0x87,0x1a,0x1a,0x64,0x64,0x64,0x64,0x64,0x64,0x64,0x64,0x64,0x71,0x64,0x64,
  0x5a,0x5a,0x5a,0x5a,0x87,0x87,0x07,0x07,0x6b,0x6b,0x6b,0x6b,0x87,0x87,0x1a,0x1a,
  0x07,0x07,0xba,0xba,0x17,0x17,0x17,0x17,0x17,0x17,0x17,0x17,0x65,0x64,0x65,0x65,
  0x64,0x64,0x64,0x64,0x17,0x17,0x17,0x17,0x54,0x54,0x1a,0x1a,0xfa,0xc1,0x14,0x4d,
  0xe0,0xe0,0xcf,0xe0,0xeb,0x18,0x18,0xeb,0xbd,0xbd,0x88,0x88,0x96,0x96,0x3f,0x3f,
  0x4c,0x4c,0x05,0x05,0x69,0x4c,0x14,0x05,0x3f,0x24,0x3f,0x3f,0x24,0x24,0x3f,0x3f,
  0x3f,0x3f,0x3f,0x3f,0x3f,0x24,0x3f,0x24,0x3f,0x24,0x3f,0x24,0xda,0xda,0x04,0x04,
  0x2e,0x49,0x36,0x49,0x17,0x49,0x36,0x49,0xe9,0x36,0x36,0x49,0xe9,0xe9,0x36,0x49,
  0x87,0x87,0x1a,0x1a,0x64,0x64,0x64,0x64,0x64,0x64,0x64,0x64,0x64,0x71,0x64,0x64,
  0x5a,0x5a,0x5a,0x5a,0x87,0x87,0x07,0x07,0x6b,0x6b,0x6b,0x6b,0x87,0x87,0x1a,0x1a,
  0x07,0x07,0xba,0xba,0x17,0x17,0x17,0x17,0x17,0x17,0x17,0x17,0x65,0x65,0x65,0x65,
  0x64,0x64,0x64,0x64,0x17,0x17,0x17,0x17,0x54,0x54,0x1a,0x1a,0xda,0xda,0x69,0x69,
  0xe0,0xe0,0xcf,0xe0,0xd2,0x18,0x18,0xeb,0xe3,0xe2,0xea,0x88,0x96,0x96,0x96,0x96,
  0x4c,0x4c,0x05,0x05,0x4c,0x4c,0x05,0x05,0x3f,0x24,0x3f,0x3f,0x24,0x3f,0x3f,0x3f,
  0x24,0x24,0x24,0x24,0x3f,0x3f,0x3f,0x3f,0x3f,0x3f,0x3f,0x24,0x00,0x00,0x04,0x04,
  0x36,0x2e,0x36,0x49,0x17,0x36,0x36,0x49,0xe9,0x36,0x36,0x49,0xe9,0x36,0x36,0x49,
  0x69,0x69,0xbd,0xbd,0xe6,0xe6,0x94,0x94,0xbd,0xe2,0x52,0x52,0xd3,0xd3,0x52,0x52,
  0xc4,0xc4,0x96,0x96,0x87,0x87,0x1a,0x1a,0x87,0x87,0x1a,0x1a,0x87,0x87,0x87,0x87,
  0x8a,0x8a,0xc4,0xc4,0x87,0x87,0x14,0x14,0x41,0xc4,0xc4,0xc4,0x71,0x71,0x64,0x71,
  0x09,0x41,0x64,0x64,0x24,0x24,0x3f,0x3f,0xaa,0xaa,0x02,0xaa,0x02,0x47,0xaa,0xaa,
  0xcb,0xcb,0xcb,0xcb,0xaa,0xaa,0xaa,0xaa,0x00,0x00,0x00,0x00,0xaa,0x02,0x02,0x02,
  0xf4,0xf4,0xd3,0xf4,0xc1,0xc1,0xc1,0xc1,0xf4,0xf4,0xf4,0x87,0xc1,0xc1,0x4d,0x4d,
  0xc1,0xc1,0xc1,0xc1,0xda,0xda,0xda,0xda,0x00,0x00,0xcb,0xcb,0xbe,0xdc,0x98,0x98,
  0x46,0x1f,0x46,0x46,0x03,0x03,0xba,0x10,0x03,0x03,0x10,0x10,0xb0,0xb0,0xb0,0xb0,
  0x69,0x69,0xbd,0xbd,0xe6,0xe6,0x94,0x94,0xe2,0xe2,0x52,0x52,0xd3,0xd3,0x52,0x52,
  0x8a,0xc4,0x3f,0x96,0x87,0x87,0x1a,0x1a,0x87,0x87,0x1a,0x1a,0x87,0x87,0x87,0x87,
  0xc4,0xc4,0xc4,0xc4,0x87,0x87,0x14,0x14,0x41,0xc4,0xc4,0xc4,0x64,0x71,0x64,0x71,
  0x41,0x41,0x64,0x64,0x24,0x24,0x3f,0x3f,0xaa,0xaa,0xaa,0xaa,0x02,0x47,0xaa,0xaa,
  0xcb,0xcb,0xaa,0xcb,0xaa,0xaa,0xaa,0xaa,0x00,0x00,0x00,0x00,0xaa,0xaa,0xaa,0x02,
  0xf4,0xf4,0xd3,0x87,0xc1,0xbc,0xc1,0xc1,0xd3,0x87,0x87,0xf4,0xc1,0xbc,0x4d,0x4d,
  0xc1,0xbc,0xc1,0xc1,0xda,0xda,0xda,0xda,0x00,0x00,0xcb,0xcb,0xbe,0xdc,0x98,0x98,
  0x46,0x1f,0x46,0x46,0x03,0x03,0xba,0xba,0x03,0x03,0x10,0xba,0xb0,0xb0,0xb0,0xb0,
  0x69,0x69,0xbd,0xbd,0xe6,0xe6,0x94,0x94,0xe2,0xe2,0xbd,0xbd,0xd3,0xd3,0x52,0x52,
  0x8a,0x41,0x3f,0x96,0x87,0x87,0x1a,0x1a,0x87,0x87,0x1a,0x1a,0x1a,0x1a,0x1a,0x1a,
  0x3f,0x3f,0x96,0x96,0x87,0x87,0x14,0x14,0x09,0x09,0x09,0x09,0x71,0x71,0x64,0x64,
  0x41,0x41,0x71,0x64,0x24,0x61,0x3f,0x24,0xaa,0xaa,0xaa,0xaa,0x5b,0xe4,0x5b,0x5b,
  0x02,0x5b,0x5b,0x5b,0xaa,0x02,0x02,0x02,0x00,0x00,0xcb,0x00,0xaa,0xaa,0xaa,0xaa,
  0xd3,0xd3,0xbd,0xd3,0x4d,0x4d,0x4d,0x4d,0xd3,0xd3,0xd3,0xd3,0xc1,0xbc,0x4d,0x4d,
  0x4d,0x4d,0x4d,0x4d,0x04,0x04,0x04,0x04,0x00,0x00,0xcb,0xcb,0xbe,0xdc,0x98,0x98,
  0x46,0x1f,0x46,0x46,0x03,0x03,0xba,0x10,0x03,0x03,0x03,0x10,0xb0,0xb0,0xb0,0xb0,
  0x69,0x69,0xbd,0xbd,0xe6,0xe6,0x94,0x94,0xe2,0xe2,0x52,0x52,0xd3,0xd3,0x52,0x52,
  0x8a,0x41,0x3f,0x96,0x87,0x87,0x1a,0x1a,0x87,0x87,0x1a,0x1a,0x1a,0x1a,0x1a,0x1a,
  0x96,0x96,0x96,0x96,0x87,0x87,0x14,0x14,0x09,0x09,0x09,0x09,0x64,0x64,0x64,0x71,
  0x41,0xe6,0x71,0x71,0x61,0x91,0x24,0x2e,0xaa,0xaa,0xaa,0xaa,0x5b,0xe4,0x5b,0x5b,
  0x5b,0x5b,0x02,0x5b,0xaa,0x02,0x02,0x02,0x00,0x00,0xcb,0xcb,0xaa,0xaa,0xaa,0xaa,
  0xd3,0xd3,0xbd,0xd3,0x4d,0x4d,0x4d,0x4d,0xbd,0xd3,0xd3,0xd3,0xbc,0xbc,0x4d,0x4d,
  0x4d,0x4d,0x4d,0x4d,0x04,0x04,0x04,0x04,0x00,0x00,0xcb,0xcb,0xbe,0xdc,0x98,0x98,
  0x46,0x1f,0x46,0x46,0x03,0x03,0xba,0xba,0x03,0x03,0x10,0x10,0xb0,0xb0,0xb0,0xb0,
  0xe6,0xe6,0x41,0x41,0xe6,0xe6,0xe6,0xe6,0x87,0x87,0x1a,0x1a,0x41,0x41,0x09,0x41,
  0x69,0x69,0xfa,0xbd,0x87,0x87,0x1a,0x1a,0x42,0x42,0x42,0x42,0xd3,0xd3,0xd3,0xbd,
  0xe6,0xe6,0x41,0x41,0x87,0x87,0x1a,0x1a,0xbd,0xbd,0xd3,0xbd,0x87,0x87,0x05,0xd3,
  0x24,0x24,0x24,0x24,0xaa,0xaa,0xaa,0xaa,0xe2,0xe2,0xbd,0x52,0x24,0x24,0x24,0x24,
  0x8a,0x8a,0x09,0x09,0x24,0x24,0x41,0x55,0x24,0x24,0x41,0x41,0xee,0xee,0xee,0xee,
  0x61,0x61,0x61,0x61,0x24,0x24,0x24,0x24,0x4c,0x4c,0x05,0x05,0xc1,0xc1,0xbc,0xc1,
  0xc1,0xc1,0x4d,0x4d,0xc1,0xc1,0x4d,0x4d,0x89,0xc3,0x08,0x40,0xb4,0xc3,0x89,0xb4,
  0x4f,0x4f,0x4f,0x4f,0x03,0x03,0x03,0x03,0x03,0x03,0x03,0x03,0x03,0x03,0x10,0x10,
  0xe6,0xe6,0xe6,0xe6,0xe6,0xe6,0x41,0xe6,0x87,0x87,0x1a,0x1a,0x41,0x41,0x09,0x09,
  0x69,0x69,0xfa,0xbd,0x87,0x87,0x1a,0x1a,0x42,0x42,0x42,0x42,0xd3,0xd3,0xd3,0xd3,
  0xe6,0x41,0x41,0x41,0x87,0x87,0x1a,0x1a,0xbd,0xbd,0xbd,0xbd,0x87,0x87,0x05,0x05,
  0x24,0x24,0x2e,0x91,0xaa,0xaa,0xaa,0xaa,0xbd,0xbd,0x52,0x52,0x24,0x24,0x24,0x24,
  0x8a,0x8a,0x09,0x09,0x24,0x55,0x41,0x55,0x24,0x24,0x09,0x09,0xee,0xee,0xee,0xee,
  0x24,0x61,0x61,0x61,0x24,0x24,0x24,0x24,0x69,0x69,0x05,0x05,0xc1,0xc1,0xbc,0xbc,
  0xc1,0xc1,0x4d,0x4d,0xc1,0xc1,0x4d,0x4d,0x89,0xb4,0x08,0x08,0xb4,0xb4,0x89,0x89,
  0x4f,0x4f,0x4f,0x4f,0x03,0x03,0x03,0x03,0x03,0x03,0x03,0x03,0x03,0x03,0x10,0xba,
  0x41,0x41,0x09,0x09,0x41,0x41,0x41,0x41,0x87,0x87,0x1a,0x1a,0x64,0x71,0x64,0x64,
  0x69,0x69,0xfa,0xfa,0x87,0x87,0x1a,0x1a,0xba,0xba,0x5a,0x5a,0x52,0x52,0x52,0x52,
  0xe6,0xe6,0x41,0x41,0x87,0x87,0x1a,0x1a,0x52,0x52,0xbd,0x52,0x87,0x87,0x05,0x05,
  0x3f,0x3f,0x3f,0x3f,0xaa,0xaa,0xaa,0xaa,0xe2,0xe2,0x52,0x52,0x3f,0x96,0x96,0x96,
  0x8a,0x8a,0x09,0x8a,0x24,0x24,0x3f,0x3f,0x55,0x55,0x09,0x09,0x9b,0x9b,0x9b,0x9b,
  0x91,0x91,0x24,0x24,0x96,0x96,0x96,0x96,0x69,0x69,0x05,0x05,0xc1,0xc1,0xbc,0xc1,
  0xc1,0xc1,0x4d,0x4d,0xbc,0xc1,0x4d,0x4d,0x89,0x89,0x08,0x08,0xb4,0xc3,0x89,0xb4,
  0x51,0x51,0x51,0x51,0x03,0x03,0x03,0x03,0x03,0x03,0x03,0x03,0x03,0x03,0xba,0xba,
  0x41,0x41,0x41,0x41,0x41,0x41,0x41,0x41,0xf4,0xf4,0x05,0x05,0x64,0x64,0x64,0x64,
  0x69,0x69,0xbd,0xbd,0x87,0x87,0x1a,0x1a,0xba,0xba,0xba,0xba,0x52,0x52,0xbd,0x52,
  0x41,0xe6,0x41,0x41,0x87,0x87,0x05,0x1a,0x52,0x52,0x52,0x52,0x87,0x87,0x05,0x05,
  0x3f,0x3f,0x2e,0x91,0xaa,0xaa,0xaa,0xaa,0xe2,0xbd,0x52,0x52,0x3f,0x3f,0x96,0x96,
  0x8a,0x2e,0x8a,0x8a,0x24,0x3f,0x3f,0x3f,0x24,0x55,0x09,0x09,0x9b,0x9b,0x9b,0x9b,
  0x3f,0x91,0x24,0x24,0x3f,0x96,0x96,0x96,0x4c,0x4c,0x05,0x05,0xc1,0xc1,0xbc,0xbc,
  0xc1,0xc1,0x4d,0x4d,0xbc,0xbc,0x4d,0x4d,0xb4,0xb4,0x08,0x08,0xb4,0xc3,0x89,0xb4,
  0x51,0x51,0x51,0x51,0x03,0x03,0x03,0x03,0x03,0x03,0x03,0x03,0x03,0x03,0xba,0xba,
  0x4c,0x4c,0x4c,0x4c,0xe6,0xe6,0x41,0x41,0xe2,0xe2,0xe2,0xe2,0xe2,0xbd,0xbd,0xbd,
  0x87,0x87,0x87,0x87,0x42,0x42,0x45,0x45,0x52,0x52,0xbd,0xbd,0x87,0x87,0x37,0x37,
  0xd0,0xd0,0xd0,0xd0,0x87,0x87,0x05,0x1a,0x42,0x42,0x45,0x45,0x66,0x66,0x65,0x64,
  0x22,0x02,0x02,0x02,0x93,0xb8,0xb8,0x92,0xe2,0xe2,0xe2,0xe2,0xd3,0xbd,0xbd,0xbd,
  0xbd,0xbd,0xe2,0xe2,0x4c,0x4c,0x05,0x05,0xe2,0xe2,0xe2,0xe2,0xcb,0xcb,0xcb,0xcb,
  0xad,0xad,0xfc,0xfc,0xc1,0xc1,0x4d,0x4d,0x4c,0x4c,0x4c,0x4c,0xbd,0xe2,0xe2,0xe2,
  0x24,0x24,0x3f,0x3f,0x2e,0x2e,0x8a,0x8a,0x89,0x89,0x0a,0x0a,0xb4,0xb4,0x89,0x89,
  0x99,0xdc,0x99,0x99,0x10,0x10,0xbf,0xbf,0x10,0x10,0xbf,0xbf,0x10,0x10,0xbf,0xbf,
  0x4c,0x4c,0x4c,0x4c,0x41,0xe6,0x41,0x41,0xe2,0xe2,0xe2,0xe2,0xbd,0xbd,0xbd,0xe2,
  0x87,0x87,0x87,0x87,0x42,0x42,0x45,0x45,0xbd,0xbd,0xbd,0xbd,0x87,0x87,0x52,0x37,
  0xd0,0xd0,0xd0,0xd0,0x87,0x87,0x1a,0x1a,0x42,0x42,0x45,0x45,0x66,0x66,0x64,0x65,
  0x02,0x02,0x02,0x02,0xb8,0x92,0xb8,0x92,0xbd,0xbd,0xe2,0xbd,0xd3,0xbd,0xbd,0xbd,
  0xbd,0xbd,0xe2,0xbd,0x4c,0x4c,0x05,0x05,0xbd,0xbd,0xe2,0xe2,0xcb,0xcb,0xcb,0xcb,
  0xfc,0xfc,0xfc,0xfc,0xbc,0xc1,0x4d,0x4d,0x4c,0x4c,0x4c,0x4c,0xe2,0xe2,0xe2,0xe2,
  0x24,0x24,0x3f,0x96,0x2e,0x8a,0x8a,0x8a,0x89,0x89,0x0a,0x0a,0xb4,0xb4,0x89,0x89,
  0x99,0xdc,0x99,0x99,0x10,0x10,0xbf,0xbf,0x10,0x10,0xbf,0xbf,0x10,0x10,0xbf,0xbf,
  0x4d,0x05,0x05,0x05,0x41,0xe6,0x41,0x41,0x88,0x88,0x88,0x88,0x88,0x88,0x88,0x88,
  0x1a,0x1a,0x1a,0x1a,0x42,0x11,0x45,0x15,0x52,0x52,0x52,0x52,0x87,0x87,0x37,0x37,
  0xd0,0xd0,0xd0,0xd0,0x87,0x87,0x1a,0x1a,0x42,0x42,0x45,0x45,0x66,0x71,0x65,0x65,
  0x86,0x86,0x5f,0x5f,0x93,0x92,0x92,0x90,0x88,0x88,0xea,0x88,0x84,0x84,0x84,0x84,
  0x52,0x37,0x52,0x52,0x4c,0x4c,0x05,0x05,0xbd,0xbd,0xbd,0xbd,0x04,0x04,0xcb,0x04,
  0xd7,0xd7,0xd7,0xd7,0xda,0xc1,0xc1,0x4d,0x05,0x05,0x05,0x05,0x52,0x52,0x52,0x52,
  0x24,0x61,0x3f,0x3f,0x2e,0x8a,0x8a,0x8a,0x89,0x89,0x0a,0x0a,0x89,0xb4,0x89,0x89,
  0xdc,0xdc,0x99,0x99,0x10,0x10,0xbf,0xbf,0x10,0x10,0xbf,0xbf,0x10,0x10,0xbf,0xbf,
  0x4d,0x4d,0x4d,0x05,0xe6,0xe6,0x41,0x41,0x88,0x88,0x88,0x88,0x88,0x88,0x88,0x88,
  0x1a,0x1a,0x1a,0x1a,0x11,0x42,0x15,0x45,0x52,0x52,0x52,0x52,0x87,0x87,0x37,0x37,
  0xd0,0xd0,0xd0,0xd0,0x87,0x87,0x1a,0x1a,0x42,0x42,0x45,0x45,0x66,0x66,0x65,0x65,
  0x5f,0x86,0x5f,0x86,0x93,0x90,0x92,0x90,0x88,0x88,0x88,0x88,0x84,0x84,0x84,0x84,
  0x52,0x37,0x52,0x52,0x4c,0x4c,0x05,0x05,0x88,0x88,0xbd,0xbd,0x04,0x04,0xcb,0x04,
  0xd7,0xd7,0xad,0xad,0xda,0xc1,0xc1,0x4d,0x05,0x37,0x05,0x05,0x52,0x52,0x52,0x52,
  0x24,0x24,0x96,0x96,0x8a,0x8a,0x8a,0x8a,0x89,0x89,0x0a,0x0a,0x89,0xc3,0x89,0xb4,
  0xdc,0xdc,0x99,0x99,0x10,0x10,0xbf,0xbf,0x10,0x10,0xbf,0xbf,0x10,0x10,0xbf,0xbf,
  0x24,0x24,0x3f,0x3f,0x55,0x55,0x55,0x55,0xe2,0xbd,0x88,0x88,0x42,0x42,0x42,0x42,
  0xe6,0x41,0x09,0x41,0x66,0x66,0x66,0x66,0x09,0x41,0x41,0x41,0x66,0x66,0x66,0x66,
  0x87,0x87,0x87,0x87,0x87,0x87,0x1a,0x1a,0x64,0x71,0x64,0x64,0xd2,0xd2,0x7b,0x7b,
  0x02,0xb1,0xe4,0xe4,0x87,0x87,0x1a,0x1a,0x87,0x87,0x1a,0x1a,0x71,0x71,0x64,0x64,
  0x42,0x42,0x42,0x42,0x69,0x69,0xbd,0xbd,0xd3,0xd3,0xd3,0xd3,0x41,0x41,0x41,0x41,
  0x91,0x0f,0x08,0xaf,0x86,0x86,0x86,0x86,0x8a,0x8a,0xc4,0xc4,0x69,0x69,0x88,0x88,
  0xe2,0xe2,0xe2,0xe2,0x24,0x24,0x96,0x96,0x89,0x89,0x89,0x89,0x0f,0x0f,0xaf,0xaf,
  0xdc,0xdc,0x99,0x99,0x1f,0x1f,0x46,0x46,0x10,0x10,0xbf,0xbf,0x03,0x03,0x03,0x03,
  0x24,0x24,0x3f,0x3f,0x55,0x24,0x55,0x55,0xe2,0xbd,0x88,0x88,0x42,0x42,0x42,0x42,
  0x41,0x41,0x41,0x41,0x66,0x66,0x66,0x66,0x09,0x41,0x41,0x41,0x66,0x66,0x66,0x66,
  0x87,0x87,0x87,0x87,0x87,0x87,0x1a,0x1a,0x64,0x71,0x64,0x64,0xd2,0xd2,0x7b,0x7b,
  0x02,0xb1,0xe4,0xe4,0x87,0x87,0x1a,0x1a,0x87,0x87,0x1a,0x1a,0x71,0x71,0x64,0x64,
  0x42,0x42,0x42,0x42,0x69,0x69,0xbd,0xbd,0xbd,0xd3,0xd3,0xd3,0x41,0x41,0x09,0x09,
  0x91,0x0f,0x08,0xaf,0x86,0x86,0x86,0x86,0x41,0xc4,0xc4,0xc4,0x69,0x69,0x88,0x88,
  0xbd,0xe2,0xe2,0xe2,0x24,0x24,0x3f,0x96,0x89,0x89,0x89,0x89,0x0f,0x0f,0xaf,0xaf,
  0xdc,0xdc,0x99,0x99,0x1f,0x1f,0x46,0x46,0x10,0x10,0xbf,0xbf,0x03,0x03,0x03,0x03,
  0x24,0x24,0x3f,0x3f,0x41,0x55,0x41,0x41,0xe2,0xe2,0x88,0x88,0xba,0xba,0xba,0xba,
  0x71,0x71,0x64,0x64,0x17,0x17,0x17,0x17,0x64,0x64,0x64,0x71,0x09,0x41,0x09,0x09,
  0x14,0x14,0x14,0x14,0x87,0x87,0x1a,0x1a,0x64,0x64,0x64,0x64,0xd2,0xd2,0xeb,0xeb,
  0x02,0xb1,0xe4,0xe4,0x87,0x87,0x1a,0x1a,0x87,0x87,0x1a,0x1a,0x64,0x64,0x64,0x64,
  0x5a,0x5a,0x5a,0x5a,0x69,0x69,0xbd,0xbd,0x84,0x84,0x84,0x52,0x41,0x41,0x09,0x41,
  0x91,0x0f,0x08,0x08,0x86,0x86,0x86,0x86,0x09,0x09,0x09,0x09,0x69,0x69,0x88,0x88,
  0x52,0x52,0x52,0x52,0x24,0x24,0x3f,0x3f,0x08,0x08,0x08,0x08,0x0f,0x0f,0xaf,0xaf,
  0xdc,0xdc,0x99,0x99,0x1f,0x1f,0x46,0x46,0x10,0x10,0xbf,0xbf,0xba,0xba,0xba,0xba,
  0x24,0x24,0x3f,0x3f,0x41,0x24,0x41,0x41,0xe2,0xe2,0x88,0x88,0xba,0xba,0xba,0xba,
  0x71,0x64,0x64,0x71,0x17,0x17,0x17,0x17,0x64,0x64,0x64,0x71,0x09,0x41,0x09,0x09,
  0x14,0x14,0x14,0x14,0x87,0x87,0x1a,0x1a,0x64,0x71,0x64,0x64,0xd2,0xd2,0xeb,0x0e,
  0x02,0xb1,0xe4,0xe4,0x87,0x87,0x1a,0x1a,0x87,0x87,0x1a,0x1a,0x71,0x71,0x64,0x64,
  0x5a,0x5a,0x5a,0x5a,0x69,0x69,0xbd,0xbd,0x84,0x84,0x84,0x84,0x41,0x41,0x09,0x41,
  0x91,0x91,0x08,0x08,0x86,0x86,0x86,0x86,0x09,0x09,0x09,0x09,0x69,0x69,0x88,0x88,
  0x52,0x52,0x52,0x52,0x24,0x24,0x96,0x96,0x08,0x08,0x08,0x08,0x0f,0x0f,0xaf,0xaf,
  0xdc,0xdc,0x99,0x99,0x1f,0x1f,0x46,0x46,0x10,0x10,0xbf,0xbf,0xba,0xba,0xba,0xba,
  0x4c,0x4c,0x05,0x05,0x4c,0x4c,0x05,0x05,0x4c,0x4c,0x05,0x05,0x2e,0x2e,0x8a,0x8a,
  0x87,0xf4,0xd3,0xd3,0xbd,0xbd,0x52,0x52,0x24,0x24,0x96,0x96,0x4c,0x69,0x05,0x14,
  0xbd,0xbd,0xbd,0xe2,0xe6,0xe6,0x41,0x41,0x41,0x41,0x09,0x41,0xbb,0x79,0xc5,0xc5,
  0x02,0x47,0x5b,0xe4,0xc4,0xc4,0xc4,0xc4,0x42,0x42,0x5a,0x5a,0x87,0x87,0x87,0x87,
  0x41,0x41,0x09,0x09,0x42,0x42,0x42,0x42,0x69,0x69,0xfa,0xfa,0x87,0x87,0x87,0x87,
  0x2e,0x2e,0xc6,0xc6,0xfc,0xfc,0xd7,0xd7,0x69,0x69,0x88,0x88,0x24,0x24,0x24,0x24,
  0x4c,0x4c,0x05,0x05,0x24,0x24,0x24,0x24,0xda,0xda,0x04,0x04,0x0f,0x0f,0xb4,0xb4,
  0x9a,0x4f,0x9a,0x9a,0x1f,0x1f,0x46,0x46,0x03,0x03,0xba,0xba,0x03,0x03,0x03,0x03,
  0x4c,0x4c,0x05,0x05,0x4c,0x4c,0x05,0x05,0x4c,0x4c,0x05,0x05,0x8a,0x8a,0x8a,0x8a,
  0xf4,0xf4,0xd3,0xd3,0xe2,0xbd,0x52,0x52,0x24,0x24,0x96,0x96,0x4c,0x69,0x05,0x05,
  0xbd,0xbd,0xbd,0xe2,0x41,0xe6,0x41,0x41,0x41,0x41,0x41,0x41,0xbb,0x79,0xc5,0x36,
  0x02,0x47,0x5b,0xe4,0x41,0x41,0x41,0xc4,0x42,0x42,0x5a,0x5a,0x87,0x87,0x87,0x87,
  0x41,0x41,0x09,0x41,0x42,0x42,0x42,0x42,0x69,0x69,0xfa,0xfa,0x87,0x87,0x87,0x87,
  0x2e,0x2e,0xc6,0xc6,0xfc,0xfc,0xd7,0xd7,0x69,0x69,0x88,0x88,0x24,0x24,0x24,0x24,
  0x4c,0x4c,0x05,0x05,0x24,0x55,0x24,0x3f,0xda,0xda,0x04,0x04,0x0f,0x0f,0xb4,0xb4,
  0x9a,0x4f,0x9a,0x4f,0x1f,0x1f,0x46,0x46,0x03,0x03,0xba,0xba,0x03,0x03,0x03,0x03,
  0x4c,0x4c,0x05,0x05,0x4c,0x4c,0x05,0x05,0x4c,0x4c,0x05,0x05,0x8a,0x8a,0x41,0x41,
  0xf4,0xf4,0xd3,0xd3,0xe2,0xbd,0x52,0x52,0x24,0x24,0x96,0x96,0x4c,0x69,0x05,0x05,
  0x52,0x52,0x52,0x52,0x71,0x71,0x64,0x71,0x41,0x41,0x09,0x41,0xbb,0x79,0xc5,0x36,
  0x02,0x47,0x5b,0xe4,0x09,0x09,0x09,0x09,0x42,0x42,0x5a,0x5a,0x1a,0x1a,0x1a,0x1a,
  0x41,0x41,0x41,0x41,0xba,0xba,0xba,0xba,0x69,0x69,0xbd,0xbd,0x37,0x52,0x52,0x37,
  0x2e,0x2e,0xc6,0xc6,0xd7,0xfc,0xc8,0xd7,0x69,0x69,0x88,0x88,0x3f,0x3f,0x3f,0x3f,
  0x4c,0x4c,0x05,0x05,0x24,0x24,0x24,0x24,0xda,0xda,0x04,0x04,0x0f,0x0f,0xb4,0xb4,
  0x9a,0x4f,0x9a,0x4f,0x1f,0x1f,0x46,0x46,0x03,0x03,0xba,0xba,0x03,0x03,0x03,0x03,
  0x4c,0x4c,0x05,0x05,0x4c,0x4c,0x05,0x05,0x4c,0x4c,0x05,0x05,0x8a,0x8a,0x41,0x41,
  0xf4,0x87,0xd3,0xd3,0xe2,0xbd,0x52,0x52,0x24,0x24,0x3f,0x3f,0x69,0x69,0x05,0x05,
  0x52,0x52,0x52,0x52,0x71,0x71,0x64,0x71,0x41,0x41,0x09,0x41,0x79,0x79,0xc5,0x36,
  0xaa,0x47,0x5b,0xe4,0x09,0x09,0x09,0x09,0x42,0x42,0x5a,0x5a,0x1a,0x1a,0x1a,0x1a,
  0x41,0xe6,0x41,0x41,0xba,0xba,0xba,0xba,0x69,0x69,0xbd,0xbd,0x52,0x37,0x37,0x37,
  0x2e,0x2e,0xc6,0xc6,0xd7,0xfc,0xc8,0xd7,0x69,0x69,0x88,0x88,0x3f,0x3f,0x3f,0x3f,
  0x4c,0x4c,0x05,0x05,0x24,0x24,0x24,0x24,0xda,0xda,0x04,0x04,0x0f,0x0f,0xb4,0xb4,
  0x4f,0x4f,0x9a,0x4f,0x1f,0x1f,0x46,0x46,0x03,0x03,0xba,0xba,0x03,0x03,0x03,0x03,
  0x4c,0x4c,0x05,0x05,0xc1,0xc1,0xbc,0xbc,0xf2,0xf2,0x88,0x04,0xc1,0xc1,0x4d,0x4d,
  0x4c,0x4c,0x05,0x05,0x24,0x24,0x24,0x24,0x4c,0x4c,0x05,0x05,0x4c,0x4c,0x4c,0x4c,
  0x4c,0x4c,0x05,0x05,0x4c,0x4c,0x05,0x05,0xe2,0xe2,0x52,0x52,0x79,0x49,0x2e,0x2e,
  0xaa,0xcb,0xb1,0xb1,0x24,0x24,0x24,0x24,0x69,0x69,0x05,0x14,0x69,0x69,0x14,0x14,
  0x24,0x24,0x24,0x24,0xe2,0xe2,0x52,0x52,0xe2,0xe2,0x52,0x52,0x69,0x69,0x05,0x14,
  0x24,0x61,0x3f,0x3f,0x26,0x26,0x26,0x26,0x69,0x4c,0x69,0x69,0x4c,0x4c,0x05,0x05,
  0xc1,0xc1,0xbc,0xbc,0xc1,0xbc,0x4d,0x4d,0x61,0x61,0xaf,0xaf,0x0f,0x0f,0x89,0x89,
  0x9a,0x4f,0x9a,0x4f,0x46,0x1f,0x46,0x46,0x03,0x03,0xba,0xba,0x03,0x03,0xba,0xba,
  0x4c,0x4c,0x05,0x05,0xc1,0xc1,0xbc,0xbc,0xf2,0xf2,0x88,0x04,0xc1,0xc1,0x4d,0x4d,
  0x4c,0x4c,0x05,0x05,0x24,0x24,0x24,0x24,0x4c,0x4c,0x05,0x05,0x4c,0x4c,0x4c,0x4c,
  0x4c,0x4c,0x05,0x05,0x4c,0x4c,0x05,0x05,0xe2,0xe2,0x52,0x52,0x79,0x49,0x2e,0x2e,
  0xaa,0xcb,0xb1,0xb1,0x24,0x24,0x24,0x24,0x69,0x69,0x05,0x05,0x69,0x69,0x14,0x14,
  0x24,0x24,0x24,0x24,0xe2,0xe2,0x52,0x52,0xe2,0xe2,0x52,0x52,0x69,0x69,0x05,0x05,
  0x24,0x61,0x3f,0x3f,0x26,0x26,0x26,0x26,0x69,0x4c,0x69,0x4c,0x4c,0x4c,0x05,0x05,
  0xbc,0xc1,0xbc,0xbc,0xc1,0xbc,0x4d,0x4d,0x61,0x61,0xaf,0xaf,0x0f,0x0f,0x89,0x89,
  0x9a,0x4f,0x9a,0x4f,0x46,0x1f,0x46,0x46,0x03,0x03,0xba,0xba,0x03,0x03,0xba,0x10,
  0x4c,0x4c,0x05,0x05,0x05,0x05,0x4d,0x4d,0xf2,0xf2,0x88,0x04,0xbc,0xc1,0x4d,0x4d,
  0x4c,0x4c,0x05,0x05,0x3f,0x3f,0x3f,0x3f,0x4c,0x4c,0x05,0x05,0x05,0x05,0x05,0x05,
  0x4c,0x4c,0x05,0x05,0x4c,0x4c,0x05,0x05,0xe2,0xe2,0x52,0x52,0x79,0x49,0x2e,0x2e,
  0xaa,0xcb,0xb1,0xb1,0x3f,0x3f,0x3f,0x3f,0x4c,0x69,0x05,0x05,0x69,0x69,0x14,0x05,
  0x96,0x96,0x3f,0x3f,0xe2,0xe2,0x52,0x52,0xe2,0xe2,0x52,0x52,0x69,0x69,0x05,0x05,
  0x24,0x61,0x3f,0x3f,0x26,0x26,0x26,0x26,0x05,0x05,0x05,0x05,0x4c,0x4c,0x05,0x05,
  0xc1,0xc1,0xbc,0xbc,0xc1,0xbc,0x4d,0x4d,0x61,0x61,0xaf,0xaf,0x0f,0x0f,0x89,0x89,
  0x4f,0x4f,0x9a,0x4f,0x1f,0x1f,0x46,0x46,0x03,0x03,0x10,0xba,0x03,0x03,0x10,0x10,
  0x4c,0x4c,0x05,0x05,0x05,0x05,0x4d,0x4d,0xf2,0xf2,0x88,0x88,0xc1,0xc1,0x4d,0x4d,
  0x4c,0x4c,0x05,0x05,0x96,0x96,0x96,0x3f,0x4c,0x4c,0x05,0x05,0x05,0x05,0x05,0x05,
  0x4c,0x4c,0x05,0x05,0x4c,0x4c,0x05,0x05,0xe2,0xe2,0x52,0x52,0x79,0x79,0x2e,0x2e,
  0xaa,0xcb,0xb1,0xb1,0x96,0x96,0x96,0x3f,0x4c,0x4c,0x05,0x05,0x69,0x69,0x14,0x05,
  0x96,0x3f,0x3f,0x3f,0xe2,0xe2,0x52,0x52,0xe2,0xe2,0x52,0x52,0x69,0x69,0x14,0x14,
  0x24,0x61,0x3f,0x3f,0x26,0x26,0x26,0x26,0x05,0x05,0x05,0x05,0x4c,0x4c,0x05,0x05,
  0xbc,0xc1,0xbc,0xbc,0xc1,0xbc,0x4d,0x4d,0x61,0x61,0xaf,0xaf,0x0f,0x0f,0x89,0x89,
  0x4f,0x4f,0x9a,0x4f,0x1f,0x1f,0x46,0x46,0x03,0x03,0x10,0xba,0x03,0x03,0x10,0xba,
  0xbc,0xbc,0x4d,0x4d,0xc1,0xc1,0x4d,0x4d,0xc1,0xc1,0xbc,0xbc,0xf2,0xf2,0xf2,0xf2,
  0xf4,0xf4,0xd3,0xd3,0xf2,0xf2,0x88,0x88,0xf4,0xf4,0xd3,0xd3,0xf4,0xf4,0xd3,0xd3,
  0x4c,0x4c,0x05,0x05,0x4c,0x4c,0x4c,0x4c,0x24,0x24,0x24,0x24,0x2e,0x2e,0x8a,0x8a,
  0xee,0xee,0x9b,0x9b,0xaf,0xaf,0x08,0x08,0x24,0x24,0x55,0x55,0x55,0x24,0x55,0x24,
  0x4c,0x4c,0x4c,0x4c,0x4c,0x4c,0x05,0x05,0x4c,0x4c,0x05,0x05,0x41,0x41,0x3f,0x3f,
  0x91,0x91,0x08,0x08,0x00,0x00,0x00,0x00,0x4c,0x4c,0x4c,0x4c,0x4c,0x4c,0x05,0x05,
  0xf4,0xf4,0x87,0x87,0xc1,0xbc,0x4d,0x4d,0x89,0x89,0x89,0x89,0xdc,0xdc,0xdc,0xdc,
  0x10,0x10,0x10,0x10,0x03,0x03,0x03,0x03,0x03,0x03,0x10,0xba,0x03,0x03,0x03,0x03,
  0xbc,0xbc,0x4d,0x4d,0xc1,0xc1,0x4d,0x4d,0xbc,0xc1,0xbc,0xbc,0xf2,0xf2,0xf2,0xf2,
  0xf4,0xf4,0xd3,0xd3,0xf2,0xf2,0x88,0x88,0xf4,0xf4,0xd3,0xd3,0xf4,0xf4,0xd3,0xd3,
  0x4c,0x4c,0x05,0x05,0x4c,0x4c,0x4c,0x4c,0x24,0x24,0x24,0x24,0x2e,0x2e,0x8a,0x8a,
  0xee,0xee,0x9b,0x9b,0x61,0xaf,0x08,0x08,0x24,0x24,0x55,0x55,0x24,0x24,0x24,0x24,
  0x4c,0x4c,0x4c,0x4c,0x4c,0x4c,0x05,0x05,0x4c,0x4c,0x05,0x05,0x41,0x41,0x3f,0x3f,
  0x91,0x0f,0x08,0x08,0x00,0x00,0x00,0xda,0x4c,0x4c,0x4c,0x4c,0x4c,0x4c,0x05,0x05,
  0xf4,0xf4,0x87,0xf4,0xc1,0xbc,0x4d,0x4d,0x89,0x89,0x89,0xb4,0xdc,0xdc,0xdc,0xdc,
  0x10,0x10,0x10,0x10,0x03,0x03,0x03,0x03,0x03,0x03,0xba,0xba,0x03,0x03,0x03,0x03,
  0xbc,0xbc,0x4d,0x4d,0xc1,0xc1,0x4d,0x4d,0x05,0x05,0x4d,0x4d,0x04,0x04,0x04,0x04,
  0xf4,0xf4,0xd3,0xd3,0xf2,0xf2,0x88,0x88,0xf4,0xf4,0xd3,0xd3,0xf4,0xf4,0xd3,0xd3,
  0x4c,0x4c,0x05,0x05,0x05,0x05,0x05,0x05,0x96,0x96,0x3f,0x3f,0x2e,0x2e,0x8a,0x8a,
  0x9a,0xee,0x9b,0x9b,0x40,0xaf,0x08,0x08,0x24,0x24,0x41,0x41,0x24,0x24,0x24,0x24,
  0x05,0x05,0x05,0x05,0x4c,0x4c,0x05,0x05,0x4c,0x4c,0x05,0x05,0x41,0x41,0x3f,0x3f,
  0x91,0x0f,0x08,0x08,0xcb,0xcb,0xcb,0xcb,0x05,0x05,0x05,0x05,0x4c,0x4c,0x05,0x05,
  0xd3,0xd3,0xd3,0xd3,0xc1,0xbc,0x4d,0x4d,0x08,0x08,0x08,0x08,0xbe,0xbe,0xbe,0xbe,
  0xbf,0xbf,0xbf,0xbf,0xba,0xba,0xba,0xba,0x03,0x03,0x10,0xba,0x10,0x10,0x10,0x10,
  0xbc,0xbc,0x4d,0x4d,0xc1,0xc1,0x4d,0x4d,0x69,0x05,0x4d,0x4d,0x04,0x04,0x04,0x04,
  0xf4,0xf4,0xd3,0xd3,0xf2,0xf2,0x88,0x88,0xf4,0xf4,0xd3,0xd3,0xf4,0xf4,0xd3,0xd3,
  0x4c,0x4c,0x05,0x05,0x05,0x05,0x05,0x05,0x3f,0x3f,0x3f,0x3f,0x2e,0x8a,0x8a,0x09,
  0x9a,0xee,0x9b,0x9b,0x40,0x61,0x08,0x08,0x24,0x24,0x41,0x41,0x24,0x24,0x24,0x24,
  0x05,0x05,0x05,0x05,0x4c,0x4c,0x05,0x05,0x4c,0x4c,0x05,0x05,0x24,0x24,0x24,0x24,
  0x91,0x0f,0x08,0xaf,0xcb,0x04,0x04,0x04,0x05,0x05,0x05,0x05,0x4c,0x4c,0x05,0x05,
  0xd3,0xd3,0xd3,0xd3,0xc1,0xbc,0x4d,0x4d,0x08,0x08,0x08,0x08,0xbe,0xbe,0xbe,0xbe,
  0xbf,0xbf,0xbf,0xbf,0xba,0xba,0xba,0xba,0x03,0x03,0x10,0x10,0x10,0x10,0x10,0x10,
  0xc1,0xc1,0xc1,0xc1,0xf2,0xf2,0x04,0x88,0xaf,0xaf,0x08,0x08,0xc1,0xc1,0x4d,0x4d,
  0xc1,0xc1,0x4d,0x4d,0xf4,0xf4,0xd3,0xd3,0xc1,0xc1,0xbc,0xbc,0xf4,0xf4,0xd3,0xd3,
  0xf2,0xf2,0x04,0x04,0x4c,0x4c,0x05,0x05,0xaf,0xaf,0x08,0x08,0x4c,0x4c,0x05,0x05,
  0xc3,0xc3,0xc3,0xc3,0xaa,0xaa,0xb1,0xb1,0xf4,0xf4,0xf4,0xf4,0x4c,0x4c,0x05,0x05,
  0xf2,0xf2,0x90,0x90,0x4c,0x4c,0x05,0x05,0x55,0x55,0x55,0x55,0x24,0x24,0x24,0x24,
  0xee,0xee,0x9a,0x9a,0xf2,0xf2,0xf2,0xf2,0x87,0xf4,0x87,0xd3,0x4c,0x4c,0x05,0x05,
  0xc1,0xbc,0xc1,0xc1,0xaf,0x61,0x08,0x08,0xaf,0x40,0x40,0x40,0xee,0xee,0xee,0xee,
  0x46,0x1f,0x46,0x46,0x03,0x03,0xba,0xba,0x0d,0x0d,0x55,0x55,0x10,0x10,0x10,0x10,
  0xbc,0xbc,0xbc,0xbc,0xf2,0xf2,0x88,0x88,0xaf,0xaf,0x08,0x08,0xc1,0xc1,0x4d,0x4d,
  0xc1,0xc1,0x4d,0x4d,0xf4,0xf4,0xd3,0xd3,0xc1,0xc1,0xbc,0xbc,0xf4,0xf4,0xd3,0xd3,
  0xf2,0xf2,0x04,0x04,0x4c,0x4c,0x05,0x05,0xaf,0xaf,0x08,0x08,0x4c,0x4c,0x05,0x05,
  0xb4,0xc3,0x89,0xc3,0xaa,0xaa,0x5b,0xb1,0xf4,0xf4,0x87,0x87,0x4c,0x4c,0x05,0x05,
  0xf2,0xf2,0x90,0x90,0x4c,0x4c,0x05,0x05,0x24,0x24,0x55,0x55,0x61,0x61,0x24,0x61,
  0x51,0x51,0x9a,0x9a,0xf2,0xf2,0xf2,0xf2,0xf4,0xf4,0x87,0x87,0x4c,0x4c,0x05,0x05,
  0xc1,0xc1,0xc1,0xc1,0xaf,0x61,0x08,0x08,0x40,0x40,0x40,0x40,0x9a,0x9a,0x9a,0x9a,
  0x1f,0x1f,0x1f,0x1f,0x03,0x03,0xba,0xba,0x0d,0x0d,0x55,0x55,0x10,0x10,0x10,0x10,
  0x4d,0x4d,0x4d,0x4d,0xf2,0xf2,0x88,0x88,0xaf,0xaf,0x08,0x08,0xc1,0xc1,0x4d,0x4d,
  0xc1,0xc1,0x4d,0x4d,0xf4,0xf4,0xd3,0xd3,0xfa,0xfa,0xfa,0xfa,0xf4,0xf4,0xd3,0xd3,
  0xf2,0xf2,0x04,0x04,0x4c,0x4c,0x05,0x05,0xaf,0xaf,0x08,0x08,0x4c,0x4c,0x05,0x05,
  0x89,0xc3,0x89,0xb4,0xaa,0xaa,0x02,0x5b,0xd3,0xd3,0xd3,0xd3,0x4c,0x4c,0x05,0x05,
  0xf2,0xf2,0x90,0x90,0x4c,0x4c,0x05,0x05,0x55,0x55,0x41,0x41,0x3f,0x3f,0x3f,0x3f,
  0x9b,0x9b,0x9a,0x9a,0xf2,0xf2,0xf2,0xf2,0xd3,0xd3,0xd3,0xbd,0x4c,0x4c,0x05,0x05,
  0x4d,0x4d,0x4d,0x4d,0xaf,0x61,0x08,0x08,0x40,0x40,0x40,0x40,0xee,0xee,0xee,0xee,
  0x94,0x46,0x94,0x94,0x03,0x03,0xba,0xba,0x0d,0x0d,0x55,0x55,0x10,0x10,0xbf,0xbf,
  0x4d,0x4d,0x4d,0x4d,0xf2,0xf2,0x88,0x04,0xaf,0xaf,0x08,0x08,0xc1,0xc1,0x4d,0x4d,
  0xc1,0xc1,0x4d,0x4d,0xf4,0xf4,0xd3,0xd3,0xfa,0xfa,0xfa,0xfa,0xf4,0xf4,0xd3,0xd3,
  0xf2,0xf2,0x04,0x04,0x4c,0x4c,0x05,0x05,0xaf,0xaf,0x08,0x08,0x4c,0x4c,0x05,0x05,
  0x89,0x89,0x89,0x89,0xaa,0xaa,0xcb,0x5b,0xd3,0xd3,0xd3,0xd3,0x4c,0x4c,0x05,0x05,
  0xf2,0xf2,0x90,0x90,0x4c,0x4c,0x05,0x05,0x24,0x24,0x41,0x55,0x3f,0x3f,0x3f,0x3f,
  0xee,0xee,0x9a,0x9a,0xf2,0xf2,0xf2,0xf2,0xd3,0xd3,0xd3,0xd3,0x4c,0x4c,0x05,0x05,
  0x4d,0x4d,0x4d,0x4d,0xaf,0x61,0x08,0x08,0x40,0x40,0x40,0x40,0xee,0xee,0xee,0xee,
  0x46,0x46,0x46,0x46,0x03,0x03,0xba,0xba,0x0d,0x0d,0x55,0x55,0x10,0x10,0xbf,0xbf,
  0xbc,0xbc,0xbc,0xbc,0xc1,0xbc,0x4d,0x4d,0xaf,0xaf,0x08,0x08,0xaf,0xaf,0x08,0x08,
  0x61,0xaf,0x08,0x3f,0xaf,0xaf,0x08,0x08,0xaf,0xaf,0x08,0x08,0xaf,0xaf,0x08,0x08,
  0xc1,0xc1,0xc1,0xbc,0xaf,0xaf,0x61,0x61,0xc1,0xc1,0x4d,0x4d,0xf4,0xf4,0x87,0xf4,
  0xc1,0xc1,0xfa,0xc1,0x51,0x9a,0xee,0x9b,0x61,0x61,0x61,0x61,0x2e,0x2e,0x2e,0x2e,
  0xaf,0xaf,0xaf,0x61,0x2e,0x2e,0x2e,0x2e,0x89,0x89,0x89,0xb4,0xee,0x51,0x9a,0x9a,
  0xaa,0xaa,0xcb,0xcb,0xc1,0xbc,0xbc,0xbc,0xc1,0xc1,0x4d,0x4d,0xf2,0xf2,0x88,0x88,
  0xaf,0xaf,0x08,0x3f,0x4c,0x4c,0x69,0x4c,0xda,0xda,0x04,0x04,0xee,0xee,0xee,0xee,
  0x46,0x46,0x46,0x46,0x03,0x03,0xba,0xba,0x0d,0x0d,0x0d,0x0d,0x0d,0x0d,0x0d,0x0d,
  0xbc,0xbc,0xbc,0xbc,0xbc,0xbc,0x4d,0x4d,0xaf,0xaf,0x08,0x08,0xaf,0x61,0x08,0x08,
  0x61,0xaf,0x08,0x08,0xaf,0xaf,0x08,0x08,0xaf,0xaf,0x08,0x08,0xaf,0xaf,0x08,0x08,
  0xc1,0xc1,0xc1,0xc1,0xaf,0xaf,0xaf,0xaf,0xc1,0xc1,0x4d,0x4d,0x87,0xf4,0x87,0x87,
  0xc1,0xc1,0xbc,0xbc,0x9b,0x51,0x9a,0xee,0x61,0x61,0x24,0x61,0x2e,0x2e,0x2e,0x2e,
  0xaf,0xaf,0xaf,0x61,0x2e,0x2e,0x2e,0x2e,0x89,0xb4,0xb4,0xc3,0x51,0x9a,0x9a,0x9a,
  0xaa,0xcb,0xcb,0xcb,0xbc,0xc1,0xc1,0xc1,0xc1,0xc1,0x4d,0x4d,0xf2,0xf2,0xfa,0xfa,
  0xaf,0xaf,0x08,0x08,0x4c,0x4c,0x4c,0x4c,0xda,0xda,0x04,0x04,0xee,0xee,0xee,0xee,
  0x46,0x46,0x46,0x46,0x03,0x03,0xba,0x10,0x0d,0x0d,0x0d,0x0d,0x0d,0x0d,0x0d,0x0d,
  0x4d,0x4d,0x4d,0x4d,0xbc,0xbc,0x4d,0x4d,0x61,0xaf,0x08,0x08,0x61,0x61,0x08,0x08,
  0x61,0xaf,0x08,0x08,0xaf,0xaf,0x08,0x08,0xaf,0x61,0x08,0x08,0xaf,0x61,0x08,0x08,
  0x04,0x04,0x04,0x04,0x08,0x08,0x08,0x08,0xc1,0xbc,0x4d,0x4d,0xd3,0xd3,0xd3,0xd3,
  0x4d,0x4d,0x4d,0x4d,0xfc,0x9a,0x9b,0x9b,0x3f,0x24,0x3f,0x24,0xc6,0x2e,0xc6,0xc6,
  0xaf,0xaf,0x24,0xaf,0xc6,0xc6,0xc6,0xc6,0x89,0x89,0x89,0x89,0xee,0xee,0xee,0xee,
  0xe3,0xf2,0xf2,0xf2,0x4d,0x4d,0x4d,0x4d,0xc1,0xc1,0x4d,0x4d,0xf2,0xf2,0xfa,0xfa,
  0x61,0x61,0x08,0x08,0x4c,0x4c,0x4c,0x4c,0xda,0xda,0x04,0x04,0xee,0xee,0xee,0xee,
  0x99,0x99,0x99,0x99,0x03,0x03,0xba,0x10,0x55,0x55,0x55,0x55,0x55,0x55,0x55,0x55,
  0x4d,0x4d,0x4d,0x69,0xbc,0xbc,0x4d,0x4d,0x61,0xaf,0x08,0x08,0x61,0x61,0x08,0x08,
  0x61,0xaf,0x08,0x08,0xaf,0x61,0x08,0x08,0x61,0x61,0x08,0x08,0xaf,0xaf,0x08,0x08,
  0x04,0x04,0x04,0x04,0x08,0x08,0x08,0x08,0xc1,0xc1,0x4d,0x4d,0xd3,0xd3,0xd3,0xd3,
  0x4d,0x4d,0x4d,0x4d,0x9b,0xfc,0x9a,0x9b,0x3f,0x3f,0x3f,0x24,0xc6,0x2e,0xc6,0xc6,
  0xaf,0xaf,0x24,0xaf,0xc6,0xc6,0xc6,0xc6,0x89,0x89,0x89,0xb4,0xee,0xee,0xee,0xee,
  0xf2,0xf2,0xf2,0xf2,0x4d,0x4d,0x4d,0x4d,0xc1,0xbc,0x4d,0x4d,0xf2,0xf2,0xfa,0xfa,
  0x61,0xaf,0x08,0x08,0x4c,0x4c,0x4c,0x4c,0xda,0xda,0x04,0x04,0xee,0xee,0xee,0xee,
  0x99,0x99,0x99,0x99,0x03,0x03,0xba,0x10,0x55,0x55,0x55,0x55,0x55,0x0d,0x55,0x55,
  0xda,0xda,0xda,0xda,0x89,0x89,0x89,0x89,0xbc,0xbc,0x4d,0x4d,0xcb,0xcb,0xcb,0xcb,
  0xbc,0xbc,0x4d,0x4d,0xbc,0xbc,0x4d,0x4d,0xcb,0xcb,0xcb,0xcb,0xcb,0xcb,0xcb,0xcb,
  0x61,0x61,0x24,0x61,0x61,0x61,0xaf,0xaf,0xc1,0xbc,0x4d,0x4d,0xaf,0xaf,0x24,0x24,
  0xbc,0xbc,0x4d,0x4d,0x89,0x89,0x89,0x89,0xee,0x9b,0x9b,0xee,0xbf,0xbf,0xbf,0xbf,
  0x4f,0x4f,0x4f,0x4f,0xbf,0xbf,0x10,0xbf,0xad,0xad,0xad,0xd7,0xda,0xbc,0x69,0x4d,
  0xcb,0xcb,0x22,0x22,0xbc,0xbc,0x4d,0x4d,0xbc,0xbc,0x4d,0x4d,0xbc,0xbc,0x4d,0x4d,
  0xbc,0xbc,0x4d,0x4d,0x89,0x89,0x89,0x89,0xda,0xda,0xda,0xda,0xb6,0xb6,0xbf,0xbf,
  0x10,0x10,0x10,0x10,0x70,0x70,0x70,0x70,0x03,0x03,0x10,0x10,0x03,0x03,0x10,0x10,
  0xda,0xda,0xda,0xda,0x89,0x89,0x89,0x89,0xbc,0xbc,0x4d,0x4d,0xcb,0xcb,0xcb,0xcb,
  0xbc,0xbc,0x4d,0x4d,0xbc,0xbc,0x4d,0x4d,0xcb,0xcb,0xcb,0xcb,0xcb,0xcb,0xcb,0xcb,
  0x61,0x61,0x24,0x61,0x61,0x61,0xaf,0xaf,0xc1,0xbc,0x4d,0x4d,0xaf,0xaf,0x24,0x24,
  0xbc,0xbc,0x4d,0x4d,0x89,0x89,0x89,0x89,0xee,0xee,0x9b,0xee,0xbf,0xbf,0xbf,0xbf,
  0x4f,0x4f,0x4f,0x4f,0xbf,0xbf,0x10,0xbf,0xad,0xad,0xad,0xad,0xc1,0xc1,0x4d,0x4d,
  0xcb,0xcb,0x22,0x22,0xbc,0xbc,0x4d,0x4d,0xbc,0xbc,0x4d,0x4d,0xbc,0xbc,0x4d,0x4d,
  0xbc,0xbc,0x4d,0x4d,0x89,0x89,0x89,0x89,0xda,0xda,0xda,0xda,0xb6,0xb6,0xbf,0xbf,
  0x10,0x10,0x10,0x10,0x70,0x70,0x70,0x70,0x03,0x03,0x10,0x10,0x03,0x03,0x10,0x10,
  0xcb,0xcb,0x04,0x04,0x0a,0x0a,0x0a,0x0a,0xbc,0xbc,0x4d,0x4d,0x22,0x22,0x02,0x02,
  0xbc,0xbc,0x4d,0x4d,0xbc,0xbc,0x4d,0x4d,0x22,0x22,0x02,0x02,0x22,0x22,0x02,0x02,
  0x24,0x24,0x55,0x24,0x61,0x61,0xaf,0xaf,0xbc,0xbc,0x4d,0x4d,0xaf,0xaf,0x24,0x24,
  0xbc,0xbc,0x4d,0x4d,0x0a,0x0a,0x0a,0x0a,0x9b,0x9b,0x9b,0x9b,0xc8,0x9b,0xbf,0x9b,
  0x51,0x51,0x4f,0x4f,0x9b,0x9b,0x51,0x9b,0xce,0xce,0xce,0xce,0xc1,0xc1,0x4d,0x4d,
  0xcb,0xcb,0x22,0x22,0xbc,0xbc,0x4d,0x4d,0xbc,0xbc,0x4d,0x4d,0xbc,0xbc,0x4d,0x4d,
  0xbc,0xbc,0x4d,0x4d,0x08,0x08,0x08,0x08,0x04,0x04,0x04,0x04,0xb6,0xb6,0xbf,0xbf,
  0xff,0xff,0xff,0xff,0xd1,0xd1,0x70,0xd1,0x03,0x03,0x10,0x10,0x03,0x03,0x10,0x10,
  0xcb,0xcb,0xcb,0xcb,0x0a,0x0a,0x0a,0x0a,0xbc,0xbc,0x4d,0x4d,0x22,0x22,0x02,0x02,
  0xbc,0xbc,0x69,0x4d,0xbc,0xbc,0x69,0x4d,0x22,0x22,0x02,0x02,0x22,0x22,0x02,0x02,
  0x24,0x24,0x55,0x24,0x61,0x61,0xaf,0xaf,0xbc,0xbc,0x4d,0x69,0xaf,0x61,0x24,0x24,
  0xbc,0xbc,0x69,0x4d,0x0a,0x0a,0x0a,0x0a,0x9b,0x9b,0x9b,0x9b,0xc8,0x9b,0xbf,0x9b,
  0x51,0x4f,0x4f,0x4f,0x9b,0x9b,0x51,0x9b,0xce,0xce,0xce,0xce,0xc1,0xc1,0x4d,0x4d,
  0xcb,0xcb,0x22,0x22,0xbc,0xbc,0x4d,0x4d,0xbc,0xbc,0x4d,0x4d,0xbc,0xbc,0x4d,0x4d,
  0xbc,0xbc,0x4d,0x4d,0x08,0x08,0x08,0x08,0x04,0x04,0x04,0x04,0xb6,0xb6,0xbf,0xbf,
  0xff,0xff,0xff,0xff,0x70,0x70,0x70,0xd1,0xbf,0xbf,0xb6,0xb6,0xbf,0xbf,0xb6,0xb6,
  0x2a,0x2a,0x2a,0x2a,0x2a,0x2a,0x2a,0x2a,0x16,0x16,0x16,0x16,0x16,0x16,0x16,0x16,
  0x16,0x16,0x16,0x16,0x16,0x16,0x16,0x16,0x16,0x16,0x16,0x16,0xc0,0xc0,0xc0,0xc0,
  0x26,0x26,0x26,0x26,0x26,0x26,0x26,0x26,0x26,0x26,0x26,0x26,0x01,0x01,0x12,0x12,
  0x26,0x26,0x26,0x26,0x01,0x01,0x12,0x12,0x26,0x26,0x26,0x26,0x2a,0x2a,0x26,0x26,
  0x8c,0x0e,0x0e,0x0e,0x8c,0x0e,0x0e,0x0e,0x8c,0x0e,0x0e,0x0e,0x8c,0x0e,0x0e,0x0e,
  0x72,0xb3,0xb3,0x72,0x72,0xb3,0xb3,0x72,0x0e,0x0e,0xbb,0x0e,0x0b,0x0b,0x0b,0x0b,
  0x72,0xb3,0xb3,0x72,0x0e,0x0e,0xbb,0x0e,0x72,0xb3,0xb3,0x72,0x0e,0x0e,0xbb,0x0e,
  0x0e,0x0e,0xbb,0x0e,0x0e,0x0e,0xbb,0x0e,0x0e,0x0e,0xbb,0x0e,0x0e,0x0e,0x0e,0x0e,
  0x2a,0x2a,0x2a,0x2a,0x2a,0x2a,0x2a,0x2a,0x16,0x16,0x16,0x16,0x16,0x16,0x16,0x16,
  0x16,0x16,0x16,0x16,0x16,0x16,0x16,0x16,0x16,0x16,0x16,0x16,0xc0,0xc0,0xc0,0xc0,
  0x26,0x26,0x26,0x26,0x26,0x26,0x26,0x26,0x26,0x26,0x26,0x26,0x20,0x20,0x97,0x97,
  0x26,0x26,0x26,0x26,0x20,0x20,0x97,0x97,0x26,0x26,0x26,0x26,0x95,0x95,0x26,0x26,
  0x8c,0x0e,0x0e,0x0e,0x8c,0x0e,0x0e,0x0e,0x8c,0x0e,0x0e,0x0e,0x8c,0x0e,0x0e,0x0e,
  0x72,0xb3,0xb3,0x72,0x72,0xb3,0xb3,0x72,0x0e,0x0e,0xbb,0x0e,0x0b,0x0b,0x0b,0x0b,
  0x72,0xb3,0xb3,0x72,0x0e,0x0e,0xbb,0x0e,0x72,0xb3,0xb3,0x72,0x0e,0x0e,0xbb,0x0e,
  0x0e,0x0e,0xbb,0x0e,0x0e,0x0e,0xbb,0x0e,0x0e,0x0e,0xbb,0x0e,0x0e,0x0e,0x0e,0x0e,
  0x6f,0x5d,0x5d,0x5d,0x6f,0x5d,0x5d,0x5d,0x2a,0x9e,0x9e,0x9e,0xcf,0xe0,0xe0,0xe0,
  0xcf,0xe0,0xe0,0xe0,0xe0,0xe0,0xe0,0xe0,0xcf,0xe0,0xe0,0xe0,0x26,0x26,0x26,0x26,
  0x9e,0x2a,0x2a,0x2a,0x9e,0x2a,0x2a,0x9e,0x9e,0x2a,0x2a,0x9e,0x20,0x20,0x97,0x97,
  0x9e,0x2a,0x2a,0x2a,0x20,0x20,0x97,0x97,0x9e,0x2a,0x2a,0x2a,0x95,0x95,0x26,0x26,
  0x8f,0x8c,0x0e,0x67,0x8f,0x8c,0x0e,0x67,0x8f,0x8c,0x0e,0x67,0x8f,0x8c,0x0e,0x67,
  0x4b,0x72,0x72,0x4b,0x4b,0x72,0x72,0x4b,0x28,0x30,0xbb,0x30,0x5d,0x5d,0x5d,0x5d,
  0x4b,0x72,0x72,0x4b,0x28,0x30,0xbb,0x30,0x4b,0x72,0x72,0x4b,0x28,0x30,0xbb,0x30,
  0x28,0x30,0xbb,0x30,0x28,0x30,0xbb,0x30,0x28,0x30,0xbb,0x30,0x8c,0x8c,0x0e,0x67,
  0x6f,0x5d,0x5d,0x5d,0x6f,0x5d,0x5d,0x5d,0x2a,0x9e,0x9e,0x9e,0xcf,0xe0,0xe0,0xe0,
  0xcf,0xe0,0xe0,0xe0,0xcf,0xe0,0xe0,0xe0,0xcf,0xe0,0xe0,0xe0,0x26,0x26,0x26,0x26,
  0x9e,0x2a,0x2a,0x9e,0x9e,0x2a,0x2a,0x9e,0x9e,0x2a,0x2a,0x9e,0x20,0x20,0x97,0x97,
  0x9e,0x2a,0x2a,0x2a,0x20,0x20,0x97,0x97,0x9e,0x2a,0x2a,0x2a,0x95,0x95,0x26,0x26,
  0x8f,0x8c,0x0e,0x67,0x8f,0x8c,0x0e,0x67,0x8f,0x8c,0x0e,0x67,0x8f,0x8c,0x0e,0x67,
  0x4b,0x72,0x72,0x4b,0x4b,0x72,0x72,0x4b,0x28,0x30,0xbb,0x30,0x5d,0x5d,0x5d,0x5d,
  0x4b,0x72,0x72,0x4b,0x28,0x30,0xbb,0x30,0x4b,0x72,0x72,0x4b,0x28,0x30,0xbb,0x30,
  0x28,0x30,0xbb,0x30,0x30,0x30,0xbb,0x30,0x30,0x30,0xbb,0x30,0x8c,0x8c,0x0e,0x67,
  0xae,0xae,0xae,0xae,0xae,0xae,0xae,0xae,0x48,0x48,0x63,0x63,0x48,0x48,0x48,0x48,
  0x2f,0x2f,0xb2,0xb2,0x2f,0x2f,0xb2,0xb2,0x2f,0x2f,0xb2,0xb2,0x26,0x26,0x1e,0x1e,
  0x21,0x21,0x9c,0x97,0x29,0x29,0x29,0x29,0x29,0x29,0x29,0x29,0xf1,0xf1,0xf1,0xf1,
  0x19,0x19,0x43,0x43,0x19,0x19,0x43,0x43,0x19,0x19,0x43,0x43,0x27,0x82,0x5d,0xdd,
  0x01,0x01,0x48,0x48,0x01,0x01,0x48,0x48,0x01,0x01,0x48,0x48,0x01,0x01,0x48,0x48,
  0x01,0x01,0x48,0x48,0x01,0x01,0x48,0x48,0x01,0x01,0x48,0x48,0x01,0x01,0x48,0x48,
  0x01,0x01,0x48,0x48,0x01,0x01,0x48,0x48,0x01,0x01,0x48,0x48,0x01,0x01,0x48,0x48,
  0x01,0x01,0x48,0x48,0x01,0x01,0x48,0x48,0x01,0x01,0x48,0x48,0x01,0x01,0x48,0x48,
  0xae,0xae,0xae,0xae,0xae,0xae,0xae,0xae,0x48,0x48,0x63,0x63,0x48,0x48,0x48,0x48,
  0x2f,0x2f,0xb2,0xb2,0x2f,0x2f,0xb2,0xb2,0x2f,0x2f,0xb2,0xb2,0x26,0x26,0x1e,0x1e,
  0x21,0x21,0x9c,0x97,0x29,0x29,0x29,0x29,0x29,0x29,0x29,0x29,0xf1,0xf1,0xf1,0xf1,
  0x19,0x19,0x43,0x43,0x19,0x19,0x43,0x43,0x19,0x19,0x43,0x43,0x27,0x82,0x5d,0xdd,
  0x01,0x01,0x48,0x48,0x01,0x01,0x48,0x48,0x01,0x01,0x48,0x48,0x01,0x01,0x48,0x48,
  0x01,0x01,0x48,0x48,0x01,0x01,0x48,0x48,0x01,0x01,0x48,0x48,0x01,0x01,0x48,0x48,
  0x01,0x01,0x48,0x48,0x01,0x01,0x48,0x48,0x01,0x01,0x48,0x48,0x01,0x01,0x48,0x48,
  0x01,0x01,0x48,0x48,0x01,0x01,0x48,0x48,0x01,0x01,0x48,0x48,0x01,0x01,0x48,0x48,
  0x7e,0x7e,0x7e,0x7e,0x7e,0x7e,0x7e,0x7e,0x48,0x48,0x63,0x63,0x5e,0x5e,0x5e,0x5e,
  0x2f,0x2f,0xb2,0xb2,0x2f,0x2f,0xb2,0xb2,0x2f,0x2f,0xb2,0xb2,0x26,0x26,0x1e,0x1e,
  0x21,0x21,0x9c,0x97,0xfd,0xfd,0x25,0x25,0xfd,0xfd,0x25,0x25,0x62,0x62,0x62,0x62,
  0x29,0x29,0x8d,0x8d,0x19,0x19,0x43,0x43,0x19,0x19,0x43,0x43,0x27,0x82,0x5d,0xdd,
  0x01,0x01,0x48,0x48,0x01,0x01,0x48,0x48,0x01,0x01,0x48,0x48,0x01,0x01,0x48,0x48,
  0x01,0x01,0x48,0x48,0x01,0x01,0x48,0x48,0x01,0x01,0x48,0x48,0x01,0x01,0x48,0x48,
  0x01,0x01,0x48,0x48,0x01,0x01,0x48,0x48,0x01,0x01,0x48,0x48,0x01,0x01,0x48,0x48,
  0x01,0x01,0x48,0x48,0x01,0x01,0x48,0x48,0x01,0x01,0x48,0x48,0x01,0x01,0x48,0x48,
  0x7e,0x7e,0x7e,0x7e,0x7e,0x7e,0x7e,0x7e,0x48,0x48,0x63,0x63,0x5e,0x5e,0x5e,0x5e,
  0x2f,0x2f,0xb2,0xb2,0x2f,0x2f,0xb2,0xb2,0x2f,0x2f,0xb2,0xb2,0x26,0x26,0x1e,0x1e,
  0x21,0x21,0x9c,0x97,0xfd,0xfd,0x25,0x25,0x25,0xfd,0x25,0x25,0x62,0x62,0x62,0x62,
  0x29,0x29,0x4a,0x4a,0x19,0x29,0x43,0x8d,0x19,0x19,0x43,0x43,0x27,0x82,0x5d,0xdd,
  0x01,0x01,0x48,0x48,0x01,0x01,0x48,0x48,0x01,0x01,0x48,0x48,0x01,0x01,0x48,0x48,
  0x01,0x01,0x48,0x48,0x01,0x01,0x48,0x48,0x01,0x01,0x48,0x48,0x01,0x01,0x48,0x48,
  0x01,0x01,0x48,0x48,0x01,0x01,0x48,0x48,0x01,0x01,0x48,0x48,0x01,0x01,0x48,0x48,
  0x01,0x01,0x48,0x48,0x01,0x01,0x48,0x48,0x01,0x01,0x48,0x48,0x01,0x01,0x48,0x48,
  0xa2,0xfb,0xa2,0xb7,0xa2,0xfb,0xa2,0xb7,0xa2,0xfb,0xfb,0xb7,0xae,0xae,0xae,0xae,
  0x5e,0x5e,0xb2,0xb2,0x2f,0x2f,0xb2,0xb2,0x2f,0x2f,0xb2,0xb2,0x26,0x26,0x1e,0x1e,
  0x21,0x21,0x21,0x21,0x21,0x21,0x21,0x21,0x21,0x21,0x29,0x29,0x21,0x21,0x21,0x21,
  0x21,0x21,0x21,0x21,0x19,0x19,0x44,0x44,0x29,0x19,0x8d,0x43,0x27,0x82,0x5d,0x5d,
  0x01,0x01,0x01,0x01,0x01,0x01,0x01,0x01,0x01,0x01,0x01,0x01,0x01,0x01,0x01,0x01,
  0x01,0x01,0x01,0x01,0x01,0x01,0x01,0x01,0x01,0x01,0x01,0x01,0x01,0x01,0x01,0x01,
  0x01,0x01,0x01,0x01,0x01,0x01,0x01,0x01,0x01,0x01,0x01,0x01,0x01,0x01,0x01,0x01,
  0x01,0x01,0x01,0x01,0x01,0x01,0x01,0x01,0x01,0x01,0x01,0x01,0x01,0x01,0x01,0x01,
  0xa2,0xfb,0xa2,0xb7,0xa2,0xfb,0xa2,0xb7,0xa2,0xfb,0xfb,0xb7,0xae,0xae,0xae,0xae,
  0x5e,0x5e,0xb2,0xb2,0x2f,0x2f,0xb2,0xb2,0x2f,0x2f,0xb2,0xb2,0x26,0x26,0x1e,0x1e,
  0x21,0x21,0x21,0x21,0x21,0x21,0x21,0x21,0x21,0x21,0x29,0xfd,0x21,0x21,0x21,0x21,
  0x21,0x21,0x21,0x21,0x19,0x19,0x44,0x44,0x19,0x19,0x43,0x43,0x27,0x82,0x5d,0x5d,
  0x01,0x01,0x01,0x01,0x01,0x01,0x01,0x01,0x01,0x01,0x01,0x01,0x01,0x01,0x01,0x01,
  0x01,0x01,0x01,0x01,0x01,0x01,0x01,0x01,0x01,0x01,0x01,0x01,0x01,0x01,0x01,0x01,
  0x01,0x01,0x01,0x01,0x01,0x01,0x01,0x01,0x01,0x01,0x01,0x01,0x01,0x01,0x01,0x01,
  0x01,0x01,0x01,0x01,0x01,0x01,0x01,0x01,0x01,0x01,0x01,0x01,0x01,0x01,0x01,0x01,
  0xb7,0xb7,0xb7,0x2d,0x63,0x63,0x63,0xb7,0xb7,0xc0,0xc0,0xc0,0x20,0x20,0x20,0x20,
  0x5e,0x5e,0xb2,0xb2,0x2f,0x2f,0xb2,0xb2,0x2f,0x2f,0xb2,0xb2,0x26,0x26,0x1e,0x1e,
  0x21,0x21,0x21,0x21,0x21,0x21,0x21,0x21,0x21,0x21,0x29,0x29,0x78,0x78,0x78,0x78,
  0x21,0x21,0x21,0x21,0x29,0x19,0x44,0x44,0x19,0x19,0x43,0x43,0x27,0x82,0x5d,0x5d,
  0x01,0x48,0x01,0x01,0x01,0x01,0x01,0x01,0x01,0x01,0x01,0x01,0x01,0x48,0x01,0x01,
  0x01,0x01,0x01,0x01,0x01,0x01,0x01,0x01,0x01,0x01,0x01,0x01,0x01,0x01,0x01,0x01,
  0x01,0x01,0x01,0x01,0x01,0x48,0x01,0x01,0x01,0x01,0x01,0x01,0x01,0x01,0x01,0x01,
  0x01,0x01,0x01,0x01,0x01,0x01,0x01,0x01,0x01,0x01,0x01,0x01,0x01,0x01,0x01,0x01,
  0xb7,0xb7,0xb7,0x2d,0x63,0x63,0x63,0xb7,0xb7,0xc0,0xc0,0xc0,0x20,0x20,0x20,0x20,
  0x5e,0x5e,0xb2,0xb2,0x2f,0x2f,0xb2,0xb2,0x2f,0x2f,0xb2,0xb2,0x26,0x26,0x1e,0x1e,
  0x21,0x21,0x21,0x21,0x21,0x21,0x21,0x21,0x21,0x21,0x25,0x25,0x78,0x78,0x78,0x78,
  0x21,0x21,0x21,0x21,0x29,0x29,0x25,0x44,0x19,0x19,0x43,0x43,0x27,0x82,0x5d,0x5d,
  0x01,0x48,0x01,0x01,0x01,0x01,0x01,0x01,0x01,0x01,0x01,0x01,0x01,0x48,0x01,0x01,
  0x01,0x01,0x01,0x01,0x01,0x01,0x01,0x01,0x01,0x01,0x01,0x01,0x01,0x48,0x01,0x01,
  0x01,0x01,0x01,0x01,0x01,0x48,0x01,0x01,0x01,0x01,0x01,0x01,0x01,0x01,0x01,0x01,
  0x01,0x01,0x01,0x01,0x01,0x01,0x01,0x01,0x01,0x01,0x01,0x01,0x01,0x01,0x01,0x01,
  0x6d,0x25,0x25,0xac,0x6d,0x6c,0x6c,0xf1,0x9c,0x9c,0x9c,0x9c,0x20,0x20,0x20,0x20,
  0x68,0x68,0x3a,0x3a,0x5e,0x5e,0xb2,0xb2,0x2f,0x2f,0xb2,0xb2,0x26,0x26,0x1e,0x1e,
  0x26,0x26,0x26,0x26,0x26,0x26,0x26,0x26,0x26,0x26,0x26,0x26,0x21,0x21,0x21,0x21,
  0x29,0x29,0xfd,0xfd,0x21,0x21,0x29,0x29,0x19,0x19,0x43,0x43,0x27,0x82,0x5d,0xde,
  0x0a,0x0a,0x0a,0x0a,0x0a,0x0a,0x0a,0x0a,0x0a,0x0a,0x0a,0x0a,0x0a,0x0a,0x0a,0x0a,
  0x0a,0x0a,0x0a,0x0a,0x0a,0x0a,0x0a,0x0a,0x0a,0x0a,0x0a,0x0a,0x0a,0x0a,0x0a,0x0a,
  0x0a,0x0a,0x0a,0x0a,0x0a,0x0a,0x0a,0x0a,0x0a,0x0a,0x0a,0x0a,0x0a,0x0a,0x0a,0x0a,
  0x0a,0x0a,0x0a,0x0a,0x0a,0x0a,0x0a,0x0a,0x0a,0x0a,0x0a,0x0a,0x0a,0x0a,0x0a,0x0a,
  0x6d,0x25,0x25,0xac,0x6d,0x6c,0x6c,0xf1,0x97,0x9c,0x9c,0x9c,0x20,0x20,0x20,0x20,
  0x68,0x68,0x3a,0x3a,0x5e,0x5e,0xb2,0xb2,0x2f,0x2f,0xb2,0xb2,0x26,0x26,0x1e,0x1e,
  0x26,0x26,0x26,0x26,0x26,0x26,0x26,0x26,0x26,0x26,0x26,0x26,0x21,0x21,0x21,0x21,
  0x29,0x29,0xfd,0xfd,0x21,0x21,0x29,0x29,0x19,0x19,0x43,0x43,0x27,0x82,0x5d,0xde,
  0x0a,0x0a,0x0a,0x0a,0x0a,0x0a,0x0a,0x0a,0x0a,0x0a,0x0a,0x0a,0x0a,0x0a,0x0a,0x0a,
  0x0a,0x0a,0x0a,0x0a,0x0a,0x0a,0x0a,0x0a,0x0a,0x0a,0x0a,0x0a,0x0a,0x0a,0x0a,0x0a,
  0x0a,0x0a,0x0a,0x0a,0x0a,0x0a,0x0a,0x0a,0x0a,0x0a,0x0a,0x0a,0x0a,0x0a,0x0a,0x0a,
  0x0a,0x0a,0x0a,0x0a,0x0a,0x0a,0x0a,0x0a,0x0a,0x0a,0x0a,0x0a,0x0a,0x0a,0x0a,0x0a,
  0x44,0x4a,0x4a,0xdb,0x6c,0xf1,0xf1,0x5c,0x9c,0x9c,0x9c,0x9c,0xc0,0xc0,0xc0,0xc0,
  0x7c,0x68,0x3a,0x3a,0x5e,0x5e,0xb2,0xb2,0x2f,0x2f,0xb2,0xb2,0x26,0x26,0x1e,0x1e,
  0x9e,0x2a,0x9e,0x2a,0x9e,0x2a,0x9e,0x2a,0x26,0x26,0x26,0x26,0x25,0x25,0x25,0x25,
  0x29,0x29,0xfd,0xfd,0x21,0x21,0x29,0x29,0x19,0x19,0x43,0x43,0x27,0x82,0x5d,0xde,
  0x2b,0x2b,0x2b,0xf5,0x2b,0x2b,0x2b,0xf5,0x2b,0x2b,0x2b,0xf5,0x2b,0x2b,0x2b,0xf5,
  0x2b,0x2b,0x2b,0xf5,0x2b,0x2b,0x2b,0xf5,0x2b,0x2b,0x2b,0xf5,0x2b,0x2b,0x2b,0xf5,
  0x2b,0x2b,0x2b,0xf5,0x2b,0x2b,0x2b,0xf5,0x2b,0x2b,0x2b,0xf5,0x2b,0x2b,0x2b,0xf5,
  0x2b,0x2b,0x2b,0xf5,0x2b,0x2b,0x2b,0xf5,0x2b,0x2b,0x2b,0xf5,0x2b,0x2b,0x2b,0xf5,
  0x44,0x4a,0x4a,0xdb,0x6c,0xf1,0xf1,0x5c,0x97,0x9c,0x9c,0x9c,0xb7,0xc0,0xc0,0xc0,
  0x3a,0x7c,0x3a,0x3a,0x5e,0x5e,0xb2,0xb2,0x2f,0x2f,0xb2,0xb2,0x26,0x26,0x1e,0x1e,
  0x9e,0x2a,0x9e,0x2a,0x9e,0x2a,0x9e,0x2a,0x26,0x26,0x26,0x26,0x29,0x25,0x29,0x25,
  0x29,0x29,0x25,0xfd,0x21,0x21,0x29,0x29,0x19,0x19,0x43,0x43,0x27,0x82,0x5d,0xde,
  0x2b,0x2b,0x2b,0xf5,0x2b,0x2b,0x2b,0xf5,0x2b,0x2b,0x2b,0xf5,0x2b,0x2b,0x2b,0xf5,
  0x2b,0x2b,0x2b,0xf5,0x2b,0x2b,0x2b,0xf5,0x2b,0x2b,0x2b,0xf5,0x2b,0x2b,0x2b,0xf5,
  0x2b,0x2b,0x2b,0xf5,0x2b,0x2b,0x2b,0xf5,0x2b,0x2b,0x2b,0xf5,0x2b,0x2b,0x2b,0xf5,
  0x2b,0x2b,0x2b,0xf5,0x2b,0x2b,0x2b,0xf5,0x2b,0x2b,0x2b,0xf5,0x2b,0x2b,0x2b,0xf5,
  0xcc,0xcc,0xcc,0xcc,0xcc,0xcc,0xcc,0xcc,0xcc,0xcc,0x6f,0x6f,0xd9,0xd9,0xf7,0xf7,
  0x83,0x83,0xca,0xca,0x5e,0x5e,0xb2,0xb2,0x2f,0x2f,0x2f,0x2f,0x26,0x26,0x1e,0x1e,
  0xcc,0xc7,0xcc,0xcc,0xcc,0xc7,0xcc,0xcc,0x6f,0x6f,0x6f,0x6f,0x26,0x26,0x9e,0x9e,
  0x21,0x21,0x21,0x21,0x21,0x21,0x78,0x78,0x29,0x19,0x8d,0x43,0x2a,0x2a,0x5d,0xe5,
  0x00,0x00,0x4d,0x4d,0x0a,0x0a,0x0a,0x0a,0x00,0x00,0x4d,0x4d,0x00,0x00,0x4d,0x4d,
  0x00,0x00,0x4d,0x4d,0x00,0x00,0x4d,0x4d,0x00,0x00,0x4d,0x4d,0x00,0x00,0x4d,0x4d,
  0x00,0x00,0x4d,0x4d,0x0a,0x0a,0x0a,0x0a,0x0a,0x0a,0x0a,0x0a,0x00,0x00,0x4d,0x4d,
  0x00,0x00,0x4d,0x4d,0x00,0x00,0x4d,0x4d,0x00,0x00,0x4d,0x4d,0x0a,0x0a,0x0a,0x0a,
  0xcc,0xcc,0xcc,0xcc,0xcc,0xcc,0xcc,0xcc,0xcc,0xcc,0x6f,0x6f,0xa1,0xd9,0xf7,0xf7,
  0x83,0x83,0xca,0xca,0x5e,0x5e,0xb2,0xb2,0x2f,0x2f,0x2f,0x2f,0x26,0x26,0x1e,0x1e,
  0xcc,0xc7,0xcc,0xcc,0xcc,0xc7,0xcc,0xcc,0xc7,0x6f,0xc7,0x6f,0x26,0x26,0x2a,0x9e,
  0x21,0x21,0x21,0x21,0x21,0x21,0x78,0x78,0x29,0x19,0x8d,0x43,0x2a,0x2a,0x5d,0xe5,
  0x00,0x00,0x01,0x01,0x0a,0x0a,0x0a,0x0a,0x00,0x00,0x01,0x01,0x00,0x00,0x01,0x01,
  0x00,0x00,0x01,0x01,0x00,0x00,0x01,0x01,0x00,0x00,0x01,0x01,0x00,0x00,0x01,0x01,
  0x00,0x00,0x01,0x01,0x0a,0x0a,0x0a,0x0a,0x0a,0x0a,0x0a,0x0a,0x00,0x00,0x01,0x01,
  0x00,0x00,0x01,0x01,0x00,0x00,0x01,0x01,0x00,0x00,0x01,0x01,0x0a,0x0a,0x0a,0x0a,
  0xcc,0xcc,0xcc,0xcc,0xcc,0xcc,0xcc,0xcc,0xcc,0xcc,0x6f,0x6f,0xa1,0xd9,0x32,0xf7,
  0x83,0x83,0xca,0xca,0x5e,0x5e,0xb2,0xb2,0xb2,0xb2,0xb2,0xb2,0x26,0x26,0x1e,0x1e,
  0x5d,0x5d,0x5d,0x5d,0x5d,0x5d,0x5d,0x5d,0x6f,0x6f,0x6f,0x6f,0x26,0x26,0x2a,0x2a,
  0x29,0x29,0x25,0x25,0x21,0x21,0x78,0x78,0x29,0x19,0x8d,0x43,0x2a,0x2a,0x5d,0xe5,
  0x00,0x00,0x01,0x01,0xf5,0xf5,0xf5,0xf5,0x00,0x00,0x01,0x01,0x00,0x00,0x01,0x01,
  0x00,0x00,0x01,0x01,0x00,0x00,0x01,0x01,0x00,0x00,0x01,0x01,0x00,0x00,0x01,0x01,
  0x00,0x00,0x01,0x01,0xf5,0xf5,0xf5,0xf5,0xf5,0xf5,0xf5,0xf5,0x00,0x00,0x01,0x01,
  0x00,0x00,0x01,0x01,0x00,0x00,0x01,0x01,0x00,0x00,0x01,0x01,0xf5,0xf5,0xf5,0xf5,
  0xcc,0xcc,0xcc,0xcc,0xcc,0xcc,0xcc,0xcc,0xcc,0xcc,0x6f,0x6f,0xa1,0xa1,0xed,0xf7,
  0x83,0x83,0xca,0xca,0x5e,0x5e,0xb2,0xb2,0xb2,0xb2,0xb2,0xb2,0x26,0x26,0x1e,0x1e,
  0x5d,0x5d,0x5d,0x5d,0x5d,0x5d,0x5d,0x5d,0xe8,0x6f,0xe8,0x6f,0x26,0x26,0x2a,0x2a,
  0x29,0x29,0x29,0x29,0x21,0x21,0x78,0x78,0x29,0x19,0x8d,0x43,0x2a,0x2a,0x5d,0xe5,
  0x00,0x00,0x01,0x4d,0xf5,0xf5,0xf5,0xf5,0x00,0x00,0x01,0x01,0x00,0x00,0x01,0x01,
  0x00,0x00,0x01,0x01,0x00,0x00,0x01,0x01,0x00,0x00,0x01,0x01,0x00,0x00,0x01,0x01,
  0x00,0x00,0x01,0x01,0xf5,0xf5,0xf5,0xf5,0xf5,0xf5,0xf5,0xf5,0x00,0x00,0x01,0x01,
  0x00,0x00,0x01,0x01,0x00,0x00,0x01,0x01,0x00,0x00,0x01,0x01,0xf5,0xf5,0xf5,0xf5,
  0xe0,0xe0,0xdf,0xdf,0xe0,0xe0,0xdf,0xdf,0xcf,0xcf,0xdf,0xdf,0xf7,0xf7,0x26,0xed,
  0x38,0x38,0xa5,0xa5,0x5e,0x5e,0xb2,0xb2,0x2f,0x2f,0xb2,0xb2,0x26,0x26,0x26,0x26,
  0xcc,0xcc,0x6f,0x6f,0xcc,0xcc,0x6f,0x6f,0xcc,0xcc,0xe5,0xe5,0x26,0x26,0x5d,0x5d,
  0xf1,0xf1,0x4a,0x4a,0x21,0x21,0x78,0x78,0x29,0x19,0x44,0x44,0x26,0x26,0x26,0x26,
  0x5d,0x5d,0x5d,0x6f,0x5d,0x5d,0x5d,0x6f,0x5d,0x5d,0x5d,0x6f,0x5d,0x5d,0x5d,0x6f,
  0x5d,0x5d,0x5d,0x6f,0x5d,0x5d,0x5d,0x6f,0x5d,0x5d,0x5d,0x6f,0x5d,0x5d,0x5d,0x6f,
  0x5d,0x5d,0x5d,0x6f,0x5d,0x5d,0x5d,0x6f,0x5d,0x5d,0x5d,0x6f,0x5d,0x5d,0x5d,0x6f,
  0x5d,0x5d,0x5d,0x6f,0x5d,0x5d,0x5d,0x6f,0x5d,0x5d,0x5d,0x6f,0x5d,0x5d,0x5d,0x6f,
  0xe0,0xe0,0xdf,0xdf,0xe0,0xe0,0xdf,0xdf,0xcf,0xcf,0xdf,0xdf,0xf7,0xf7,0x26,0x26,
  0x38,0x38,0xa5,0xa5,0x5e,0x5e,0xb2,0xb2,0x2f,0x2f,0xb2,0xb2,0x26,0x26,0x26,0x26,
  0xcc,0xcc,0x6f,0x6f,0xcc,0xcc,0x6f,0x6f,0xcc,0xcc,0xe5,0xe5,0x26,0x26,0x5d,0x5d,
  0x5c,0xf1,0x62,0x4a,0x21,0x21,0x78,0x78,0x29,0x19,0x44,0x44,0x26,0x26,0x26,0x26,
  0x5d,0x5d,0x5d,0x6f,0x5d,0x5d,0x5d,0x6f,0x5d,0x5d,0x5d,0x6f,0x5d,0x5d,0x5d,0x6f,
  0x5d,0x5d,0x5d,0x6f,0x5d,0x5d,0x5d,0x6f,0x5d,0x5d,0x5d,0x6f,0x5d,0x5d,0x5d,0x6f,
  0x5d,0x5d,0x5d,0x6f,0x5d,0x5d,0x5d,0x6f,0x5d,0x5d,0x5d,0x6f,0x5d,0x5d,0x5d,0x6f,
  0x5d,0x5d,0x5d,0x6f,0x5d,0x5d,0x5d,0x6f,0x5d,0x5d,0x5d,0x6f,0x5d,0x5d,0x5d,0x6f,
  0xe0,0xe0,0xdf,0xdf,0xe0,0xe0,0xdf,0xdf,0xcf,0xcf,0xdf,0xdf,0x32,0xf7,0x26,0x26,
  0x38,0x38,0xa5,0xa5,0x5e,0x5e,0xb2,0xb2,0x2f,0x2f,0xb2,0xb2,0x26,0x26,0x26,0x26,
  0xcc,0xcc,0x6f,0x6f,0xcc,0xcc,0x6f,0x6f,0xcc,0xcc,0xe5,0xe5,0x26,0x26,0x5d,0x5d,
  0x5c,0xf1,0x62,0x4a,0x21,0x21,0x78,0x78,0x29,0x19,0x44,0x44,0x26,0x26,0x26,0x26,
  0x1e,0x1e,0x1e,0x98,0x1e,0x1e,0x1e,0x98,0x1e,0x1e,0x1e,0x98,0x1e,0x1e,0x1e,0x98,
  0x1e,0x1e,0x1e,0x98,0x1e,0x1e,0x1e,0x98,0x1e,0x1e,0x1e,0x98,0x1e,0x1e,0x1e,0x98,
  0x1e,0x1e,0x1e,0x98,0x1e,0x1e,0x1e,0x98,0x1e,0x1e,0x1e,0x98,0x1e,0x1e,0x1e,0x98,
  0x1e,0x1e,0x1e,0x98,0x1e,0x1e,0x1e,0x98,0x1e,0x1e,0x1e,0x98,0x1e,0x1e,0x1e,0x98,
  0xe0,0xe0,0xdf,0xdf,0xe0,0xe0,0xdf,0xdf,0xcf,0xcf,0xdf,0xdf,0xf7,0xf7,0x26,0x26,
  0x38,0x38,0xa5,0xa5,0x5e,0x5e,0xb2,0xb2,0x2f,0x2f,0xb2,0xb2,0x26,0x26,0x26,0x26,
  0xcc,0xcc,0x6f,0x6f,0xcc,0xcc,0x6f,0x6f,0xcc,0xcc,0xe5,0xe5,0x26,0x26,0x5d,0x5d,
  0x5c,0xf1,0x62,0x4a,0x21,0x21,0x78,0x78,0x29,0x19,0x44,0x44,0x26,0x26,0x26,0x26,
  0x1e,0x1e,0x1e,0x98,0x1e,0x1e,0x1e,0x98,0x1e,0x1e,0x1e,0x98,0x1e,0x1e,0x1e,0x98,
  0x1e,0x1e,0x1e,0x98,0x1e,0x1e,0x1e,0x98,0x1e,0x1e,0x1e,0x98,0x1e,0x1e,0x1e,0x98,
  0x1e,0x1e,0x1e,0x98,0x1e,0x1e,0x1e,0x98,0x1e,0x1e,0x1e,0x98,0x1e,0x1e,0x1e,0x98,
  0x1e,0x1e,0x1e,0x98,0x1e,0x1e,0x1e,0x98,0x1e,0x1e,0x1e,0x98,0x1e,0x1e,0x1e,0x98,
  0xe0,0xe0,0xdf,0xdf,0xe0,0xe0,0xdf,0xdf,0xcc,0xcc,0x6f,0x6f,0xa1,0xa1,0x32,0xf7,
  0xa5,0x38,0x8e,0x8e,0x5e,0x5e,0x5e,0x5e,0x2f,0x2f,0x2f,0x2f,0x26,0x26,0x1e,0x1e,
  0xcc,0xcc,0xc7,0xcc,0xcc,0xcc,0xcc,0xcc,0xc7,0xcc,0xe5,0x6f,0x26,0x26,0x26,0x26,
  0x21,0x21,0x21,0x21,0x21,0x21,0x78,0x78,0x29,0x19,0x44,0x44,0x26,0x26,0x26,0x26,
  0xf0,0xf0,0x23,0x23,0xf0,0xf0,0x23,0x23,0xf0,0xf0,0x23,0x23,0xf0,0xf0,0xf0,0xf0,
  0xf0,0xf0,0xf0,0xf0,0xf0,0xf0,0x23,0x23,0xf0,0xf0,0x23,0x23,0xf0,0xf0,0xf0,0xf0,
  0xf0,0xf0,0xf0,0xf0,0xf0,0xf0,0xf0,0xf0,0xf0,0xf0,0x23,0x23,0xf0,0xf0,0x23,0x23,
  0xf0,0xf0,0x23,0x23,0xf0,0xf0,0x23,0x23,0xf0,0xf0,0x23,0x23,0xf0,0xf0,0x23,0x23,
  0xe0,0xe0,0xdf,0xdf,0xe0,0xe0,0xdf,0xdf,0xcc,0xcc,0x6f,0x6f,0xa1,0xa1,0xed,0xf7,
  0xa5,0x38,0x8e,0x8e,0x5e,0x5e,0x5e,0x5e,0x2f,0x2f,0x2f,0x2f,0x26,0x26,0x1e,0x1e,
  0xcc,0xcc,0xcc,0xcc,0xcc,0xcc,0xc7,0xcc,0xcc,0xcc,0x6f,0x6f,0x26,0x26,0x26,0x26,
  0x21,0x21,0x21,0x21,0x21,0x21,0x78,0x78,0x29,0x19,0x44,0x44,0x26,0x26,0x26,0x26,
  0xf0,0xf0,0x23,0x23,0xf0,0xf0,0x23,0x23,0xf0,0xf0,0x23,0x23,0xf0,0xf0,0xf0,0xf0,
  0xf0,0xf0,0xf0,0xf0,0xf0,0xf0,0x23,0x23,0xf0,0xf0,0x23,0x23,0xf0,0xf0,0xf0,0xf0,
  0xf0,0xf0,0xf0,0xf0,0xf0,0xf0,0xf0,0xf0,0xf0,0xf0,0x23,0x23,0xf0,0xf0,0x23,0x23,
  0xf0,0xf0,0x23,0x23,0xf0,0xf0,0x23,0x23,0xf0,0xf0,0x23,0x23,0xf0,0xf0,0x23,0x23,
  0xe0,0xe0,0xdf,0xdf,0xe0,0xe0,0xdf,0xdf,0xcc,0xcc,0x6f,0x6f,0xa1,0xd9,0x32,0xf7,
  0xa5,0x38,0x8e,0x8e,0xb2,0xb2,0xb2,0xb2,0xb2,0xb2,0xb2,0xb2,0x26,0x26,0x1e,0x1e,
  0xe8,0xe8,0xe5,0xe8,0xe8,0xe8,0xe8,0xe8,0xcc,0xcc,0x6f,0x6f,0x26,0x26,0x26,0x26,
  0x25,0x25,0x25,0x25,0x21,0x21,0x78,0x78,0x29,0x19,0x44,0x44,0x26,0x26,0x26,0x26,
  0xf0,0xf0,0x23,0x23,0xf0,0xf0,0x23,0x23,0xf0,0xf0,0x23,0x23,0x23,0x23,0x23,0x23,
  0x23,0x23,0x23,0x23,0xf0,0xf0,0x23,0x23,0xf0,0xf0,0x23,0x23,0x23,0x23,0x23,0x23,
  0x23,0x23,0x23,0x23,0x23,0x23,0x23,0x23,0xf0,0xf0,0x23,0x23,0xf0,0xf0,0x23,0x23,
  0xf0,0xf0,0x23,0x23,0xf0,0xf0,0x23,0x23,0xf0,0xf0,0x23,0x23,0xf0,0xf0,0x23,0x23,
  0xe0,0xe0,0xdf,0xdf,0xe0,0xe0,0xdf,0xdf,0xcc,0xcc,0x6f,0x6f,0xa1,0xd9,0xf7,0xf7,
  0x38,0x38,0x8e,0x8e,0xb2,0xb2,0xb2,0xb2,0xb2,0xb2,0xb2,0xb2,0x26,0x26,0x1e,0x1e,
  0xe8,0xe8,0xe8,0xe8,0xe8,0xe8,0xe5,0xe8,0xcc,0xcc,0x6f,0x6f,0x26,0x26,0x26,0x26,
  0x25,0x29,0x29,0x29,0x21,0x21,0x78,0x78,0x29,0x19,0x44,0x44,0x26,0x26,0x26,0x26,
  0xf0,0xf0,0x23,0x23,0xf0,0xf0,0x23,0x23,0xf0,0xf0,0x23,0x23,0x23,0x23,0x23,0x23,
  0x23,0x23,0x23,0x23,0xf0,0xf0,0x23,0x23,0xf0,0xf0,0x23,0x23,0x23,0x23,0x23,0x23,
  0x23,0x23,0x23,0x23,0x23,0x23,0x23,0x23,0xf0,0xf0,0x23,0x23,0xf0,0xf0,0x23,0x23,
  0xf0,0xf0,0x23,0x23,0xf0,0xf0,0x23,0x23,0xf0,0xf0,0x23,0x23,0xf0,0xf0,0x23,0x23,
  0x32,0x32,0xed,0x32,0x32,0x32,0xed,0x32,0x74,0x74,0x74,0x74,0xf8,0xf8,0xf8,0xf8,
  0x83,0x83,0xca,0xca,0x5e,0x5e,0xb2,0xb2,0x2f,0x2f,0xb2,0xb2,0x26,0x26,0x1e,0x1e,
  0x26,0x26,0x26,0x26,0x26,0x26,0x26,0x26,0x26,0x26,0x26,0x26,0x6f,0xcd,0xe8,0xcd,
  0x29,0x29,0x25,0xfd,0x21,0x21,0x21,0x21,0x29,0x19,0x8d,0x43,0x26,0x26,0x2a,0x2a,
  0xf6,0x1b,0xf6,0xf6,0xf6,0x1b,0xf6,0xf6,0xf6,0x1b,0xf6,0xf6,0xf6,0x1b,0xf6,0xf6,
  0xf6,0x1b,0xf6,0xf6,0xf6,0x1b,0xf6,0xf6,0xf6,0x1b,0xf6,0xf6,0xf6,0x1b,0xf6,0xf6,
  0xf6,0x1b,0xf6,0xf6,0xf6,0x1b,0xf6,0xf6,0xf6,0x1b,0xf6,0xf6,0xf6,0x1b,0xf6,0xf6,
  0xf6,0x1b,0xf6,0xf6,0xf6,0x1b,0xf6,0xf6,0xf6,0x1b,0xf6,0xf6,0xf6,0x1b,0xf6,0xf6,
  0x32,0xf7,0xed,0x32,0x32,0x32,0xed,0x32,0x74,0x74,0x74,0x74,0xf8,0x7d,0xf8,0x7d,
  0x83,0x2d,0xca,0xca,0x5e,0x5e,0xb2,0xb2,0x2f,0x2f,0xb2,0xb2,0x26,0x26,0x1e,0x1e,
  0x26,0x26,0x26,0x26,0x26,0x26,0x26,0x26,0x26,0x26,0x26,0x26,0xcd,0x5c,0xcd,0xcd,
  0x29,0x29,0x25,0xfd,0x21,0x21,0x21,0x21,0x19,0x19,0x43,0x43,0x26,0x26,0x2a,0x2a,
  0xf6,0x1b,0xf6,0xf6,0xf6,0x1b,0xf6,0xf6,0xf6,0x1b,0xf6,0xf6,0xf6,0x1b,0xf6,0xf6,
  0xf6,0x1b,0xf6,0xf6,0xf6,0x1b,0xf6,0xf6,0xf6,0x1b,0xf6,0xf6,0xf6,0x1b,0xf6,0xf6,
  0xf6,0x1b,0xf6,0xf6,0xf6,0x1b,0xf6,0xf6,0xf6,0x1b,0xf6,0xf6,0xf6,0x1b,0xf6,0xf6,
  0xf6,0x1b,0xf6,0xf6,0xf6,0x1b,0xf6,0xf6,0xf6,0x1b,0xf6,0xf6,0xf6,0x1b,0xf6,0xf6,
  0x26,0x26,0x26,0x26,0xed,0xed,0xed,0xed,0x74,0x74,0x74,0x74,0x7d,0x7d,0x7d,0x7d,
  0x83,0x2d,0xca,0xca,0x5e,0x5e,0xb2,0xb2,0x2f,0x2f,0xb2,0xb2,0x26,0x26,0x1e,0x1e,
  0x1e,0x1e,0x1e,0x1e,0x1e,0x1e,0x1e,0x1e,0x5d,0x5d,0x5d,0x5d,0x5c,0x5c,0xcd,0xcd,
  0x29,0x29,0xfd,0xfd,0x21,0x21,0x21,0x21,0x19,0x19,0x43,0x43,0x26,0x26,0x2a,0x2a,
  0xec,0xb5,0xec,0xec,0xec,0xb5,0xec,0xec,0xec,0xb5,0xec,0xec,0xec,0xb5,0xec,0xec,
  0xec,0xb5,0xec,0xec,0xec,0xb5,0xec,0xec,0xec,0xb5,0xec,0xec,0xec,0xb5,0xec,0xec,
  0xec,0xb5,0xec,0xec,0xec,0xb5,0xec,0xec,0xec,0xb5,0xec,0xec,0xec,0xb5,0xec,0xec,
  0xec,0xb5,0xec,0xec,0xec,0xb5,0xec,0xec,0xec,0xb5,0xec,0xec,0xec,0xb5,0xec,0xec,
  0x26,0x26,0x26,0x26,0xed,0xed,0xed,0xed,0x74,0x74,0x74,0x74,0x7d,0x7d,0x7d,0x7d,
  0x2d,0x2d,0xca,0xca,0x5e,0x5e,0xb2,0xb2,0x2f,0x2f,0xb2,0xb2,0x26,0x26,0x1e,0x1e,
  0x1e,0x1e,0x1e,0x1e,0x1e,0x1e,0x1e,0x1e,0x5d,0x5d,0x5d,0x5d,0x5c,0x5c,0xcd,0xcd,
  0x29,0x29,0xfd,0xfd,0x21,0x21,0x21,0x21,0x19,0x19,0x43,0x43,0x26,0x26,0x2a,0x2a,
  0xec,0xb5,0xec,0xec,0xec,0xb5,0xec,0xec,0xec,0xb5,0xec,0xec,0xec,0xb5,0xec,0xec,
  0xec,0xb5,0xec,0xec,0xec,0xb5,0xec,0xec,0xec,0xb5,0xec,0xec,0xec,0xb5,0xec,0xec,
  0xec,0xb5,0xec,0xec,0xec,0xb5,0xec,0xec,0xec,0xb5,0xec,0xec,0xec,0xb5,0xec,0xec,
  0xec,0xb5,0xec,0xec,0xec,0xb5,0xec,0xec,0xec,0xb5,0xec,0xec,0xec,0xb5,0xec,0xec,
  0xa7,0xa3,0x3e,0xa7,0xa7,0xa3,0x3e,0xa7,0x38,0x38,0x38,0x38,0x83,0x83,0x83,0x83,
  0x5e,0x5e,0xb2,0xb2,0x2f,0x2f,0xb2,0xb2,0x2f,0x2f,0xb2,0xb2,0x26,0x26,0x1e,0x1e,
  0xcc,0xcd,0xcc,0xcd,0xcd,0xcd,0xcc,0xcd,0x5c,0xf1,0xf1,0xf1,0x25,0x29,0x29,0x29,
  0x21,0x21,0x29,0x29,0x29,0x29,0x25,0x44,0x19,0x19,0x43,0x43,0x26,0x26,0x2a,0x2a,
  0x12,0x12,0x12,0x01,0x12,0x12,0x12,0x01,0x12,0x12,0x12,0x01,0x12,0x12,0x12,0x01,
  0x12,0x12,0x12,0x01,0x12,0x12,0x12,0x01,0x12,0x12,0x12,0x01,0x12,0x12,0x12,0x01,
  0x12,0x12,0x12,0x01,0x12,0x12,0x12,0x01,0x12,0x12,0x12,0x01,0x12,0x12,0x12,0x01,
  0x12,0x12,0x12,0x01,0x12,0x12,0x12,0x01,0x12,0x12,0x12,0x01,0x12,0x12,0x12,0x01,
  0xa7,0xa3,0x3e,0xa7,0xa7,0xa3,0x3e,0xa7,0x38,0x38,0x38,0x38,0x83,0x83,0x83,0x83,
  0x5e,0x5e,0xb2,0xb2,0x2f,0x2f,0xb2,0xb2,0x2f,0x2f,0xb2,0xb2,0x26,0x26,0x1e,0x1e,
  0xcd,0xcd,0xcd,0xcd,0xcd,0xcd,0xcc,0xcd,0x5c,0xf1,0xf1,0xf1,0x29,0x29,0x29,0x29,
  0x21,0x21,0x29,0x29,0x29,0x29,0x25,0x44,0x19,0x19,0x43,0x43,0x26,0x26,0x2a,0x2a,
  0x12,0x12,0x12,0x01,0x12,0x12,0x12,0x01,0x12,0x12,0x12,0x01,0x12,0x12,0x12,0x01,
  0x12,0x12,0x12,0x01,0x12,0x12,0x12,0x01,0x12,0x12,0x12,0x01,0x12,0x12,0x12,0x01,
  0x12,0x12,0x12,0x01,0x12,0x12,0x12,0x01,0x12,0x12,0x12,0x01,0x12,0x12,0x12,0x01,
  0x12,0x12,0x12,0x01,0x12,0x12,0x12,0x01,0x12,0x12,0x12,0x01,0x12,0x12,0x12,0x01,
  0x3e,0x3e,0x3e,0x3e,0x3e,0x3e,0x3e,0x3e,0x38,0x38,0x38,0x38,0x3a,0x3a,0x3a,0x3a,
  0x5e,0x5e,0xb2,0xb2,0x2f,0x2f,0xb2,0xb2,0x2f,0x2f,0xb2,0xb2,0x26,0x26,0x1e,0x1e,
  0x6f,0xc7,0x6f,0x5d,0x5d,0xc7,0x6f,0x5d,0xe8,0xe8,0xe8,0x62,0x44,0x25,0x25,0x25,
  0x21,0x21,0x29,0x29,0x29,0x19,0x44,0x44,0x19,0x19,0x43,0x43,0x26,0x26,0x2a,0x2a,
  0x12,0x12,0x12,0x12,0x12,0x12,0x12,0x12,0x12,0x12,0x12,0x12,0x12,0x12,0x12,0x12,
  0x12,0x12,0x12,0x12,0x12,0x12,0x12,0x12,0x12,0x12,0x12,0x12,0x12,0x12,0x12,0x12,
  0x12,0x12,0x12,0x12,0x12,0x12,0x12,0x12,0x12,0x12,0x12,0x12,0x12,0x12,0x12,0x12,
  0x12,0x12,0x12,0x12,0x12,0x12,0x12,0x12,0x12,0x12,0x12,0x12,0x12,0x12,0x12,0x12,
  0x3e,0x3e,0x3e,0x3e,0x3e,0x3e,0x3e,0x3e,0x38,0x38,0x38,0x38,0x3a,0x3a,0x3a,0x3a,
  0x5e,0x5e,0xb2,0xb2,0x2f,0x2f,0xb2,0xb2,0x2f,0x2f,0xb2,0xb2,0x26,0x26,0x1e,0x1e,
  0x5d,0xc7,0xc7,0xc7,0x5d,0xc7,0x6f,0x5d,0xe8,0x62,0xe8,0x62,0x25,0xfd,0x25,0x25,
  0x21,0x21,0x29,0x29,0x19,0x19,0x44,0x44,0x19,0x19,0x43,0x43,0x26,0x26,0x2a,0x2a,
  0x12,0x12,0x12,0x12,0x12,0x12,0x12,0x12,0x12,0x12,0x12,0x12,0x12,0x12,0x12,0x12,
  0x12,0x12,0x12,0x12,0x12,0x12,0x12,0x12,0x12,0x12,0x12,0x12,0x12,0x12,0x12,0x12,
  0x12,0x12,0x12,0x12,0x12,0x12,0x12,0x12,0x12,0x12,0x12,0x12,0x12,0x12,0x12,0x12,
  0x12,0x12,0x12,0x12,0x12,0x12,0x12,0x12,0x12,0x12,0x12,0x12,0x12,0x12,0x12,0x12,
  0x68,0x68,0x68,0x68,0x3d,0x3d,0x34,0x34,0x68,0x68,0x68,0x68,0xae,0xae,0x7e,0x7e,
  0x2f,0x2f,0x2f,0x2f,0xae,0xae,0x13,0x13,0x7c,0x7c,0x3a,0x3a,0x26,0x26,0x1e,0x1e,
  0x21,0x21,0x9c,0x97,0x21,0x21,0x29,0x29,0x21,0x21,0x29,0x29,0x21,0x21,0x21,0x21,
  0x29,0x29,0x29,0x19,0x19,0x19,0x43,0x43,0x19,0x19,0x43,0x43,0x26,0x26,0x2a,0x2a,
  0x11,0x11,0x11,0x11,0x11,0x11,0x11,0x11,0x11,0x11,0x11,0x11,0x11,0x11,0x11,0x11,
  0x11,0x11,0x11,0x11,0x11,0x11,0x11,0x11,0x11,0x11,0x11,0x11,0x11,0x11,0x11,0x11,
  0x11,0x11,0x11,0x11,0x11,0x11,0x11,0x11,0x11,0x11,0x11,0x11,0x11,0x11,0x11,0x11,
  0x11,0x11,0x11,0x11,0x11,0x11,0x11,0x11,0x11,0x11,0x11,0x11,0x11,0x11,0x11,0x11,
  0x68,0x68,0x68,0x68,0x3d,0x3d,0x34,0x34,0x68,0x68,0x68,0x68,0xae,0xae,0x7e,0x7e,
  0x2f,0x2f,0x2f,0x2f,0xae,0xae,0x13,0x13,0x7c,0x7c,0x3a,0x3a,0x26,0x26,0x1e,0x1e,
  0x21,0x21,0x9c,0x97,0x21,0x21,0x29,0x29,0x21,0x21,0x29,0x29,0x21,0x21,0x21,0x21,
  0x29,0x29,0x19,0x19,0x19,0x19,0x43,0x43,0x19,0x19,0x43,0x43,0x26,0x26,0x2a,0x2a,
  0x11,0x11,0x11,0x11,0x11,0x11,0x11,0x11,0x11,0x11,0x11,0x11,0x11,0x11,0x11,0x11,
  0x11,0x11,0x11,0x11,0x11,0x11,0x11,0x11,0x11,0x11,0x11,0x11,0x11,0x11,0x11,0x11,
  0x11,0x11,0x11,0x11,0x11,0x11,0x11,0x11,0x11,0x11,0x11,0x11,0x11,0x11,0x11,0x11,
  0x11,0x11,0x11,0x11,0x11,0x11,0x11,0x11,0x11,0x11,0x11,0x11,0x11,0x11,0x11,0x11,
  0x3a,0x8b,0x8b,0x8b,0x8b,0x8b,0x34,0x34,0x3a,0x3a,0x3a,0x3a,0xae,0xae,0x7e,0x7e,
  0xb2,0xb2,0xb2,0xb2,0xae,0xae,0x13,0x13,0x3a,0x3a,0x3a,0x3a,0x26,0x26,0x1e,0x1e,
  0x21,0x21,0x9c,0x97,0x21,0x21,0x29,0x29,0x21,0x21,0x29,0x29,0x21,0x21,0x21,0x21,
  0x25,0x25,0x44,0x44,0x19,0x19,0x43,0x43,0x19,0x19,0x43,0x43,0x26,0x26,0x2a,0x2a,
  0x15,0x15,0x15,0x15,0x15,0x15,0x15,0x15,0x15,0x15,0x15,0x15,0x15,0x15,0x15,0x15,
  0x15,0x15,0x15,0x15,0x15,0x15,0x15,0x15,0x15,0x15,0x15,0x15,0x15,0x15,0x15,0x15,
  0x15,0x15,0x15,0x15,0x15,0x15,0x15,0x15,0x15,0x15,0x15,0x15,0x15,0x15,0x15,0x15,
  0x15,0x15,0x15,0x15,0x15,0x15,0x15,0x15,0x15,0x15,0x15,0x15,0x15,0x15,0x15,0x15,
  0x3a,0x8b,0x8b,0x8b,0x8b,0x8b,0x34,0x34,0x3a,0x3a,0x3a,0x3a,0xae,0xae,0x7e,0x7e,
  0xb2,0xb2,0xb2,0xb2,0xae,0xae,0x13,0x13,0x3a,0x3a,0x3a,0x3a,0x26,0x26,0x1e,0x1e,
  0x21,0x21,0x9c,0x97,0x21,0x21,0x29,0x29,0x21,0x21,0x29,0x29,0x21,0x21,0x21,0x21,
  0x25,0x44,0x44,0x44,0x19,0x19,0x43,0x43,0x19,0x19,0x43,0x43,0x26,0x26,0x2a,0x2a,
  0x15,0x15,0x15,0x15,0x15,0x15,0x15,0x15,0x15,0x15,0x15,0x15,0x15,0x15,0x15,0x15,
  0x15,0x15,0x15,0x15,0x15,0x15,0x15,0x15,0x15,0x15,0x15,0x15,0x15,0x15,0x15,0x15,
  0x15,0x15,0x15,0x15,0x15,0x15,0x15,0x15,0x15,0x15,0x15,0x15,0x15,0x15,0x15,0x15,
  0x15,0x15,0x15,0x15,0x15,0x15,0x15,0x15,0x15,0x15,0x15,0x15,0x15,0x15,0x15,0x15,
  0x2f,0x2f,0xae,0xae,0x2f,0x2f,0xae,0xae,0x48,0x48,0x5e,0x5e,0x48,0x48,0x48,0x48,
  0xae,0xae,0x13,0x13,0xae,0xae,0xae,0xae,0xae,0xae,0xae,0xae,0x26,0x26,0x1e,0x1e,
  0x19,0xac,0xac,0xac,0x21,0x21,0x21,0x21,0x21,0x21,0x21,0x21,0x29,0x29,0x8d,0x8d,
  0x19,0x19,0x43,0x43,0x19,0x19,0x43,0x43,0x19,0x19,0x43,0x43,0x26,0x26,0x2a,0x2a,
  0x6e,0x6e,0x60,0x6e,0x6e,0x6e,0x60,0x6e,0x6e,0x6e,0x60,0x6e,0x6e,0x6e,0x60,0x6e,
  0x6e,0x6e,0x60,0x6e,0x6e,0x6e,0x60,0x6e,0x6e,0x6e,0x60,0x6e,0x6e,0x6e,0x60,0x6e,
  0x6e,0x6e,0x60,0x6e,0x6e,0x6e,0x60,0x6e,0x6e,0x6e,0x60,0x6e,0x6e,0x6e,0x60,0x6e,
  0x6e,0x6e,0x60,0x6e,0x6e,0x6e,0x60,0x6e,0x6e,0x6e,0x60,0x6e,0x6e,0x6e,0x60,0x6e,
  0x2f,0x2f,0xae,0xae,0x2f,0x2f,0xae,0xae,0x48,0x48,0x5e,0x5e,0x48,0x48,0x48,0x48,
  0xae,0xae,0x13,0x13,0xae,0xae,0xae,0xae,0xae,0xae,0xae,0xae,0x26,0x26,0x1e,0x1e,
  0x29,0x29,0x19,0x29,0x21,0x21,0x21,0x21,0x21,0x21,0x21,0x21,0x19,0x19,0x43,0x43,
  0x19,0x19,0x43,0x43,0x19,0x19,0x43,0x43,0x19,0x19,0x43,0x43,0x26,0x26,0x2a,0x2a,
  0x6e,0x6e,0x60,0x6e,0x6e,0x6e,0x60,0x6e,0x6e,0x6e,0x60,0x6e,0x6e,0x6e,0x60,0x6e,
  0x6e,0x6e,0x60,0x6e,0x6e,0x6e,0x60,0x6e,0x6e,0x6e,0x60,0x6e,0x6e,0x6e,0x60,0x6e,
  0x6e,0x6e,0x60,0x6e,0x6e,0x6e,0x60,0x6e,0x6e,0x6e,0x60,0x6e,0x6e,0x6e,0x60,0x6e,
  0x6e,0x6e,0x60,0x6e,0x6e,0x6e,0x60,0x6e,0x6e,0x6e,0x60,0x6e,0x6e,0x6e,0x60,0x6e,
  0x2f,0x2f,0xae,0xae,0x2f,0x2f,0xae,0xae,0x48,0x48,0x5e,0x5e,0x48,0x48,0x48,0x48,
  0xae,0xae,0x13,0x13,0x13,0x13,0x13,0x13,0x13,0x13,0x13,0x13,0x26,0x26,0x1e,0x1e,
  0x62,0x62,0x62,0x62,0x25,0x25,0x25,0x25,0x25,0x25,0x25,0x25,0x19,0x19,0x43,0x43,
  0x19,0x19,0x43,0x43,0x19,0x19,0x43,0x43,0x19,0x19,0x43,0x43,0x26,0x26,0x2a,0x2a,
  0x18,0x18,0x18,0x18,0x18,0x18,0x18,0x18,0x18,0x18,0x18,0x18,0x18,0x18,0x18,0x18,
  0x18,0x18,0x18,0x18,0x18,0x18,0x18,0x18,0x18,0x18,0x18,0x18,0x18,0x18,0x18,0x18,
  0x18,0x18,0x18,0x18,0x18,0x18,0x18,0x18,0x18,0x18,0x18,0x18,0x18,0x18,0x18,0x18,
  0x18,0x18,0x18,0x18,0x18,0x18,0x18,0x18,0x18,0x18,0x18,0x18,0x18,0x18,0x18,0x18,
  0x2f,0x2f,0xae,0xae,0x2f,0x2f,0xae,0xae,0x48,0x48,0x5e,0x5e,0x48,0x48,0x5e,0x48,
  0xae,0xae,0x13,0x13,0x13,0x13,0x13,0x13,0x13,0x13,0x13,0x13,0x26,0x26,0x1e,0x1e,
  0xf1,0xac,0x62,0xac,0x25,0x25,0x25,0x25,0x25,0x44,0x25,0x25,0x29,0x29,0x8d,0x8d,
  0x29,0x29,0x8d,0x8d,0x29,0x29,0x8d,0x8d,0x29,0x29,0x8d,0x8d,0x26,0x26,0x9e,0x9e,
  0x18,0x18,0x18,0x18,0x18,0x18,0x18,0x18,0x18,0x18,0x18,0x18,0x18,0x18,0x18,0x18,
  0x18,0x18,0x18,0x18,0x18,0x18,0x18,0x18,0x18,0x18,0x18,0x18,0x18,0x18,0x18,0x18,
  0x18,0x18,0x18,0x18,0x18,0x18,0x18,0x18,0x18,0x18,0x18,0x18,0x18,0x18,0x18,0x18,
  0x18,0x18,0x18,0x18,0x18,0x18,0x18,0x18,0x18,0x18,0x18,0x18,0x18,0x18,0x18,0x18,
};
const u16 spr_c_tex0_pal[] = {
  0x080a,0x0c30,0x0d29,0x4004,0x20ed,0x3c6e,0x51e3,0x54ee,0x23ce,0x4fce,0x138e,0x03e0,0x47e0,0x4365,0x5a70,0x1749,
  0x5844,0x584f,0x0833,0x14f7,0x3c71,0x64d2,0x03f1,0x5bf1,0x66f2,0x507f,0x54b1,0x3b33,0x1ff2,0x5e25,0x7fe1,0x5b64,
  0x20fd,0x407f,0x156a,0x3c58,0x37ca,0x509f,0x7fff,0x47ff,0x63b5,0x507f,0x03ff,0x1ff1,0x5683,0x26d9,0x332a,0x1437,
  0x5b32,0x7fff,0x7fbf,0x13f2,0x0ff4,0x5e85,0x3aee,0x40f1,0x3ebc,0x66f4,0x2fd9,0x64d2,0x779c,0x13d6,0x5a7f,0x3fee,
  0x1bca,0x4bcc,0x542a,0x5d1f,0x54df,0x5cd1,0x5fe6,0x0969,0x2454,0x1e88,0x5cff,0x6ab6,0x2c09,0x284e,0x7c21,0x6805,
  0x6305,0x6c47,0x40ee,0x5a04,0x58d2,0x47ca,0x64d2,0x64d2,0x64d2,0x60f0,0x5ced,0x156b,0x685f,0x7c5f,0x2458,0x0989,
  0x5a2e,0x27a9,0x64ff,0x2977,0x5fee,0x6ff1,0x574b,0x6f96,0x1b95,0x2c2b,0x64d2,0x60ee,0x585d,0x4c7d,0x5e4f,0x78df,
  0x3da0,0x5fcc,0x5e33,0x64d2,0x6fbf,0x5e33,0x5e33,0x5e33,0x2d1e,0x328a,0x6727,0x6313,0x2f97,0x4b1c,0x1d37,0x5d1f,
  0x5e33,0x4e1d,0x4bff,0x2b3a,0x4d2f,0x52a6,0x09e8,0x402c,0x34ee,0x13c9,0x436c,0x17f6,0x62f3,0x5d1f,0x4bbc,0x7399,
  0x252a,0x2349,0x214a,0x1d29,0x5feb,0x5fff,0x43f0,0x3cff,0x7fe5,0x73c6,0x6c45,0x74c8,0x3d5e,0x5d1f,0x03ff,0x5d1f,
  0x7e1f,0x72ff,0x1d77,0x49fc,0x49fc,0x4b3c,0x4b3c,0x523d,0x5d1f,0x523d,0x04c8,0x13c9,0x547f,0x7546,0x14b7,0x27ca,
  0x2c84,0x1d4b,0x209a,0x55f1,0x0fc8,0x3b96,0x7148,0x25d8,0x2129,0x212d,0x548a,0x46ac,0x2009,0x38ac,0x77ea,0x64a6,
  0x35fd,0x202a,0x5a04,0x0ba8,0x478b,0x4eee,0x3f6e,0x747f,0x7dad,0x391f,0x239d,0x14c9,0x745f,0x6c7f,0x71a5,0x043f,
  0x316b,0x5205,0x520c,0x3c6a,0x6ab6,0x7c00,0x0e87,0x7d68,0x6ab6,0x6afe,0x1409,0x651f,0x7387,0x7d7f,0x7d5f,0x045f,
  0x001f,0x0c7c,0x2c8a,0x2069,0x19cd,0x78ff,0x4b8a,0x445a,0x70df,0x3fd5,0x288a,0x62f0,0x3fd7,0x7fdf,0x7868,0x178e,
  0x3857,0x585f,0x20a9,0x24a9,0x4028,0x1bf1,0x3f54,0x7b9f,0x531e,0x5a04,0x286b,0x21b7,0x74e6,0x487f,0x5a04,0x5168,
};
const u16 spr_c_m0_vtx[] = {
  0x0472,0x0495,0x01c6,0x0527,0x03e6,0x01f8,0xfff6,0x03cb,0x05b4,0xfffe,0x0486,0x0504,0xfa1b,0x0140,0x01eb,0xfad5,
  0x01ed,0x01c7,0xfcc6,0x02c4,0xfbbe,0xfc5b,0x022c,0xfb0d,0xfad5,0x01ed,0x01c7,0xfb8b,0x014b,0x0174,0xfd3e,0x020e,
  0xfc44,0xfcc6,0x02c4,0xfbbe,0xfad1,0x009e,0x0197,0xfcd3,0x0175,0xfb94,0xfffe,0x0460,0x0684,0xfa1b,0x050b,0x0249,
  0xfad1,0x0469,0x01f6,0x032a,0x0306,0xfbbb,0x03a2,0x026d,0xfb14,0x02bf,0x024e,0xfc4b,0x032a,0x0306,0xfbbb,0x0337,
  0x01b5,0xfba4,0x052c,0x02b0,0x01cb,0x05e1,0x0202,0x01fd,0x0472,0x020d,0x0187,0x052c,0x02b0,0x01cb,0x0527,0x015f,
  0x01b9,0xfcc6,0x054c,0xfbfd,0xfd3e,0x0495,0xfc83,0x02bf,0x04d6,0xfc8a,0x032a,0x058d,0xfbfa,0xfad1,0x0326,0x01d6,
  0xfa1b,0x03c7,0x0229,0xfc5b,0x04b3,0xfb4c,0xfcd3,0x03fd,0xfbd3,0xfcc6,0x054c,0xfbfd,0x032a,0x058d,0xfbfa,0x03a2,
  0x04f4,0xfb53,0x05e1,0x0346,0x021d,0x052c,0x03f4,0x01ea,0x0006,0x03d7,0x05b5,0xfffe,0x031d,0x0665,0x052c,0x0538,
  0x020a,0x0527,0x02a3,0x01d9,0xfff6,0x0287,0x0594,0x052c,0x0538,0x020a,0x05e1,0x0489,0x023c,0xfad5,0x0474,0x0206,
  0x0006,0x051b,0x05d4,0x0006,0x051b,0x05d4,0x0006,0x0293,0x0596,0xfffe,0x01d9,0x0645,0xfffe,0x01fe,0x04c5,0x0006,
  0x0293,0x0596,0xfff6,0x0143,0x0575,0x0337,0x043c,0xfbe3,0xfad5,0x0330,0x01e6,0xfa1b,0x0283,0x020a,0xfb8b,0x028f,
  0x0193,0xfad5,0x0330,0x01e6,0xfad1,0x01e2,0x01b7,0x0472,0x0351,0x01a6,0xfffe,0x0342,0x04e5,0x052c,0x03f4,0x01ea,
  0x0006,0x03d7,0x05b5,0xfcc6,0x0408,0xfbdd,0xfc5b,0x0370,0xfb2d,0xfd3e,0x0351,0xfc64,0xfcc6,0x0408,0xfbdd,0xfcd3,
  0x02b9,0xfbb3,0xfad5,0x0474,0x0206,0xfb8b,0x03d3,0x01b3,0x032a,0x044a,0xfbda,0x03a2,0x03b0,0xfb33,0x02bf,0x0392,
  0xfc6a,0x032a,0x044a,0xfbda,0x0337,0x02f9,0xfbc3,0xfb24,0x07d2,0x09ae,0x0497,0x07ab,0x09ee,0xf62f,0x08d2,0x01b2,
  0xf58b,0x086a,0x0145,0xfac6,0x096f,0xf849,0xf58b,0x055b,0x00e3,0xfac6,0x0749,0x0a41,0xfac6,0x043b,0x09df,0x053a,
  0x043b,0x09df,0x0a75,0x055b,0x00e3,0x053a,0x0749,0x0a41,0x053a,0x098a,0xf849,0x0a75,0x086a,0x0145,0x053a,0x067b,
  0xf7e7,0x053a,0x098a,0xf849,0xfac6,0x067b,0xf7e7,0x0a75,0x055b,0x00e3,0x053a,0x043b,0x09df,0x0497,0x03d2,0x0973,
  0x09d1,0x04f3,0x0077,0x04dc,0x09cc,0xf8f6,0xfb69,0x09d8,0xf8b6,0x09d1,0x08e9,0x00f6,0x053a,0x067b,0xf7e7,0x04dc,
  0x05f3,0xf87b,0xfac6,0x043b,0x09df,0xfb24,0x03db,0x092e,0xf62f,0x08d2,0x01b2,0xfb69,0x09d8,0xf8b6,0xfac6,0x096f,
  0xf849,0xf58b,0x086a,0x0145,0xfb24,0x07d2,0x09ae,0xfac6,0x0749,0x0a41,0x04dc,0x09cc,0xf8f6,0x053a,0x098a,0xf849,
  0x0497,0x07ab,0x09ee,0x053a,0x0749,0x0a41,0x04dc,0x09cc,0xf8f6,0x09d1,0x08e9,0x00f6,0x0a75,0x086a,0x0145,0x053a,
  0x098a,0xf849,0xfac6,0x067b,0xf7e7,0x053a,0x067b,0xf7e7,0x04dc,0x05f3,0xf87b,0xfb69,0x05fb,0xf836,0xf58b,0x055b,
  0x00e3,0xf62f,0x04db,0x0132,0xf62f,0x04db,0x0132,0x0497,0x03d2,0x0973,0xfb24,0x03db,0x092e,0xfb69,0x05fb,0xf836,
  0x09d1,0x04f3,0x0077,0x04dc,0x05f3,0xf87b,0x053a,0x067b,0xf7e7,0xf62f,0x08d2,0x01b2,0xfd3e,0x05d9,0xfca3,0xfcd3,
  0x0540,0xfbf2,0x0337,0x0580,0xfc02,0x02bf,0x061a,0xfca9,0xfc5b,0x05f7,0xfb6c,0x03a2,0x0638,0xfb72,0xfcc6,0x068f,
  0xfc1c,0x032a,0x06d1,0xfc19,0x0548,0x066a,0x023b,0x05f9,0x05ba,0x0279,0xfad5,0x05b8,0x0225,0xfad5,0x05b8,0x0225,
  0xfb8b,0x0516,0x01d2,0xfcc6,0x068f,0xfc1c,0x0542,0x0518,0x0229,0x0491,0x05c8,0x01ec,0x032a,0x06d1,0xfc19,0x0548,
  0x066a,0x023b,0x0548,0x066a,0x023b,0x0491,0x05c8,0x01ec,0x0542,0x0518,0x0229,0x05f9,0x05ba,0x0279,0x02b6,0xfbc4,
  0x03e3,0xfd4a,0xfbc4,0x03e3,0x0000,0xf136,0xfefa,0xfb26,0xfc24,0x0009,0xfd4a,0xfc84,0xfc30,0x04da,0xfc24,0x0009,
  0x02b6,0xfc84,0xfc30,0x04da,0xfc24,0x0009,0xfb26,0xfc24,0x0009,0x0472,0x00da,0x0165,0x05de,0x00be,0x01dc,0x0525,
  0x002c,0x0193,0x05de,0x00be,0x01dc,0x052d,0x016d,0x01ac,0x0006,0x0150,0x0576,0xfffe,0x0095,0x0626,0x052d,0x016d,
  0x01ac,0xfffe,0x00ba,0x04a6,0x0006,0x0150,0x0576,0xfff6,0x0000,0x0555,0x0472,0x00da,0x0165,0x052d,0x016d,0x01ac,
  0xfcbd,0x008d,0x0624,0x0315,0x0073,0x0651,0xf969,0x0112,0x00c4,0xf8fb,0x0096,0x0078,0xfc7d,0x012c,0xfa6b,0xf8fb,
  0xfc8c,0x0013,0xfc7d,0xffff,0x0685,0xfc7d,0xfbf5,0x0620,0x0383,0xfbf5,0x0620,0x0705,0xfc8c,0x0013,0x0383,0xffff,
  0x0685,0x0383,0x012c,0xfa6b,0x0705,0x0096,0x0078,0x0383,0xfd22,0xfa06,0x0383,0x012c,0xfa6b,0xfc7d,0xfd22,0xfa06,
  0x0705,0xfc8c,0x0013,0x0383,0xfbf5,0x0620,0x0315,0xfb33,0x05ce,0x0697,0xfbc9,0xffc1,0x0343,0x0190,0xfae3,0xfceb,
  0x01a9,0xfab7,0x0697,0x011f,0x0046,0x0697,0x011f,0x0046,0x0383,0xfd22,0xfa06,0x0343,0xfc4f,0xfa60,0xfc7d,0xfbf5,
  0x0620,0xfcbd,0xfb37,0x05a0,0xf969,0x0112,0x00c4,0xfceb,0x01a9,0xfab7,0xfc7d,0x012c,0xfa6b,0xf8fb,0x0096,0x0078,
  0xfcbd,0x008d,0x0624,0xfc7d,0xffff,0x0685,0x0343,0x0190,0xfae3,0x0383,0x012c,0xfa6b,0x0315,0x0073,0x0651,0x0383,
  0xffff,0x0685,0x0343,0x0190,0xfae3,0x0697,0x011f,0x0046,0x0705,0x0096,0x0078,0x0383,0x012c,0xfa6b,0xfc7d,0xfd22,
  0xfa06,0x0383,0xfd22,0xfa06,0x0343,0xfc4f,0xfa60,0xfceb,0xfc54,0xfa32,0xf8fb,0xfc8c,0x0013,0xf969,0xfbbd,0x003f,
  0xf969,0xfbbd,0x003f,0x0315,0xfb33,0x05ce,0xfcbd,0xfb37,0x05a0,0x0697,0xfbc9,0xffc1,0xfceb,0xfc54,0xfa32,0x0343,
  0xfc4f,0xfa60,0x0383,0xfd22,0xfa06,0xf969,0x0112,0x00c4,
};
const u16 spr_c_m0_uv[] = {
  0x0f35,0x0f16,0x0f35,0x0e37,0x0c05,0x0e37,0x0c05,0x0f16,0x38ab,0x0f1b,0x38ab,0x0ff9,0x357a,0x0ff9,0x357a,0x0f1b,
  0x38ae,0x0ff4,0x38ae,0x0f16,0x357d,0x0f16,0x357d,0x0ff4,0x38ae,0x0e37,0x357d,0x0e37,0x0c02,0x0f1b,0x08d1,0x0f1b,
  0x08d4,0x0e37,0x324a,0x0ff9,0x324a,0x0f1b,0x324c,0x0f16,0x324c,0x0ff4,0x324c,0x0e37,0x2f19,0x0ff9,0x2f19,0x0f1b,
  0x2f1c,0x0f16,0x2f1c,0x0ff4,0x2f1c,0x0e37,0x1597,0x0ff4,0x1597,0x0f16,0x1266,0x0f16,0x1266,0x0ff4,0x18c7,0x0e37,
  0x18c4,0x0f1b,0x1594,0x0f1b,0x1597,0x0e37,0x1594,0x0ff9,0x1263,0x0ff9,0x1263,0x0f1b,0x1f25,0x0f1b,0x1f25,0x0ff9,
  0x1bf5,0x0ff9,0x1bf5,0x0f1b,0x0f35,0x0ff4,0x1f29,0x0e37,0x1bf8,0x0e37,0x0f32,0x0ff9,0x0f32,0x0f1b,0x18c4,0x0ff9,
  0x0c05,0x0ff4,0x0c02,0x0ff9,0x2be8,0x0ff9,0x2be8,0x0f1b,0x2beb,0x0f16,0x2beb,0x0ff4,0x2beb,0x0e37,0x1266,0x0e37,
  0x28b7,0x0ff9,0x28b7,0x0f1b,0x28bb,0x0f16,0x28bb,0x0ff4,0x28bb,0x0e37,0x1f29,0x0f16,0x1bf8,0x0f16,0x1f29,0x0ff4,
  0x1bf8,0x0ff4,0x2587,0x0ff9,0x2587,0x0f1b,0x258a,0x0f16,0x258a,0x0ff4,0x258a,0x0e37,0x18c7,0x0ff4,0x18c7,0x0f16,
  0x2256,0x0ff9,0x2256,0x0f1b,0x2259,0x0f16,0x2259,0x0ff4,0x2259,0x0e37,0x0334,0x018b,0x0331,0x03b4,0x0070,0x0036,
  0x0aad,0x051d,0x0959,0x051d,0x0aad,0x032c,0x0bf7,0x051d,0x0bf7,0x032c,0x0d41,0x032c,0x0e96,0x032c,0x0d41,0x051d,
  0x0fe0,0x051d,0x0e96,0x051d,0x0fe0,0x032c,0x080e,0x051d,0x0959,0x032c,0x0e96,0x032c,0x0d41,0x032c,0x0d41,0x02e2,
  0x0e96,0x02e2,0x0331,0x03b4,0x0334,0x018b,0x0073,0x0509,0x0fe0,0x032c,0x0fe0,0x02e2,0x0bf7,0x032c,0x0bf7,0x02e2,
  0x0aad,0x0560,0x0959,0x0560,0x0959,0x051d,0x0aad,0x051d,0x0bf8,0x0560,0x0bf7,0x051d,0x080e,0x0560,0x080e,0x051d,
  0x0d41,0x0560,0x0d41,0x051d,0x0fe0,0x0560,0x0e96,0x0560,0x0e96,0x051d,0x0fe0,0x051d,0x0959,0x032c,0x080e,0x032c,
  0x080e,0x02e2,0x0959,0x02e2,0x0aad,0x032c,0x0aad,0x02e2,0x05d9,0x081e,0x0977,0x05ff,0x070f,0x0602,0x0718,0x0a50,
  0x0ab7,0x0831,0x0980,0x0a4d,0x080e,0x032c,0x0076,0x0036,0x05a4,0x0f16,0x05a4,0x0e37,0x0273,0x0e37,0x0273,0x0f16,
  0x05a0,0x0f1b,0x0270,0x0f1b,0x05a0,0x0ff9,0x0270,0x0ff9,0x000b,0x0ff9,0x000b,0x0f1b,0x08d1,0x0ff9,0x08d4,0x0ff4,
  0x08d4,0x0f16,0x05a4,0x0ff4,0x000e,0x0e37,0x000e,0x0f16,0x0273,0x0ff4,0x000e,0x0ff4,0x3fd8,0x0f1b,0x3fd8,0x0f1b,
  0x3fd8,0x0f1b,0x3fd8,0x0f1b,0x0fde,0x08fc,0x0fde,0x0743,0x0b13,0x0814,0x0fde,0x05e7,0x0fde,0x0743,0x0fde,0x0a58,
  0x0fde,0x08fc,0x0fde,0x0a58,0x0fde,0x05e7,0x3e43,0x0f16,0x3eef,0x0f1b,0x3e43,0x0e37,0x3eef,0x0f1b,0x3f0c,0x0ff9,
  0x3bdb,0x0ff9,0x3bdb,0x0f1b,0x3f0f,0x0ff4,0x3bde,0x0f16,0x3bde,0x0ff4,0x3bde,0x0e37,0x3fd8,0x0f1b,0x3fd8,0x0f1b,
  0x0196,0x05dd,0x042c,0x05d9,0x0048,0x0821,0x0556,0x0dbe,0x02a6,0x0dbe,0x0556,0x0b7b,0x07f1,0x0dbe,0x07f0,0x0b7b,
  0x0a8b,0x0b7b,0x0d3b,0x0b7b,0x0a8b,0x0dbe,0x0fd6,0x0dbe,0x0d3b,0x0dbe,0x0fd6,0x0b7b,0x000b,0x0dbe,0x02a6,0x0b7b,
  0x0d3b,0x0b7b,0x0a8b,0x0b7b,0x0a8b,0x0b25,0x0d3b,0x0b25,0x0196,0x05dd,0x042c,0x05d9,0x0048,0x0821,0x0583,0x0835,
  0x0fd6,0x0b7b,0x0fd6,0x0b25,0x07f0,0x0b7b,0x07f0,0x0b25,0x0556,0x0e0d,0x02a6,0x0e0d,0x02a6,0x0dbe,0x0556,0x0dbe,
  0x07f1,0x0e0d,0x07f1,0x0dbe,0x000b,0x0e0d,0x000b,0x0dbe,0x0a8b,0x0e0d,0x0a8b,0x0dbe,0x0fd6,0x0e0d,0x0d3b,0x0e0d,
  0x0d3b,0x0dbe,0x0fd6,0x0dbe,0x02a6,0x0b7b,0x000b,0x0b7b,0x000b,0x0b25,0x02a6,0x0b25,0x0556,0x0b7b,0x0556,0x0b25,
  0x0048,0x0821,0x042c,0x05d9,0x0196,0x05dd,0x0583,0x0835,0x019f,0x0a7c,0x0435,0x0a79,0x000b,0x0b7b,0x0583,0x0835,
};
const u16 spr_c_m0_col[] = {
  0x7fff,0x7fff,0x7fff,0x7fff,0x7fff,0x7fff,0x7fff,0x7fff,0x7fff,0x7fff,0x7fff,0x7fff,0x7fff,0x7fff,0x7fff,0x7fff,
  0x7fff,0x7fff,0x7fff,0x7fff,0x7fff,0x7fff,0x7fff,0x7fff,0x7fff,0x7fff,0x7fff,0x7fff,0x7fff,0x7fff,0x7fff,0x7fff,
  0x7fff,0x7fff,0x7fff,0x7fff,0x7fff,0x7fff,0x7fff,0x7fff,0x7fff,0x7fff,0x7fff,0x7fff,0x7fff,0x7fff,0x7fff,0x7fff,
  0x7fff,0x7fff,0x7fff,0x7fff,0x7fff,0x7fff,0x7fff,0x7fff,0x7fff,0x7fff,0x7fff,0x7fff,0x7fff,0x7fff,0x7fff,0x7fff,
  0x7fff,0x7fff,0x7fff,0x7fff,0x7fff,0x7fff,0x7fff,0x7fff,0x7fff,0x7fff,0x7fff,0x7fff,0x7fff,0x7fff,0x7fff,0x7fff,
  0x7fff,0x7fff,0x7fff,0x7fff,0x7fff,0x7fff,0x7fff,0x7fff,0x7fff,0x7fff,0x7fff,0x7fff,0x7fff,0x7fff,0x7fff,0x7fff,
  0x7fff,0x7fff,0x7fff,0x7fff,0x7fff,0x7fff,0x7fff,0x7fff,0x7fff,0x7fff,0x7fff,0x7fff,0x7fff,0x7fff,0x7fff,0x7fff,
  0x7fff,0x7fff,0x7fff,0x7fff,0x7fff,0x7fff,0x7fff,0x7fff,0x7fff,0x7fff,0x7fff,0x7fff,0x7fff,0x7fff,0x7fff,0x7fff,
  0x7fff,0x7fff,0x7fff,0x7fff,0x7fff,0x7fff,0x7fff,0x7fff,0x7fff,0x7fff,0x7fff,0x7fff,0x7fff,0x7fff,0x7fff,0x7fff,
  0x7fff,0x7fff,0x7fff,0x7fff,0x7fff,0x7fff,0x7fff,0x7fff,0x7fff,0x7fff,0x7fff,0x7fff,0x7fff,0x7fff,0x7fff,0x7fff,
  0x7fff,0x7fff,0x7fff,0x7fff,0x7fff,0x7fff,0x7fff,0x7fff,0x7fff,0x7fff,0x7fff,0x7fff,0x7fff,0x7fff,0x7fff,0x7fff,
  0x7fff,0x7fff,0x7fff,0x7fff,0x7fff,0x7fff,0x7fff,0x7fff,0x7fff,0x7fff,0x7fff,0x7fff,0x7fff,0x7fff,0x7fff,0x7fff,
  0x7fff,0x7fff,0x7fff,0x7fff,0x7fff,0x7fff,0x7fff,0x7fff,0x7fff,0x7fff,0x7fff,0x7fff,0x7fff,0x7fff,0x7fff,0x7fff,
  0x7fff,0x7fff,0x7fff,0x7fff,0x7fff,0x7fff,0x7fff,0x7fff,0x7fff,0x7fff,0x7fff,0x7fff,0x7fff,0x7fff,0x7fff,0x7fff,
  0x7fff,0x7fff,0x7fff,0x7fff,0x7fff,0x7fff,0x7fff,0x7fff,
};
const u16 spr_c_m0_idx[] = {
  0x0000,0x0001,0x0002,0x0000,0x0002,0x0003,0x002a,0x0000,0x0003,0x001e,0x0000,0x002a,0x001e,0x001d,0x0000,0x001b,
  0x001d,0x001e,0x001b,0x001c,0x001d,0x0046,0x001c,0x001b,0x0046,0x0047,0x001c,0x0040,0x0047,0x0046,0x0040,0x003e,
  0x0047,0x003f,0x003e,0x0040,0x003f,0x003d,0x003e,0x004b,0x003d,0x003f,0x004b,0x004a,0x003d,0x0044,0x004a,0x004b,
  0x0044,0x0043,0x004a,0x003b,0x0043,0x0044,0x003b,0x003a,0x0043,0x0035,0x003a,0x003b,0x0035,0x0034,0x003a,0x0019,
  0x0034,0x0035,0x0019,0x0018,0x0034,0x0014,0x0018,0x0019,0x0014,0x0013,0x0018,0x000b,0x0013,0x0014,0x000b,0x000a,
  0x0013,0x0008,0x000a,0x000b,0x0008,0x0009,0x000a,0x00ac,0x0009,0x0008,0x00ac,0x00ab,0x0009,0x00aa,0x00ab,0x00ac,
  0x00aa,0x00a3,0x00ab,0x00a3,0x00ad,0x00ab,0x00a3,0x00a5,0x00ad,0x00a3,0x00a4,0x00a5,0x00ae,0x00af,0x00a4,0x0004,
  0x0005,0x0006,0x0004,0x0006,0x0007,0x000c,0x0004,0x0007,0x000c,0x0007,0x000d,0x0009,0x000c,0x000d,0x0009,0x000d,
  0x000a,0x000a,0x000d,0x0015,0x000a,0x0015,0x0013,0x0013,0x0015,0x001a,0x0013,0x001a,0x0018,0x0018,0x001a,0x0036,
  0x0018,0x0036,0x0034,0x0034,0x0036,0x003c,0x0034,0x003c,0x003a,0x003a,0x003c,0x0045,0x003a,0x0045,0x0043,0x0043,
  0x0045,0x004c,0x0043,0x004c,0x004a,0x004a,0x004c,0x002b,0x004a,0x002b,0x003d,0x003d,0x002b,0x002c,0x003d,0x002c,
  0x003e,0x003e,0x002c,0x001f,0x003e,0x001f,0x0047,0x0047,0x001f,0x0022,0x0047,0x0022,0x001c,0x001c,0x0022,0x0037,
  0x001c,0x0037,0x001d,0x001d,0x0037,0x0001,0x001d,0x0001,0x0000,0x0001,0x000e,0x0002,0x0001,0x002e,0x000e,0x0037,
  0x002e,0x0001,0x0037,0x0025,0x002e,0x0022,0x0025,0x0037,0x0022,0x0021,0x0025,0x001f,0x0021,0x0022,0x001f,0x0020,
  0x0021,0x002c,0x0020,0x001f,0x002c,0x0029,0x0020,0x002b,0x0029,0x002c,0x002b,0x0026,0x0029,0x004c,0x0026,0x002b,
  0x004c,0x0049,0x0026,0x0045,0x0049,0x004c,0x0045,0x0042,0x0049,0x003c,0x0042,0x0045,0x003c,0x0039,0x0042,0x0036,
  0x0039,0x003c,0x0036,0x0033,0x0039,0x001a,0x0033,0x0036,0x001a,0x0017,0x0033,0x0015,0x0017,0x001a,0x0015,0x0012,
  0x0017,0x000d,0x0012,0x0015,0x000d,0x0007,0x0012,0x0007,0x0011,0x0012,0x0007,0x0006,0x0011,0x0012,0x0011,0x0016,
  0x0012,0x0016,0x0017,0x0017,0x0016,0x0032,0x0017,0x0032,0x0033,0x0033,0x0032,0x0038,0x0033,0x0038,0x0039,0x0039,
  0x0038,0x0041,0x0039,0x0041,0x0042,0x0042,0x0041,0x0048,0x0042,0x0048,0x0049,0x0049,0x0048,0x0027,0x0049,0x0027,
  0x0026,0x0026,0x0027,0x0028,0x0026,0x0028,0x0029,0x0029,0x0028,0x002f,0x0029,0x002f,0x0020,0x0020,0x002f,0x0023,
  0x0020,0x0023,0x0021,0x0021,0x0023,0x0024,0x0021,0x0024,0x0025,0x0025,0x0024,0x002d,0x0025,0x002d,0x002e,0x002e,
  0x002d,0x0031,0x002e,0x0031,0x000e,0x000e,0x0031,0x008e,0x000e,0x008e,0x000f,0x0002,0x000e,0x000f,0x0002,0x000f,
  0x0010,0x0003,0x0002,0x0010,0x0003,0x0010,0x0090,0x0030,0x0003,0x0090,0x002a,0x0003,0x0030,0x0030,0x0090,0x008f,
  0x008f,0x0090,0x0084,0x008f,0x0084,0x0091,0x0091,0x0084,0x0087,0x0091,0x0087,0x0094,0x0094,0x0087,0x0093,0x0094,
  0x0093,0x0095,0x0087,0x0092,0x0093,0x0087,0x0086,0x0092,0x0084,0x0086,0x0087,0x0084,0x0085,0x0086,0x0090,0x0085,
  0x0084,0x0090,0x0010,0x0085,0x0010,0x0088,0x0085,0x0010,0x000f,0x0088,0x000f,0x008a,0x0088,0x000f,0x008e,0x008a,
  0x0088,0x008a,0x008b,0x0088,0x008b,0x0089,0x0085,0x0088,0x0089,0x0085,0x0089,0x0086,0x0086,0x0089,0x008d,0x0086,
  0x008d,0x0092,0x0089,0x008c,0x008d,0x0089,0x008b,0x008c,0x004d,0x004e,0x004f,0x0063,0x004f,0x004e,0x0061,0x0062,
  0x0063,0x0062,0x0083,0x0063,0x0050,0x0051,0x0052,0x0052,0x0054,0x0050,0x0053,0x0050,0x0054,0x0054,0x0055,0x0053,
  0x0057,0x0053,0x0055,0x0055,0x0056,0x0057,0x0059,0x0057,0x0056,0x0056,0x005a,0x0059,0x0058,0x0059,0x005a,0x0051,
  0x005b,0x005c,0x005c,0x0052,0x0051,0x0082,0x005c,0x005b,0x005d,0x005e,0x005f,0x005d,0x005f,0x0060,0x0064,0x005d,
  0x0060,0x0064,0x0060,0x0065,0x005e,0x0066,0x0067,0x005e,0x0067,0x005f,0x0066,0x007b,0x0067,0x0066,0x007a,0x007b,
  0x007a,0x0079,0x007b,0x007a,0x0076,0x0079,0x0076,0x0078,0x0079,0x0076,0x0077,0x0078,0x0068,0x0069,0x006a,0x0068,
  0x006a,0x006b,0x006c,0x0068,0x006b,0x006c,0x006b,0x006d,0x0070,0x006c,0x006d,0x0070,0x006d,0x0071,0x0073,0x0070,
  0x0071,0x0073,0x0071,0x0074,0x0072,0x0073,0x0074,0x0072,0x0074,0x0075,0x0069,0x006e,0x006f,0x0069,0x006f,0x006a,
  0x007c,0x007d,0x007e,0x007d,0x007c,0x007f,0x007d,0x007f,0x0080,0x0080,0x007f,0x0081,0x0096,0x0097,0x0098,0x0096,
  0x0098,0x0099,0x009a,0x009b,0x009c,0x009f,0x009a,0x009c,0x009d,0x009e,0x009c,0x009e,0x00a0,0x009c,0x00a0,0x00a1,
  0x009c,0x009b,0x00a2,0x009c,0x00a6,0x00a7,0x00a8,0x00a6,0x00a8,0x00a9,0x00a5,0x00a6,0x00a9,0x00a5,0x00a9,0x00ad,
  0x00ad,0x00a9,0x0004,0x00ad,0x0004,0x000c,0x00ab,0x00ad,0x000c,0x00ab,0x000c,0x0009,0x00a9,0x00a8,0x0005,0x00a9,
  0x0005,0x0004,0x00b0,0x00b1,0x00b2,0x00c7,0x00b2,0x00b1,0x00b3,0x00b4,0x00b5,0x00b5,0x00b7,0x00b3,0x00b6,0x00b3,
  0x00b7,0x00b7,0x00b8,0x00b6,0x00ba,0x00b6,0x00b8,0x00b8,0x00b9,0x00ba,0x00bc,0x00ba,0x00b9,0x00b9,0x00bd,0x00bc,
  0x00bb,0x00bc,0x00bd,0x00b4,0x00be,0x00bf,0x00bf,0x00b5,0x00b4,0x00e6,0x00bf,0x00be,0x00c0,0x00c1,0x00c2,0x00c0,
  0x00c2,0x00c3,0x00c8,0x00c0,0x00c3,0x00c8,0x00c3,0x00c9,0x00c4,0x00c5,0x00c6,0x00c5,0x00e7,0x00c6,0x00c1,0x00ca,
  0x00cb,0x00c1,0x00cb,0x00c2,0x00ca,0x00df,0x00cb,0x00ca,0x00de,0x00df,0x00de,0x00dd,0x00df,0x00de,0x00da,0x00dd,
  0x00da,0x00dc,0x00dd,0x00da,0x00db,0x00dc,0x00cc,0x00cd,0x00ce,0x00cc,0x00ce,0x00cf,0x00d0,0x00cc,0x00cf,0x00d0,
  0x00cf,0x00d1,0x00d4,0x00d0,0x00d1,0x00d4,0x00d1,0x00d5,0x00d7,0x00d4,0x00d5,0x00d7,0x00d5,0x00d8,0x00d6,0x00d7,
  0x00d8,0x00d6,0x00d8,0x00d9,0x00cd,0x00d2,0x00d3,0x00cd,0x00d3,0x00ce,0x00e0,0x00e1,0x00e2,0x00e1,0x00e0,0x00e3,
  0x00e4,0x00e3,0x00e0,0x00e3,0x00e4,0x00e5,
};
const u16 spr_c_m1_vtx[] = {
  0x0472,0x0495,0x01c6,0x0527,0x03e6,0x01f8,0xfff6,0x03cb,0x05b4,0xfffe,0x0486,0x0504,0xfa1b,0x0140,0x01eb,0xfad5,
  0x01ed,0x01c7,0xfcc6,0x02c4,0xfbbe,0xfc5b,0x022c,0xfb0d,0xfad5,0x01ed,0x01c7,0xfb8b,0x014b,0x0174,0xfd3e,0x020e,
  0xfc44,0xfcc6,0x02c4,0xfbbe,0xfad1,0x009e,0x0197,0xfcd3,0x0175,0xfb94,0xfffe,0x0460,0x0684,0xfa1b,0x050b,0x0249,
  0xfad1,0x0469,0x01f6,0x032a,0x0306,0xfbbb,0x03a2,0x026d,0xfb14,0x02bf,0x024e,0xfc4b,0x032a,0x0306,0xfbbb,0x0337,
  0x01b5,0xfba4,0x052c,0x02b0,0x01cb,0x05e1,0x0202,0x01fd,0x0472,0x020d,0x0187,0x052c,0x02b0,0x01cb,0x0527,0x015f,
  0x01b9,0xfcc6,0x054c,0xfbfd,0xfd3e,0x0495,0xfc83,0x02bf,0x04d6,0xfc8a,0x032a,0x058d,0xfbfa,0xfad1,0x0326,0x01d6,
  0xfa1b,0x03c7,0x0229,0xfc5b,0x04b3,0xfb4c,0xfcd3,0x03fd,0xfbd3,0xfcc6,0x054c,0xfbfd,0x032a,0x058d,0xfbfa,0x03a2,
  0x04f4,0xfb53,0x05e1,0x0346,0x021d,0x052c,0x03f4,0x01ea,0x0006,0x03d7,0x05b5,0xfffe,0x031d,0x0665,0x052c,0x0538,
  0x020a,0x0527,0x02a3,0x01d9,0xfff6,0x0287,0x0594,0x052c,0x0538,0x020a,0x05e1,0x0489,0x023c,0xfad5,0x0474,0x0206,
  0x0006,0x051b,0x05d4,0x0006,0x051b,0x05d4,0x0006,0x0293,0x0596,0xfffe,0x01d9,0x0645,0xfffe,0x01fe,0x04c5,0x0006,
  0x0293,0x0596,0xfff6,0x0143,0x0575,0x0337,0x043c,0xfbe3,0xfad5,0x0330,0x01e6,0xfa1b,0x0283,0x020a,0xfb8b,0x028f,
  0x0193,0xfad5,0x0330,0x01e6,0xfad1,0x01e2,0x01b7,0x0472,0x0351,0x01a6,0xfffe,0x0342,0x04e5,0x052c,0x03f4,0x01ea,
  0x0006,0x03d7,0x05b5,0xfcc6,0x0408,0xfbdd,0xfc5b,0x0370,0xfb2d,0xfd3e,0x0351,0xfc64,0xfcc6,0x0408,0xfbdd,0xfcd3,
  0x02b9,0xfbb3,0xfad5,0x0474,0x0206,0xfb8b,0x03d3,0x01b3,0x032a,0x044a,0xfbda,0x03a2,0x03b0,0xfb33,0x02bf,0x0392,
  0xfc6a,0x032a,0x044a,0xfbda,0x0337,0x02f9,0xfbc3,0xfb24,0x07d2,0x09ae,0x0497,0x07ab,0x09ee,0xf62f,0x08d2,0x01b2,
  0xf58b,0x086a,0x0145,0xfac6,0x096f,0xf849,0xf58b,0x055b,0x00e3,0xfac6,0x0749,0x0a41,0xfac6,0x043b,0x09df,0x053a,
  0x043b,0x09df,0x0a75,0x055b,0x00e3,0x053a,0x0749,0x0a41,0x053a,0x098a,0xf849,0x0a75,0x086a,0x0145,0x053a,0x067b,
  0xf7e7,0x053a,0x098a,0xf849,0xfac6,0x067b,0xf7e7,0x0a75,0x055b,0x00e3,0x053a,0x043b,0x09df,0x0497,0x03d2,0x0973,
  0x09d1,0x04f3,0x0077,0x04dc,0x09cc,0xf8f6,0xfb69,0x09d8,0xf8b6,0x09d1,0x08e9,0x00f6,0x053a,0x067b,0xf7e7,0x04dc,
  0x05f3,0xf87b,0xfac6,0x043b,0x09df,0xfb24,0x03db,0x092e,0xf62f,0x08d2,0x01b2,0xfb69,0x09d8,0xf8b6,0xfac6,0x096f,
  0xf849,0xf58b,0x086a,0x0145,0xfb24,0x07d2,0x09ae,0xfac6,0x0749,0x0a41,0x04dc,0x09cc,0xf8f6,0x053a,0x098a,0xf849,
  0x0497,0x07ab,0x09ee,0x053a,0x0749,0x0a41,0x04dc,0x09cc,0xf8f6,0x09d1,0x08e9,0x00f6,0x0a75,0x086a,0x0145,0x053a,
  0x098a,0xf849,0xfac6,0x067b,0xf7e7,0x053a,0x067b,0xf7e7,0x04dc,0x05f3,0xf87b,0xfb69,0x05fb,0xf836,0xf58b,0x055b,
  0x00e3,0xf62f,0x04db,0x0132,0xf62f,0x04db,0x0132,0x0497,0x03d2,0x0973,0xfb24,0x03db,0x092e,0xfb69,0x05fb,0xf836,
  0x09d1,0x04f3,0x0077,0x04dc,0x05f3,0xf87b,0x053a,0x067b,0xf7e7,0xf62f,0x08d2,0x01b2,0xfd3e,0x05d9,0xfca3,0xfcd3,
  0x0540,0xfbf2,0x0337,0x0580,0xfc02,0x02bf,0x061a,0xfca9,0xfc5b,0x05f7,0xfb6c,0x03a2,0x0638,0xfb72,0xfcc6,0x068f,
  0xfc1c,0x032a,0x06d1,0xfc19,0x0548,0x066a,0x023b,0x05f9,0x05ba,0x0279,0xfad5,0x05b8,0x0225,0xfad5,0x05b8,0x0225,
  0xfb8b,0x0516,0x01d2,0xfcc6,0x068f,0xfc1c,0x0542,0x0518,0x0229,0x0491,0x05c8,0x01ec,0x032a,0x06d1,0xfc19,0x0548,
  0x066a,0x023b,0x0548,0x066a,0x023b,0x0491,0x05c8,0x01ec,0x0542,0x0518,0x0229,0x05f9,0x05ba,0x0279,0x02b6,0xfbc4,
  0x03e3,0xfd4a,0xfbc4,0x03e3,0x0000,0xf136,0xfefa,0xfb26,0xfc24,0x0009,0xfd4a,0xfc84,0xfc30,0x04da,0xfc24,0x0009,
  0x02b6,0xfc84,0xfc30,0x04da,0xfc24,0x0009,0xfb26,0xfc24,0x0009,0x0472,0x00da,0x0165,0x05de,0x00be,0x01dc,0x0525,
  0x002c,0x0193,0x05de,0x00be,0x01dc,0x052d,0x016d,0x01ac,0x0006,0x0150,0x0576,0xfffe,0x0095,0x0626,0x052d,0x016d,
  0x01ac,0xfffe,0x00ba,0x04a6,0x0006,0x0150,0x0576,0xfff6,0x0000,0x0555,0x0472,0x00da,0x0165,0x052d,0x016d,0x01ac,
  0xfcbd,0x008d,0x0624,0x0315,0x0073,0x0651,0xf969,0x0112,0x00c4,0xf8fb,0x0096,0x0078,0xfc7d,0x012c,0xfa6b,0xf8fb,
  0xfc8c,0x0013,0xfc7d,0xffff,0x0685,0xfc7d,0xfbf5,0x0620,0x0383,0xfbf5,0x0620,0x0705,0xfc8c,0x0013,0x0383,0xffff,
  0x0685,0x0383,0x012c,0xfa6b,0x0705,0x0096,0x0078,0x0383,0xfd22,0xfa06,0x0383,0x012c,0xfa6b,0xfc7d,0xfd22,0xfa06,
  0x0705,0xfc8c,0x0013,0x0383,0xfbf5,0x0620,0x0315,0xfb33,0x05ce,0x0697,0xfbc9,0xffc1,0x0343,0x0190,0xfae3,0xfceb,
  0x01a9,0xfab7,0x0697,0x011f,0x0046,0x0697,0x011f,0x0046,0x0383,0xfd22,0xfa06,0x0343,0xfc4f,0xfa60,0xfc7d,0xfbf5,
  0x0620,0xfcbd,0xfb37,0x05a0,0xf969,0x0112,0x00c4,0xfceb,0x01a9,0xfab7,0xfc7d,0x012c,0xfa6b,0xf8fb,0x0096,0x0078,
  0xfcbd,0x008d,0x0624,0xfc7d,0xffff,0x0685,0x0343,0x0190,0xfae3,0x0383,0x012c,0xfa6b,0x0315,0x0073,0x0651,0x0383,
  0xffff,0x0685,0x0343,0x0190,0xfae3,0x0697,0x011f,0x0046,0x0705,0x0096,0x0078,0x0383,0x012c,0xfa6b,0xfc7d,0xfd22,
  0xfa06,0x0383,0xfd22,0xfa06,0x0343,0xfc4f,0xfa60,0xfceb,0xfc54,0xfa32,0xf8fb,0xfc8c,0x0013,0xf969,0xfbbd,0x003f,
  0xf969,0xfbbd,0x003f,0x0315,0xfb33,0x05ce,0xfcbd,0xfb37,0x05a0,0x0697,0xfbc9,0xffc1,0xfceb,0xfc54,0xfa32,0x0343,
  0xfc4f,0xfa60,0x0383,0xfd22,0xfa06,0xf969,0x0112,0x00c4,
};
const u16 spr_c_m1_uv[] = {
  0x0f35,0x0f16,0x0f35,0x0e37,0x0c05,0x0e37,0x0c05,0x0f16,0x38ab,0x0f1b,0x38ab,0x0ff9,0x357a,0x0ff9,0x357a,0x0f1b,
  0x38ae,0x0ff4,0x38ae,0x0f16,0x357d,0x0f16,0x357d,0x0ff4,0x38ae,0x0e37,0x357d,0x0e37,0x0c02,0x0f1b,0x08d1,0x0f1b,
  0x08d4,0x0e37,0x324a,0x0ff9,0x324a,0x0f1b,0x324c,0x0f16,0x324c,0x0ff4,0x324c,0x0e37,0x2f19,0x0ff9,0x2f19,0x0f1b,
  0x2f1c,0x0f16,0x2f1c,0x0ff4,0x2f1c,0x0e37,0x1597,0x0ff4,0x1597,0x0f16,0x1266,0x0f16,0x1266,0x0ff4,0x18c7,0x0e37,
  0x18c4,0x0f1b,0x1594,0x0f1b,0x1597,0x0e37,0x1594,0x0ff9,0x1263,0x0ff9,0x1263,0x0f1b,0x1f25,0x0f1b,0x1f25,0x0ff9,
  0x1bf5,0x0ff9,0x1bf5,0x0f1b,0x0f35,0x0ff4,0x1f29,0x0e37,0x1bf8,0x0e37,0x0f32,0x0ff9,0x0f32,0x0f1b,0x18c4,0x0ff9,
  0x0c05,0x0ff4,0x0c02,0x0ff9,0x2be8,0x0ff9,0x2be8,0x0f1b,0x2beb,0x0f16,0x2beb,0x0ff4,0x2beb,0x0e37,0x1266,0x0e37,
  0x28b7,0x0ff9,0x28b7,0x0f1b,0x28bb,0x0f16,0x28bb,0x0ff4,0x28bb,0x0e37,0x1f29,0x0f16,0x1bf8,0x0f16,0x1f29,0x0ff4,
  0x1bf8,0x0ff4,0x2587,0x0ff9,0x2587,0x0f1b,0x258a,0x0f16,0x258a,0x0ff4,0x258a,0x0e37,0x18c7,0x0ff4,0x18c7,0x0f16,
  0x2256,0x0ff9,0x2256,0x0f1b,0x2259,0x0f16,0x2259,0x0ff4,0x2259,0x0e37,0x0756,0x01a3,0x0754,0x03cc,0x0493,0x004e,
  0x0a9e,0x0261,0x0949,0x0261,0x0a9e,0x008d,0x0be8,0x0261,0x0be8,0x008d,0x0d32,0x008d,0x0e86,0x008d,0x0d32,0x0261,
  0x0fd0,0x0261,0x0e86,0x0261,0x0fd0,0x008d,0x07ff,0x0261,0x0949,0x008d,0x0e86,0x008d,0x0d32,0x008d,0x0d32,0x0048,
  0x0e86,0x0048,0x0754,0x03cc,0x0756,0x01a3,0x0495,0x0521,0x0fd0,0x008d,0x0fd0,0x0048,0x0be8,0x008d,0x0be7,0x0048,
  0x0a9e,0x02a1,0x0949,0x02a1,0x0949,0x0261,0x0a9e,0x0261,0x0be8,0x02a1,0x0be8,0x0261,0x07ff,0x02a1,0x07ff,0x0261,
  0x0d32,0x02a1,0x0d32,0x0261,0x0fd0,0x02a1,0x0e86,0x02a1,0x0e86,0x0261,0x0fd0,0x0261,0x0949,0x008d,0x07ff,0x008d,
  0x07ff,0x0048,0x0949,0x0048,0x0a9e,0x008d,0x0a9e,0x0048,0x05d9,0x081e,0x0977,0x05ff,0x070f,0x0602,0x0718,0x0a50,
  0x0ab7,0x0831,0x0980,0x0a4d,0x07ff,0x008d,0x0498,0x004e,0x05a4,0x0f16,0x05a4,0x0e37,0x0273,0x0e37,0x0273,0x0f16,
  0x05a0,0x0f1b,0x0270,0x0f1b,0x05a0,0x0ff9,0x0270,0x0ff9,0x000b,0x0ff9,0x000b,0x0f1b,0x08d1,0x0ff9,0x08d4,0x0ff4,
  0x08d4,0x0f16,0x05a4,0x0ff4,0x000e,0x0e37,0x000e,0x0f16,0x0273,0x0ff4,0x000e,0x0ff4,0x3fd8,0x0f1b,0x3fd8,0x0f1b,
  0x3fd8,0x0f1b,0x3fd8,0x0f1b,0x0fde,0x08fc,0x0fde,0x0743,0x0b13,0x0814,0x0fde,0x05e7,0x0fde,0x0743,0x0fde,0x0a58,
  0x0fde,0x08fc,0x0fde,0x0a58,0x0fde,0x05e7,0x3e43,0x0f16,0x3eef,0x0f1b,0x3e43,0x0e37,0x3eef,0x0f1b,0x3f0c,0x0ff9,
  0x3bdb,0x0ff9,0x3bdb,0x0f1b,0x3f0f,0x0ff4,0x3bde,0x0f16,0x3bde,0x0ff4,0x3bde,0x0e37,0x3fd8,0x0f1b,0x3fd8,0x0f1b,
  0x0196,0x05dd,0x042c,0x05d9,0x0048,0x0821,0x0556,0x0dbe,0x02a6,0x0dbe,0x0556,0x0b7b,0x07f1,0x0dbe,0x07f0,0x0b7b,
  0x0a8b,0x0b7b,0x0d3b,0x0b7b,0x0a8b,0x0dbe,0x0fd6,0x0dbe,0x0d3b,0x0dbe,0x0fd6,0x0b7b,0x000b,0x0dbe,0x02a6,0x0b7b,
  0x0d3b,0x0b7b,0x0a8b,0x0b7b,0x0a8b,0x0b25,0x0d3b,0x0b25,0x0196,0x05dd,0x042c,0x05d9,0x0048,0x0821,0x0583,0x0835,
  0x0fd6,0x0b7b,0x0fd6,0x0b25,0x07f0,0x0b7b,0x07f0,0x0b25,0x0556,0x0e0d,0x02a6,0x0e0d,0x02a6,0x0dbe,0x0556,0x0dbe,
  0x07f1,0x0e0d,0x07f1,0x0dbe,0x000b,0x0e0d,0x000b,0x0dbe,0x0a8b,0x0e0d,0x0a8b,0x0dbe,0x0fd6,0x0e0d,0x0d3b,0x0e0d,
  0x0d3b,0x0dbe,0x0fd6,0x0dbe,0x02a6,0x0b7b,0x000b,0x0b7b,0x000b,0x0b25,0x02a6,0x0b25,0x0556,0x0b7b,0x0556,0x0b25,
  0x0048,0x0821,0x042c,0x05d9,0x0196,0x05dd,0x0583,0x0835,0x019f,0x0a7c,0x0435,0x0a79,0x000b,0x0b7b,0x0583,0x0835,
};
const u16 spr_c_m1_col[] = {
  0x7fff,0x7fff,0x7fff,0x7fff,0x7fff,0x7fff,0x7fff,0x7fff,0x7fff,0x7fff,0x7fff,0x7fff,0x7fff,0x7fff,0x7fff,0x7fff,
  0x7fff,0x7fff,0x7fff,0x7fff,0x7fff,0x7fff,0x7fff,0x7fff,0x7fff,0x7fff,0x7fff,0x7fff,0x7fff,0x7fff,0x7fff,0x7fff,
  0x7fff,0x7fff,0x7fff,0x7fff,0x7fff,0x7fff,0x7fff,0x7fff,0x7fff,0x7fff,0x7fff,0x7fff,0x7fff,0x7fff,0x7fff,0x7fff,
  0x7fff,0x7fff,0x7fff,0x7fff,0x7fff,0x7fff,0x7fff,0x7fff,0x7fff,0x7fff,0x7fff,0x7fff,0x7fff,0x7fff,0x7fff,0x7fff,
  0x7fff,0x7fff,0x7fff,0x7fff,0x7fff,0x7fff,0x7fff,0x7fff,0x7fff,0x7fff,0x7fff,0x7fff,0x7fff,0x7fff,0x7fff,0x7fff,
  0x7fff,0x7fff,0x7fff,0x7fff,0x7fff,0x7fff,0x7fff,0x7fff,0x7fff,0x7fff,0x7fff,0x7fff,0x7fff,0x7fff,0x7fff,0x7fff,
  0x7fff,0x7fff,0x7fff,0x7fff,0x7fff,0x7fff,0x7fff,0x7fff,0x7fff,0x7fff,0x7fff,0x7fff,0x7fff,0x7fff,0x7fff,0x7fff,
  0x7fff,0x7fff,0x7fff,0x7fff,0x7fff,0x7fff,0x7fff,0x7fff,0x7fff,0x7fff,0x7fff,0x7fff,0x7fff,0x7fff,0x7fff,0x7fff,
  0x7fff,0x7fff,0x7fff,0x7fff,0x7fff,0x7fff,0x7fff,0x7fff,0x7fff,0x7fff,0x7fff,0x7fff,0x7fff,0x7fff,0x7fff,0x7fff,
  0x7fff,0x7fff,0x7fff,0x7fff,0x7fff,0x7fff,0x7fff,0x7fff,0x7fff,0x7fff,0x7fff,0x7fff,0x7fff,0x7fff,0x7fff,0x7fff,
  0x7fff,0x7fff,0x7fff,0x7fff,0x7fff,0x7fff,0x7fff,0x7fff,0x7fff,0x7fff,0x7fff,0x7fff,0x7fff,0x7fff,0x7fff,0x7fff,
  0x7fff,0x7fff,0x7fff,0x7fff,0x7fff,0x7fff,0x7fff,0x7fff,0x7fff,0x7fff,0x7fff,0x7fff,0x7fff,0x7fff,0x7fff,0x7fff,
  0x7fff,0x7fff,0x7fff,0x7fff,0x7fff,0x7fff,0x7fff,0x7fff,0x7fff,0x7fff,0x7fff,0x7fff,0x7fff,0x7fff,0x7fff,0x7fff,
  0x7fff,0x7fff,0x7fff,0x7fff,0x7fff,0x7fff,0x7fff,0x7fff,0x7fff,0x7fff,0x7fff,0x7fff,0x7fff,0x7fff,0x7fff,0x7fff,
  0x7fff,0x7fff,0x7fff,0x7fff,0x7fff,0x7fff,0x7fff,0x7fff,
};
const u16 spr_c_m1_idx[] = {
  0x0000,0x0001,0x0002,0x0000,0x0002,0x0003,0x002a,0x0000,0x0003,0x001e,0x0000,0x002a,0x001e,0x001d,0x0000,0x001b,
  0x001d,0x001e,0x001b,0x001c,0x001d,0x0046,0x001c,0x001b,0x0046,0x0047,0x001c,0x0040,0x0047,0x0046,0x0040,0x003e,
  0x0047,0x003f,0x003e,0x0040,0x003f,0x003d,0x003e,0x004b,0x003d,0x003f,0x004b,0x004a,0x003d,0x0044,0x004a,0x004b,
  0x0044,0x0043,0x004a,0x003b,0x0043,0x0044,0x003b,0x003a,0x0043,0x0035,0x003a,0x003b,0x0035,0x0034,0x003a,0x0019,
  0x0034,0x0035,0x0019,0x0018,0x0034,0x0014,0x0018,0x0019,0x0014,0x0013,0x0018,0x000b,0x0013,0x0014,0x000b,0x000a,
  0x0013,0x0008,0x000a,0x000b,0x0008,0x0009,0x000a,0x00ac,0x0009,0x0008,0x00ac,0x00ab,0x0009,0x00aa,0x00ab,0x00ac,
  0x00aa,0x00a3,0x00ab,0x00a3,0x00ad,0x00ab,0x00a3,0x00a5,0x00ad,0x00a3,0x00a4,0x00a5,0x00ae,0x00af,0x00a4,0x0004,
  0x0005,0x0006,0x0004,0x0006,0x0007,0x000c,0x0004,0x0007,0x000c,0x0007,0x000d,0x0009,0x000c,0x000d,0x0009,0x000d,
  0x000a,0x000a,0x000d,0x0015,0x000a,0x0015,0x0013,0x0013,0x0015,0x001a,0x0013,0x001a,0x0018,0x0018,0x001a,0x0036,
  0x0018,0x0036,0x0034,0x0034,0x0036,0x003c,0x0034,0x003c,0x003a,0x003a,0x003c,0x0045,0x003a,0x0045,0x0043,0x0043,
  0x0045,0x004c,0x0043,0x004c,0x004a,0x004a,0x004c,0x002b,0x004a,0x002b,0x003d,0x003d,0x002b,0x002c,0x003d,0x002c,
  0x003e,0x003e,0x002c,0x001f,0x003e,0x001f,0x0047,0x0047,0x001f,0x0022,0x0047,0x0022,0x001c,0x001c,0x0022,0x0037,
  0x001c,0x0037,0x001d,0x001d,0x0037,0x0001,0x001d,0x0001,0x0000,0x0001,0x000e,0x0002,0x0001,0x002e,0x000e,0x0037,
  0x002e,0x0001,0x0037,0x0025,0x002e,0x0022,0x0025,0x0037,0x0022,0x0021,0x0025,0x001f,0x0021,0x0022,0x001f,0x0020,
  0x0021,0x002c,0x0020,0x001f,0x002c,0x0029,0x0020,0x002b,0x0029,0x002c,0x002b,0x0026,0x0029,0x004c,0x0026,0x002b,
  0x004c,0x0049,0x0026,0x0045,0x0049,0x004c,0x0045,0x0042,0x0049,0x003c,0x0042,0x0045,0x003c,0x0039,0x0042,0x0036,
  0x0039,0x003c,0x0036,0x0033,0x0039,0x001a,0x0033,0x0036,0x001a,0x0017,0x0033,0x0015,0x0017,0x001a,0x0015,0x0012,
  0x0017,0x000d,0x0012,0x0015,0x000d,0x0007,0x0012,0x0007,0x0011,0x0012,0x0007,0x0006,0x0011,0x0012,0x0011,0x0016,
  0x0012,0x0016,0x0017,0x0017,0x0016,0x0032,0x0017,0x0032,0x0033,0x0033,0x0032,0x0038,0x0033,0x0038,0x0039,0x0039,
  0x0038,0x0041,0x0039,0x0041,0x0042,0x0042,0x0041,0x0048,0x0042,0x0048,0x0049,0x0049,0x0048,0x0027,0x0049,0x0027,
  0x0026,0x0026,0x0027,0x0028,0x0026,0x0028,0x0029,0x0029,0x0028,0x002f,0x0029,0x002f,0x0020,0x0020,0x002f,0x0023,
  0x0020,0x0023,0x0021,0x0021,0x0023,0x0024,0x0021,0x0024,0x0025,0x0025,0x0024,0x002d,0x0025,0x002d,0x002e,0x002e,
  0x002d,0x0031,0x002e,0x0031,0x000e,0x000e,0x0031,0x008e,0x000e,0x008e,0x000f,0x0002,0x000e,0x000f,0x0002,0x000f,
  0x0010,0x0003,0x0002,0x0010,0x0003,0x0010,0x0090,0x0030,0x0003,0x0090,0x002a,0x0003,0x0030,0x0030,0x0090,0x008f,
  0x008f,0x0090,0x0084,0x008f,0x0084,0x0091,0x0091,0x0084,0x0087,0x0091,0x0087,0x0094,0x0094,0x0087,0x0093,0x0094,
  0x0093,0x0095,0x0087,0x0092,0x0093,0x0087,0x0086,0x0092,0x0084,0x0086,0x0087,0x0084,0x0085,0x0086,0x0090,0x0085,
  0x0084,0x0090,0x0010,0x0085,0x0010,0x0088,0x0085,0x0010,0x000f,0x0088,0x000f,0x008a,0x0088,0x000f,0x008e,0x008a,
  0x0088,0x008a,0x008b,0x0088,0x008b,0x0089,0x0085,0x0088,0x0089,0x0085,0x0089,0x0086,0x0086,0x0089,0x008d,0x0086,
  0x008d,0x0092,0x0089,0x008c,0x008d,0x0089,0x008b,0x008c,0x004d,0x004e,0x004f,0x0063,0x004f,0x004e,0x0061,0x0062,
  0x0063,0x0062,0x0083,0x0063,0x0050,0x0051,0x0052,0x0052,0x0054,0x0050,0x0053,0x0050,0x0054,0x0054,0x0055,0x0053,
  0x0057,0x0053,0x0055,0x0055,0x0056,0x0057,0x0059,0x0057,0x0056,0x0056,0x005a,0x0059,0x0058,0x0059,0x005a,0x0051,
  0x005b,0x005c,0x005c,0x0052,0x0051,0x0082,0x005c,0x005b,0x005d,0x005e,0x005f,0x005d,0x005f,0x0060,0x0064,0x005d,
  0x0060,0x0064,0x0060,0x0065,0x005e,0x0066,0x0067,0x005e,0x0067,0x005f,0x0066,0x007b,0x0067,0x0066,0x007a,0x007b,
  0x007a,0x0079,0x007b,0x007a,0x0076,0x0079,0x0076,0x0078,0x0079,0x0076,0x0077,0x0078,0x0068,0x0069,0x006a,0x0068,
  0x006a,0x006b,0x006c,0x0068,0x006b,0x006c,0x006b,0x006d,0x0070,0x006c,0x006d,0x0070,0x006d,0x0071,0x0073,0x0070,
  0x0071,0x0073,0x0071,0x0074,0x0072,0x0073,0x0074,0x0072,0x0074,0x0075,0x0069,0x006e,0x006f,0x0069,0x006f,0x006a,
  0x007c,0x007d,0x007e,0x007d,0x007c,0x007f,0x007d,0x007f,0x0080,0x0080,0x007f,0x0081,0x0096,0x0097,0x0098,0x0096,
  0x0098,0x0099,0x009a,0x009b,0x009c,0x009f,0x009a,0x009c,0x009d,0x009e,0x009c,0x009e,0x00a0,0x009c,0x00a0,0x00a1,
  0x009c,0x009b,0x00a2,0x009c,0x00a6,0x00a7,0x00a8,0x00a6,0x00a8,0x00a9,0x00a5,0x00a6,0x00a9,0x00a5,0x00a9,0x00ad,
  0x00ad,0x00a9,0x0004,0x00ad,0x0004,0x000c,0x00ab,0x00ad,0x000c,0x00ab,0x000c,0x0009,0x00a9,0x00a8,0x0005,0x00a9,
  0x0005,0x0004,0x00b0,0x00b1,0x00b2,0x00c7,0x00b2,0x00b1,0x00b3,0x00b4,0x00b5,0x00b5,0x00b7,0x00b3,0x00b6,0x00b3,
  0x00b7,0x00b7,0x00b8,0x00b6,0x00ba,0x00b6,0x00b8,0x00b8,0x00b9,0x00ba,0x00bc,0x00ba,0x00b9,0x00b9,0x00bd,0x00bc,
  0x00bb,0x00bc,0x00bd,0x00b4,0x00be,0x00bf,0x00bf,0x00b5,0x00b4,0x00e6,0x00bf,0x00be,0x00c0,0x00c1,0x00c2,0x00c0,
  0x00c2,0x00c3,0x00c8,0x00c0,0x00c3,0x00c8,0x00c3,0x00c9,0x00c4,0x00c5,0x00c6,0x00c5,0x00e7,0x00c6,0x00c1,0x00ca,
  0x00cb,0x00c1,0x00cb,0x00c2,0x00ca,0x00df,0x00cb,0x00ca,0x00de,0x00df,0x00de,0x00dd,0x00df,0x00de,0x00da,0x00dd,
  0x00da,0x00dc,0x00dd,0x00da,0x00db,0x00dc,0x00cc,0x00cd,0x00ce,0x00cc,0x00ce,0x00cf,0x00d0,0x00cc,0x00cf,0x00d0,
  0x00cf,0x00d1,0x00d4,0x00d0,0x00d1,0x00d4,0x00d1,0x00d5,0x00d7,0x00d4,0x00d5,0x00d7,0x00d5,0x00d8,0x00d6,0x00d7,
  0x00d8,0x00d6,0x00d8,0x00d9,0x00cd,0x00d2,0x00d3,0x00cd,0x00d3,0x00ce,0x00e0,0x00e1,0x00e2,0x00e1,0x00e0,0x00e3,
  0x00e4,0x00e3,0x00e0,0x00e3,0x00e4,0x00e5,
};
const R3DMesh spr_c_meshes[2] = {
  { spr_c_m0_vtx, spr_c_m0_uv, spr_c_m0_idx, 258, 0, spr_c_m0_col },
  { spr_c_m1_vtx, spr_c_m1_uv, spr_c_m1_idx, 258, 0, spr_c_m1_col },
};
const R3DTexture spr_c_texs[1] = {
  { spr_c_tex0_pal, spr_c_tex0_px, 7, 7 },
};
const R3DModel spr_c = { spr_c_meshes, 2, spr_c_texs, 1 };
